decision_date,ticker,outcome_date,status,outcome,outcome_exclusion,friday_close,friday_high,closing_breakout,intraday_breakout,friday_return,spy_friday_return,friday_excess
2025-09-25,APP,2025-09-26,completed,neutral,,669.8599853515625,671.1799926757812,False,True,0.046803477776500735,0.005729103921045642,0.04107437385545509
2025-09-25,AAPL,2025-09-26,completed,stall,,254.51980590820312,256.6519291955366,False,True,-0.005489118202509746,0.005729103921045642,-0.011218222123555388
2025-09-25,NWS,2025-09-26,completed,neutral,,33.405948638916016,33.62448036095912,False,False,0.006584801954785169,0.005729103921045642,0.000855698033739527
2025-09-25,HOOD,2025-09-26,completed,stall,,121.77999877929688,125.05999755859375,False,False,-0.007093377380826715,0.005729103921045642,-0.012822481301872357
2025-09-25,AMAT,2025-09-26,completed,neutral,,202.79832458496094,204.07128265794574,False,True,0.02164326895012114,0.005729103921045642,0.0159141650290755
2025-09-25,IR,2025-09-26,completed,neutral,,82.21839141845703,82.49711408133454,False,True,0.022360282152273925,0.005729103921045642,0.016631178231228283
2025-09-25,WDAY,2025-09-26,completed,continuation,,246.6699981689453,249.0500030517578,True,True,0.01614829317794153,0.005729103921045642,0.010419189256895889
2025-09-25,IT,2025-09-26,completed,continuation,,264.0899963378906,265.8500061035156,True,True,0.0064405582344371215,0.005729103921045642,0.0007114543133914797
2025-09-25,STLD,2025-09-26,completed,neutral,,137.97964477539062,138.47373501370006,False,True,0.026012273614044457,0.005729103921045642,0.020283169692998815
2025-09-25,FDX,2025-09-26,completed,continuation,,188.438720703125,191.75078384340665,True,True,0.005921565043461641,0.005729103921045642,0.0001924611224159989
2025-09-25,ALL,2025-09-26,completed,continuation,,208.72210693359375,210.1838342033124,True,True,0.014011926349653647,0.005729103921045642,0.008282822428608005
2025-09-25,IRM,2025-09-26,completed,neutral,,97.64456176757812,98.64103238207812,False,False,0.0012896276509186677,0.005729103921045642,-0.004439476270126974
2025-09-25,CFG,2025-09-26,completed,neutral,,51.821067810058594,52.10259570676394,False,False,0.009264568589828714,0.005729103921045642,0.0035354646687830726
2025-09-25,AMP,2025-09-26,completed,neutral,,492.7479553222656,498.9357904751934,False,True,0.01492017097240561,0.005729103921045642,0.009191067051359969
2025-09-25,DASH,2025-09-26,completed,neutral,,262.4700012207031,264.20001220703125,False,False,0.0014881512073412484,0.005729103921045642,-0.004240952713704393
2025-09-25,HCA,2025-09-26,completed,continuation,,416.2328796386719,419.58992175627066,True,True,0.010098976097840717,0.005729103921045642,0.0043698721767950754
2025-09-25,LULU,2025-09-26,completed,neutral,,176.3000030517578,176.7100067138672,False,False,0.024940460914620877,0.005729103921045642,0.019211356993575235
2025-09-25,MTB,2025-09-26,completed,neutral,,194.56484985351562,196.02306548092793,False,False,0.00679116102086752,0.005729103921045642,0.0010620570998218781
2025-09-25,NWSA,2025-09-26,completed,neutral,,30.221595764160156,30.320844151227483,False,False,0.008946325865411442,0.005729103921045642,0.0032172219443658
2025-09-25,KLAC,2025-09-26,completed,neutral,,105.85794067382812,106.29259236614705,False,False,0.004900360684681582,0.005729103921045642,-0.0008287432363640601
2025-09-25,UNP,2025-09-26,completed,continuation,,230.3452911376953,230.639101899583,True,True,0.013793136331956557,0.005729103921045642,0.008064032410910915
2025-09-25,WTW,2025-09-26,completed,neutral,,337.67462158203125,339.24501378042913,False,False,0.01141919978764161,0.005729103921045642,0.005690095866595968
2025-09-25,TXT,2025-09-26,completed,neutral,,83.41365814208984,84.12300803343892,False,False,0.013843309152246297,0.005729103921045642,0.008114205231200655
2025-09-25,DOC,2025-09-26,completed,neutral,,17.724918365478516,17.76235126593662,False,True,0.021574964374447392,0.005729103921045642,0.01584586045340175
2025-09-25,BNY,2025-09-26,completed,neutral,,107.5634765625,108.30001092131461,False,False,0.00412538263043194,0.005729103921045642,-0.0016037212906137022
2025-09-25,IP,2025-09-26,completed,stall,,43.180755615234375,43.45706759109281,False,False,0.0,0.005729103921045642,-0.005729103921045642
2025-09-25,TSLA,2025-09-26,completed,neutral,,440.3999938964844,440.4700012207031,False,False,0.0401756741055197,0.005729103921045642,0.03444657018447406
2025-09-25,INTU,2025-09-26,completed,neutral,,690.5028686523438,692.2235289099264,False,False,0.008055750124902117,0.005729103921045642,0.002326646203856475
2025-09-25,APA,2025-09-26,completed,neutral,,23.857906341552734,24.93049623716489,False,True,0.014379579174539137,0.005729103921045642,0.008650475253493495
2025-09-25,APTV,2025-09-26,completed,neutral,,86.22000122070312,86.33000183105469,False,False,0.017705382181149476,0.005729103921045642,0.011976278260103834
2025-09-25,MCHP,2025-09-26,completed,stall,,62.77576446533203,63.34096253069463,False,False,-0.006477464412886547,0.005729103921045642,-0.012206568333932188
2025-09-25,BAC,2025-09-26,completed,neutral,,51.120323181152344,51.52176591379862,False,False,0.00694316549827656,0.005729103921045642,0.0012140615772309182
2025-09-25,NFLX,2025-09-26,completed,neutral,,121.06099700927734,121.4000015258789,False,False,0.0019615268210566583,0.005729103921045642,-0.0037675770999889835
2025-09-25,NVDA,2025-09-26,completed,neutral,,177.7641143798828,179.3403398828169,False,False,0.002813830455718369,0.005729103921045642,-0.0029152734653272727
2025-09-25,AJG,2025-09-26,completed,neutral,,300.6133117675781,305.2092351375353,False,True,0.0035306195363189463,0.005729103921045642,-0.0021984843847266955
2025-09-25,NSC,2025-09-26,completed,continuation,,292.3372802734375,293.25119489195527,True,True,0.009912618325397471,0.005729103921045642,0.004183514404351829
2025-09-25,DGX,2025-09-26,completed,continuation,,185.7303924560547,185.96624344880837,True,True,0.01941865962488798,0.005729103921045642,0.013689555703842338
2025-09-25,NXPI,2025-09-26,completed,stall,,222.1167449951172,223.25661512988577,False,False,-0.0033949212082788893,0.005729103921045642,-0.009124025129324531
2025-09-25,HPE,2025-09-26,completed,stall,,23.574901580810547,23.722244340977642,False,False,-0.008673995665929635,0.005729103921045642,-0.014403099586975276
2025-09-25,ISRG,2025-09-26,completed,neutral,,441.1199951171875,443.4599914550781,False,False,0.006847439134106459,0.005729103921045642,0.001118335213060817
2025-09-25,CSX,2025-09-26,completed,neutral,,33.57838439941406,33.677117579669414,False,False,0.006808883563390156,0.005729103921045642,0.0010797796423445138
2025-09-25,SBUX,2025-09-26,completed,stall,,81.31493377685547,82.51432989445253,False,False,-0.005248756153897527,0.005729103921045642,-0.010977860074943169
2025-09-25,PLTR,2025-09-26,completed,stall,,177.57000732421875,180.1199951171875,False,False,-0.008653348789757875,0.005729103921045642,-0.014382452710803517
2025-09-25,ELV,2025-09-26,completed,neutral,,312.39788818359375,313.9274996173517,False,False,0.006030984678859763,0.005729103921045642,0.0003018807578141214
2025-09-25,CIEN,2025-09-26,completed,continuation,,141.92999267578125,143.7899932861328,True,True,0.03470142575181279,0.005729103921045642,0.028972321830767145
2025-09-25,TT,2025-09-26,completed,continuation,,412.3182067871094,414.1353605620226,True,True,0.021727405617108397,0.005729103921045642,0.015998301696062756
2025-09-25,TDY,2025-09-26,completed,continuation,,577.1099853515625,579.4600219726562,True,True,0.019628949384385974,0.005729103921045642,0.013899845463340332
2025-09-25,VEEV,2025-09-26,completed,continuation,,290.2699890136719,291.9200134277344,True,True,0.036937793764266535,0.005729103921045642,0.031208689843220894
2025-10-02,HAL,2025-10-03,completed,stall,,23.827537536621094,24.29801276528745,False,False,-0.0028711422941505305,-1.4657797132167083e-05,-0.0028564844970183634
2025-10-02,PSX,2025-10-03,completed,stall,,129.18455505371094,134.1670182187285,False,True,-0.014302685990104202,-1.4657797132167083e-05,-0.014288028192972035
2025-10-02,PSKY,2025-10-03,completed,neutral,,18.742351531982422,19.09579615937927,False,False,0.02524158108805885,-1.4657797132167083e-05,0.025256238885191018
2025-10-02,IBM,2025-10-03,completed,neutral,,281.063232421875,285.88782046845927,False,True,0.005754827194654366,-1.4657797132167083e-05,0.005769484991786533
2025-10-02,COP,2025-10-03,completed,neutral,,91.28218841552734,91.81537430995446,False,False,0.008352922456737355,-1.4657797132167083e-05,0.008367580253869522
2025-10-02,MKC,2025-10-03,completed,continuation,,66.75369262695312,66.85056197900505,True,True,0.012043019757390638,-1.4657797132167083e-05,0.012057677554522805
2025-10-02,APP,2025-10-03,completed,stall,,682.760009765625,695.0,False,False,-0.001287234310392238,-1.4657797132167083e-05,-0.0012725765132600708
2025-10-02,BA,2025-10-03,completed,stall,,216.3000030517578,218.8300018310547,False,False,-0.0051970273747302675,-1.4657797132167083e-05,-0.0051823695775981005
2025-10-02,PCAR,2025-10-03,completed,stall,,95.72997283935547,97.26220613649336,False,False,-0.009991984478023408,-1.4657797132167083e-05,-0.00997732668089124
2025-10-02,NI,2025-10-03,completed,continuation,,42.68675994873047,43.02762922144502,True,True,0.016937480046489872,-1.4657797132167083e-05,0.01695213784362204
2025-10-02,ES,2025-10-03,completed,continuation,,69.32630920410156,70.2343515617881,True,True,0.010307838678305314,-1.4657797132167083e-05,0.010322496475437482
2025-10-02,UNP,2025-10-03,completed,neutral,,231.91226196289062,232.8328620035482,False,True,0.00972205973281226,-1.4657797132167083e-05,0.009736717529944428
2025-10-02,SRE,2025-10-03,completed,continuation,,88.76412963867188,89.29803015997395,True,True,0.024193591692569072,-1.4657797132167083e-05,0.02420824948970124
2025-10-02,LEN,2025-10-03,completed,continuation,,127.50263977050781,128.24763323845715,True,True,0.013558753171839077,-1.4657797132167083e-05,0.013573410968971245
2025-10-02,VTR,2025-10-03,completed,neutral,,68.492431640625,69.20916301871151,False,False,0.002442839160418986,-1.4657797132167083e-05,0.002457496957551153
2025-10-02,TDY,2025-10-03,completed,continuation,,587.6199951171875,590.0900268554688,True,True,0.009361547944790383,-1.4657797132167083e-05,0.00937620574192255
2025-10-02,DVN,2025-10-03,completed,neutral,,33.70099639892578,34.0422954975161,False,False,0.0069931456868117525,-1.4657797132167083e-05,0.00700780348394392
2025-10-02,JBHT,2025-10-03,completed,continuation,,136.83009338378906,138.66508079592793,True,True,0.02794326564707217,-1.4657797132167083e-05,0.027957923444204336
2025-10-02,PSA,2025-10-03,completed,continuation,,281.8744201660156,283.97738960923914,True,True,0.015147540198044984,-1.4657797132167083e-05,0.015162197995177151
2025-10-02,DPZ,2025-10-03,completed,stall,,417.6733093261719,422.1073737241967,False,False,-0.01050455861477917,-1.4657797132167083e-05,-0.010489900817647002
2025-10-02,SNA,2025-10-03,completed,stall,,338.25555419921875,340.65065448360656,False,False,-0.004897960356291642,-1.4657797132167083e-05,-0.004883302559159475
2025-10-02,OKE,2025-10-03,completed,neutral,,69.13700103759766,69.63971096297841,False,False,0.0057955256934492105,-1.4657797132167083e-05,0.005810183490581378
2025-10-02,XOM,2025-10-03,completed,neutral,,110.06989288330078,110.54608934596097,False,True,0.01770164515869621,-1.4657797132167083e-05,0.017716302955828378
2025-10-02,ODFL,2025-10-03,completed,neutral,,140.45709228515625,144.31313273538927,False,True,0.00519216650838028,-1.4657797132167083e-05,0.0052068243055124475
2025-10-02,BALL,2025-10-03,completed,stall,,49.55754470825195,50.129553995284006,False,True,-0.004556163152952819,-1.4657797132167083e-05,-0.004541505355820652
2025-10-02,DOC,2025-10-03,completed,continuation,,18.12733268737793,18.417444365673006,True,True,0.009906365264198191,-1.4657797132167083e-05,0.009921023061330358
2025-10-02,PGR,2025-10-03,completed,neutral,,230.80419921875,232.48568678056077,False,False,0.009034827081360053,-1.4657797132167083e-05,0.00904948487849222
2025-10-02,RTX,2025-10-03,completed,stall,,164.14366149902344,164.81370884185188,False,False,-0.0002999847498459385,-1.4657797132167083e-05,-0.0002853269527137714
2025-10-02,FIS,2025-10-03,completed,neutral,,64.25509643554688,64.97749672018242,False,True,0.003912759936294474,-1.4657797132167083e-05,0.003927417733426641
2025-10-02,VRSK,2025-10-03,completed,neutral,,246.56114196777344,247.70959938556607,False,False,0.0065069083617412815,-1.4657797132167083e-05,0.006521566158873449
2025-10-02,UHS,2025-10-03,completed,neutral,,206.34133911132812,207.73526213628094,False,True,0.008270889834950612,-1.4657797132167083e-05,0.00828554763208278
2025-10-02,WY,2025-10-03,completed,neutral,,24.236623764038086,24.410292287147872,False,False,0.007621448120342045,-1.4657797132167083e-05,0.007636105917474212
2025-10-02,CIEN,2025-10-03,completed,stall,,151.4499969482422,154.00999450683594,False,True,-0.007926154099572535,-1.4657797132167083e-05,-0.007911496302440368
2025-10-02,NUE,2025-10-03,completed,stall,,136.7674102783203,138.54091683418903,False,True,-0.007049544778983119,-1.4657797132167083e-05,-0.007034886981850952
2025-10-02,CTAS,2025-10-03,completed,stall,,200.59307861328125,201.5336186258525,False,False,-0.001478481729528136,-1.4657797132167083e-05,-0.001463823932395969
2025-10-02,CLX,2025-10-03,completed,neutral,,117.70418548583984,118.6118777887121,False,True,0.007689222228006276,-1.4657797132167083e-05,0.007703880025138443
2025-10-02,MRSH,2025-10-03,completed,neutral,,197.9795684814453,198.94416593516206,False,True,0.007866849108421503,-1.4657797132167083e-05,0.00788150690555367
2025-10-02,O,2025-10-03,completed,neutral,,57.52842330932617,57.852258941928454,False,True,0.005326371585680834,-1.4657797132167083e-05,0.005341029382813001
2025-10-02,MET,2025-10-03,completed,neutral,,80.08385467529297,80.29774242821749,False,False,0.01278735881716142,-1.4657797132167083e-05,0.012802016614293588
2025-10-02,PG,2025-10-03,completed,neutral,,147.920166015625,149.04701747934675,False,False,0.0014468873739810206,-1.4657797132167083e-05,0.0014615451711131877
2025-10-02,AIZ,2025-10-03,completed,continuation,,216.84828186035156,218.60278039218815,True,True,0.007510654763542179,-1.4657797132167083e-05,0.0075253125606743465
2025-10-02,IR,2025-10-03,completed,stall,,83.86673736572266,84.51609423576298,False,True,-0.0027324521215310593,-1.4657797132167083e-05,-0.0027177943243988922
2025-10-02,SYY,2025-10-03,completed,stall,,80.40489959716797,81.36407740136569,False,True,-0.0070107727726448354,-1.4657797132167083e-05,-0.006996114975512668
2025-10-02,MTB,2025-10-03,completed,stall,,189.14027404785156,191.12345548333795,False,False,-0.00546957765563072,-1.4657797132167083e-05,-0.0054549198584985525
2025-10-02,VZ,2025-10-03,completed,neutral,,40.877685546875,41.12106283132616,False,False,0.006221180220415956,-1.4657797132167083e-05,0.006235838017548123
2025-10-02,WTW,2025-10-03,completed,neutral,,343.7841491699219,347.0324396061625,False,True,0.003933166295115864,-1.4657797132167083e-05,0.003947824092248031
2025-10-02,CSCO,2025-10-03,completed,neutral,,66.94395446777344,67.59447355340285,False,False,0.00029469123711378664,-1.4657797132167083e-05,0.0003093490342459537
2025-10-02,TSN,2025-10-03,completed,neutral,,52.83222198486328,52.9771280757812,False,True,0.004961369324582243,-1.4657797132167083e-05,0.00497602712171441
2025-10-02,HWM,2025-10-03,completed,stall,,188.85679626464844,191.6210453137177,False,False,-0.009577243477867037,-1.4657797132167083e-05,-0.00956258568073487
2025-10-09,TMO,2025-10-10,completed,stall,,522.9622192382812,536.0462448706025,False,False,-0.01847844801564713,-0.027027784753554496,0.008549336737907365
2025-10-09,HUM,2025-10-10,completed,stall,,277.1982727050781,282.90604153367576,False,False,-0.035719195638670764,-0.027027784753554496,-0.008691410885116269
2025-10-09,LLY,2025-10-10,completed,stall,,828.2662353515625,858.9328110628743,False,True,-0.025556750024755437,-0.027027784753554496,0.0014710347287990588
2025-10-09,A,2025-10-10,completed,stall,,135.8045654296875,139.7310016058688,False,False,-0.02490905449543157,-0.027027784753554496,0.002118730258122925
2025-10-09,BIIB,2025-10-10,completed,stall,,146.57000732421875,150.1999969482422,False,False,-0.02031945240111488,-0.027027784753554496,0.0067083323524396166
2025-10-09,CRL,2025-10-10,completed,stall,,167.02999877929688,174.3699951171875,False,False,-0.029685143653247037,-0.027027784753554496,-0.0026573588996925412
2025-10-09,BE,2025-10-10,completed,neutral,,86.87000274658203,92.7300033569336,False,True,0.002538963841072883,-0.027027784753554496,0.02956674859462738
2025-10-09,SNDK,2025-10-10,completed,stall,,116.91000366210938,132.0,False,False,-0.09847308555606338,-0.027027784753554496,-0.07144530080250888
2025-10-09,BMY,2025-10-10,completed,stall,,42.52314376831055,43.316341348819535,False,False,-0.01611454998918338,-0.027027784753554496,0.010913234764371116
2025-10-09,WAT,2025-10-10,completed,neutral,,331.0,336.7300109863281,False,True,0.0016643600322343577,-0.027027784753554496,0.028692144785788853
2025-10-09,COIN,2025-10-10,completed,stall,,357.010009765625,402.1600036621094,False,True,-0.07749351481750644,-0.027027784753554496,-0.05046573006395194
2025-10-09,LII,2025-10-10,completed,stall,,520.3410034179688,537.0177069395937,False,False,-0.018415333288506197,-0.027027784753554496,0.008612451465048299
2025-10-09,ABBV,2025-10-10,completed,stall,,223.5643768310547,227.61859573656187,False,True,-0.0008237407555065079,-0.027027784753554496,0.026204043998047988
2025-10-09,CI,2025-10-10,completed,stall,,294.0652160644531,301.62388428403534,False,False,-0.017639595655194684,-0.027027784753554496,0.009388189098359812
2025-10-09,AMGN,2025-10-10,completed,stall,,282.2989807128906,289.0711120349598,False,False,-0.01793986955582416,-0.027027784753554496,0.009087915197730334
2025-10-09,NEE,2025-10-10,completed,stall,,81.02152252197266,82.46018032055224,False,True,-0.004300586909912751,-0.027027784753554496,0.022727197843641744
2025-10-09,MU,2025-10-10,completed,stall,,181.42254638671875,193.25097266774603,False,False,-0.05578944333966185,-0.027027784753554496,-0.028761658586107353
2025-10-09,J,2025-10-10,completed,stall,,149.536865234375,154.94920433941513,False,False,-0.027727681747065636,-0.027027784753554496,-0.0006998969935111399
2025-10-09,ETR,2025-10-10,completed,stall,,92.94512939453125,95.03312557041463,False,False,-0.0037649617158019844,-0.027027784753554496,0.02326282303775251
2025-10-09,PNW,2025-10-10,completed,neutral,,88.96548461914062,89.1098875967602,False,True,0.008953043977846242,-0.027027784753554496,0.03598082873140074
2025-10-09,IVZ,2025-10-10,completed,stall,,21.77793312072754,23.590338748542827,False,True,-0.059832527320078155,-0.027027784753554496,-0.03280474256652366
2025-10-09,CRH,2025-10-10,completed,stall,,114.74386596679688,117.4139423834603,False,False,-0.013434216890990114,-0.027027784753554496,0.013593567862564382
2025-10-09,MPWR,2025-10-10,completed,stall,,899.7384033203125,985.1023301522539,False,True,-0.07639523001285042,-0.027027784753554496,-0.04936744525929593
2025-10-09,LDOS,2025-10-10,completed,stall,,185.87745666503906,192.56995883993693,False,False,-0.03102291460763984,-0.027027784753554496,-0.003995129854085344
2025-10-09,RVTY,2025-10-10,completed,stall,,88.04655456542969,91.89591180676754,False,False,-0.036766335309612375,-0.027027784753554496,-0.009738550556057879
2025-10-09,PCG,2025-10-10,completed,stall,,15.719735145568848,16.205402344914067,False,False,-0.02339901857251736,-0.027027784753554496,0.0036287661810371352
2025-10-09,ELV,2025-10-10,completed,stall,,346.3526916503906,354.5889365438671,False,False,-0.01365431768085179,-0.027027784753554496,0.013373467072702705
2025-10-09,ALGN,2025-10-10,completed,stall,,125.79000091552734,130.8000030517578,False,False,-0.046105971235208654,-0.027027784753554496,-0.019078186481654158
2025-10-09,RMD,2025-10-10,completed,stall,,269.15240478515625,274.9411665894543,False,False,-0.02116024592006105,-0.027027784753554496,0.005867538833493446
2025-10-09,ADM,2025-10-10,completed,stall,,59.112857818603516,60.27879263622265,False,False,-0.0076659581317398695,-0.027027784753554496,0.019361826621814626
2025-10-09,GD,2025-10-10,completed,stall,,328.6061706542969,337.5482355369651,False,False,-0.024408790984573825,-0.027027784753554496,0.002618993768980671
2025-10-09,WRB,2025-10-10,completed,neutral,,75.54218292236328,76.3010085412556,False,True,0.0016770043322695827,-0.027027784753554496,0.02870478908582408
2025-10-09,DLR,2025-10-10,completed,stall,,163.79881286621094,170.83722325786886,False,False,-0.03835405980187878,-0.027027784753554496,-0.011326275048324286
2025-10-09,HSY,2025-10-10,completed,stall,,186.50582885742188,189.99073608470158,False,False,-0.0023366169929117664,-0.027027784753554496,0.02469116776064273
2025-10-09,FSLR,2025-10-10,completed,stall,,225.91000366210938,234.4199981689453,False,False,-0.03580878907541052,-0.027027784753554496,-0.008781004321856023
2025-10-09,RL,2025-10-10,completed,stall,,307.04345703125,321.43208715776547,False,False,-0.04183564679569873,-0.027027784753554496,-0.014807862042144238
2025-10-09,SO,2025-10-10,completed,continuation,,95.14823150634766,95.21599371111387,True,True,0.022469661484658454,-0.027027784753554496,0.04949744623821295
2025-10-09,DUK,2025-10-10,completed,continuation,,122.71334075927734,122.95486442484653,True,True,0.01852293596165544,-0.027027784753554496,0.045550720715209936
2025-10-09,MCHP,2025-10-10,completed,stall,,58.86811447143555,64.59803628643782,False,False,-0.08275126303617741,-0.027027784753554496,-0.05572347828262292
2025-10-09,LNT,2025-10-10,completed,neutral,,65.70668029785156,66.25948897265138,False,False,0.007584695177851319,-0.027027784753554496,0.034612479931405815
2025-10-09,ZTS,2025-10-10,completed,stall,,138.450927734375,140.78608387222823,False,False,-0.015900757115384634,-0.027027784753554496,0.011127027638169862
2025-10-09,CMI,2025-10-10,completed,stall,,407.12701416015625,424.24671712918484,False,False,-0.031896800392735014,-0.027027784753554496,-0.004869015639180518
2025-10-09,TSLA,2025-10-10,completed,stall,,413.489990234375,443.1300048828125,False,False,-0.05062684914805626,-0.027027784753554496,-0.023599064394501768
2025-10-09,WST,2025-10-10,completed,stall,,260.9559020996094,264.0961301513611,False,False,-0.0068670283569503,-0.027027784753554496,0.020160756396604196
2025-10-09,BAX,2025-10-10,completed,stall,,21.90777587890625,22.78608219861494,False,False,-0.024877791191457388,-0.027027784753554496,0.002149993562097108
2025-10-09,MLM,2025-10-10,completed,stall,,628.8429565429688,636.3407617208262,False,False,-0.0022560927189514413,-0.027027784753554496,0.024771692034603054
2025-10-09,TROW,2025-10-10,completed,stall,,96.36219024658203,103.73447457977223,False,True,-0.043203535690753414,-0.027027784753554496,-0.01617575093719892
2025-10-09,AVY,2025-10-10,completed,stall,,155.1244354248047,159.09371024909976,False,False,-0.013307616126331023,-0.027027784753554496,0.013720168627223472
2025-10-09,UPS,2025-10-10,completed,stall,,77.76216125488281,80.75553500596702,False,False,-0.02825971264353566,-0.027027784753554496,-0.0012319278899811659
2025-10-09,CVS,2025-10-10,completed,neutral,,75.50353240966797,76.55999675128938,False,True,0.015116064856490308,-0.027027784753554496,0.0421438496100448
2025-10-09,ALLE,2025-10-10,completed,stall,,171.31924438476562,174.75967877640412,False,False,-0.012311210020544472,-0.027027784753554496,0.014716574733010024
2025-10-09,WAB,2025-10-10,completed,stall,,190.14154052734375,197.53699236128207,False,False,-0.02346391936133052,-0.027027784753554496,0.003563865392223975
2025-10-09,BF-B,2025-10-10,completed,stall,,25.803661346435547,26.90539008595162,False,False,-0.024835622500152588,-0.027027784753554496,0.002192162253401908
2025-10-16,SW,2025-10-17,completed,neutral,,40.20694351196289,40.836268405242,False,False,0.001936187746330864,0.005676199184976083,-0.003740011438645219
2025-10-16,VRT,2025-10-17,completed,stall,,173.81492614746094,177.8106715761382,False,False,-0.021482461842262657,0.005676199184976083,-0.02715866102723874
2025-10-16,TYL,2025-10-17,completed,neutral,,505.6000061035156,506.54998779296875,False,False,0.018246258917067992,0.005676199184976083,0.01257005973209191
2025-10-16,WAT,2025-10-17,completed,stall,,334.5899963378906,337.6199951171875,False,False,-0.0008361417367324098,0.005676199184976083,-0.006512340921708493
2025-10-16,STZ,2025-10-17,completed,neutral,,136.4232940673828,137.16170978842487,False,False,0.007823944123187543,0.005676199184976083,0.00214774493821146
2025-10-16,JKHY,2025-10-17,completed,stall,,150.64144897460938,151.71514893005937,False,False,-6.553169551359872e-05,0.005676199184976083,-0.005741730880489682
2025-10-16,SMCI,2025-10-17,completed,stall,,52.18000030517578,53.630001068115234,False,False,-0.0308320921751023,0.005676199184976083,-0.03650829136007838
2025-10-16,ALB,2025-10-17,completed,stall,,91.68871307373047,94.91176038205218,False,False,-0.02676035430720769,0.005676199184976083,-0.03243655349218377
2025-10-16,INVH,2025-10-17,completed,neutral,,27.277721405029297,27.36858272206155,False,False,0.002460487246850551,0.005676199184976083,-0.0032157119381255317
2025-10-16,EXC,2025-10-17,completed,neutral,,46.087886810302734,46.3676174446932,False,True,0.008868301604422646,0.005676199184976083,0.003192102419446563
2025-10-16,NVDA,2025-10-17,completed,neutral,,182.78208923339844,183.65999082680747,False,False,0.007755442021748715,0.005676199184976083,0.0020792428367726323
2025-10-16,IQV,2025-10-17,completed,stall,,204.5500030517578,206.1300048828125,False,False,-0.005832305945284055,0.005676199184976083,-0.011508505130260138
2025-10-16,TMUS,2025-10-17,completed,neutral,,224.58563232421875,225.19280100829727,False,False,0.012718111763606599,0.005676199184976083,0.007041912578630516
2025-10-16,MRVL,2025-10-17,completed,stall,,87.82112121582031,88.81965588623653,False,False,-0.003173663511650715,0.005676199184976083,-0.008849862696626798
2025-10-16,AMZN,2025-10-17,completed,stall,,213.0399932861328,214.8000030517578,False,False,-0.006667636156250767,0.005676199184976083,-0.01234383534122685
2025-10-16,ABBV,2025-10-17,completed,continuation,,224.26759338378906,225.38126203134183,True,True,0.011901212131935734,0.005676199184976083,0.006225012946959652
2025-10-16,CL,2025-10-17,completed,continuation,,77.70728302001953,77.86442225870327,True,True,0.02011352278903944,0.005676199184976083,0.014437323604063357
2025-10-16,SYK,2025-10-17,completed,continuation,,371.4899597167969,371.84712797424737,True,True,0.014001368441447726,0.005676199184976083,0.008325169256471643
2025-10-23,JBHT,2025-10-24,completed,stall,,163.7696075439453,167.826400546407,False,False,-0.009775656092056995,0.008172552647061071,-0.017948208739118066
2025-10-23,BG,2025-10-24,completed,continuation,,95.35409545898438,95.40284053186558,True,True,0.011480042730892537,0.008172552647061071,0.003307490083831466
2025-10-23,PLD,2025-10-24,completed,neutral,,122.5815200805664,123.47351386169778,False,False,0.005247657671078265,0.008172552647061071,-0.002924894975982806
2025-10-23,EL,2025-10-24,completed,neutral,,100.72712707519531,101.1017945601325,False,True,0.026836888055269403,0.008172552647061071,0.018664335408208332
2025-10-23,AMD,2025-10-24,completed,continuation,,252.9199981689453,253.38999938964844,True,True,0.07630108624472043,0.008172552647061071,0.06812853359765936
2025-10-23,AXP,2025-10-24,completed,neutral,,354.6722717285156,359.3938387062296,False,True,0.00740992632287818,0.008172552647061071,-0.0007626263241828912
2025-10-23,COO,2025-10-24,completed,stall,,73.51000213623047,74.95999908447266,False,False,-0.013553335377530673,0.008172552647061071,-0.021725888024591744
2025-10-23,DOC,2025-10-24,completed,neutral,,17.65406608581543,18.199874020674123,False,True,0.011866271372084736,0.008172552647061071,0.0036937187250236647
2025-10-23,MS,2025-10-24,completed,continuation,,160.2277374267578,161.24467731785623,True,True,0.028560679064356886,0.008172552647061071,0.020388126417295815
2025-10-23,KIM,2025-10-24,completed,neutral,,21.322078704833984,21.407978003124892,False,False,0.005400552682459869,0.008172552647061071,-0.0027719999646012017
2025-10-23,CVS,2025-10-24,completed,neutral,,80.05872344970703,80.2834735421843,False,False,0.010608081623297405,0.008172552647061071,0.002435528976236334
2025-10-23,KLAC,2025-10-24,completed,continuation,,117.6473388671875,118.48681202615516,True,True,0.020552181792214297,0.008172552647061071,0.012379629145153226
2025-10-23,DLTR,2025-10-24,completed,stall,,99.05000305175781,101.19000244140625,False,False,-0.015603256330437243,0.008172552647061071,-0.023775808977498314
2025-10-23,ILMN,2025-10-24,completed,neutral,,100.11000061035156,101.93000030517578,False,False,0.0014004140035905888,0.008172552647061071,-0.006772138643470482
2025-10-23,WMT,2025-10-24,completed,stall,,105.28355407714844,106.27520478726349,False,False,-0.0064570772655514475,0.008172552647061071,-0.014629629912612518
2025-10-23,ABNB,2025-10-24,completed,neutral,,127.98999786376953,129.05999755859375,False,False,0.0050255154873715124,0.008172552647061071,-0.0031470371596895585
2025-10-23,CAT,2025-10-24,completed,neutral,,519.5550537109375,524.0277218743412,False,False,0.004284412301684526,0.008172552647061071,-0.003888140345376545
2025-10-23,SNA,2025-10-24,completed,stall,,334.85760498046875,339.4044300464406,False,True,-0.007903776029540621,0.008172552647061071,-0.016076328676601692
2025-10-23,SYF,2025-10-24,completed,continuation,,73.61366271972656,74.45957129758584,True,True,0.021846009456695015,0.008172552647061071,0.013673456809633944
2025-10-23,F,2025-10-24,completed,continuation,,13.223475456237793,13.347684509970799,True,True,0.12155588832211794,0.008172552647061071,0.11338333567505687
2025-10-23,BALL,2025-10-24,completed,neutral,,49.143333435058594,49.42933431199236,False,False,0.0026156856619659052,0.008172552647061071,-0.005556866985095166
2025-10-23,EXR,2025-10-24,completed,stall,,143.483154296875,145.75581914654904,False,False,-0.0036469570916992655,0.008172552647061071,-0.011819509738760337
2025-10-23,BBY,2025-10-24,completed,continuation,,79.0499496459961,79.43921417769928,True,True,0.010069071325870649,0.008172552647061071,0.0018965186788095778
2025-10-23,TPL,2025-10-24,completed,stall,,307.651611328125,315.480152758453,False,False,-0.009609349341940354,0.008172552647061071,-0.017781901989001425
2025-10-23,DPZ,2025-10-24,completed,stall,,406.07427978515625,414.71729901298164,False,False,-0.016359944504371504,0.008172552647061071,-0.024532497151432575
2025-10-23,HUM,2025-10-24,completed,stall,,287.5157775878906,288.8512259372855,False,False,-0.0022315329554345453,0.008172552647061071,-0.010404085602495616
2025-10-23,SBUX,2025-10-24,completed,neutral,,83.94772338867188,84.67906030608086,False,True,0.007607424166140353,0.008172552647061071,-0.000565128480920718
2025-10-23,EBAY,2025-10-24,completed,continuation,,95.97686767578125,97.52711106767558,True,True,0.01758801997888937,0.008172552647061071,0.009415467331828298
2025-10-23,ARE,2025-10-24,completed,neutral,,74.12418365478516,75.17749052803681,False,True,0.006501084498248266,0.008172552647061071,-0.0016714681488128047
2025-10-23,USB,2025-10-24,completed,continuation,,46.90797424316406,47.24817107117793,True,True,0.009201091252327931,0.008172552647061071,0.00102853860526686
2025-10-23,MNST,2025-10-24,completed,stall,,34.845001220703125,35.189998626708984,False,False,-0.0028615960793928474,0.008172552647061071,-0.011034148726453918
2025-10-23,PG,2025-10-24,completed,continuation,,149.1697540283203,153.9728344665201,True,True,0.00884536300569394,0.008172552647061071,0.0006728103586328693
2025-10-23,CSX,2025-10-24,completed,neutral,,35.671478271484375,35.74058960608481,False,False,0.016887215463017524,0.008172552647061071,0.008714662815956453
2025-10-23,ARES,2025-10-24,completed,neutral,,143.40823364257812,145.65528567000513,False,False,0.006130840873371568,0.008172552647061071,-0.002041711773689503
2025-10-23,A,2025-10-24,completed,neutral,,147.14646911621094,148.2299597180675,False,False,0.0038653965086721254,0.008172552647061071,-0.004307156138388946
2025-10-23,DUK,2025-10-24,completed,neutral,,123.05148315429688,124.08520417638658,False,False,0.0008643053077828089,0.008172552647061071,-0.007308247339278262
2025-10-23,FAST,2025-10-24,completed,stall,,41.95858383178711,42.359867092745304,False,False,-0.002791392187474484,0.008172552647061071,-0.010963944834535555
2025-10-23,SCHW,2025-10-24,completed,stall,,93.2284164428711,94.21579642858194,False,False,-0.0019028123249245077,0.008172552647061071,-0.010075364971985579
2025-10-23,ECL,2025-10-24,completed,neutral,,274.2380676269531,274.90081989526146,False,False,0.008035922211169222,0.008172552647061071,-0.0001366304358918491
2025-10-23,ADM,2025-10-24,completed,continuation,,61.53217315673828,62.06655887144528,True,True,0.01311791387635064,0.008172552647061071,0.004945361229289569
2025-10-23,DECK,2025-10-24,completed,stall,,86.94000244140625,90.94999694824219,False,False,-0.15213573566253824,0.008172552647061071,-0.1603082883095993
2025-10-23,NVR,2025-10-24,completed,stall,,7430.919921875,7718.0,False,False,-0.032357984443995735,0.008172552647061071,-0.040530537091056806
2025-10-23,ESS,2025-10-24,completed,neutral,,256.9940185546875,258.178681941719,False,False,0.0034121958028692223,0.008172552647061071,-0.004760356844191849
2025-10-23,WDC,2025-10-24,completed,continuation,,129.18896484375,133.29131170618518,True,True,0.029509863605745812,0.008172552647061071,0.02133731095868474
2025-10-23,APO,2025-10-24,completed,neutral,,122.96517944335938,124.67685263975523,False,False,0.01584710419804436,0.008172552647061071,0.0076745515509832885
2025-10-23,FRT,2025-10-24,completed,continuation,,98.19154357910156,98.81190415231058,True,True,0.005159833631349864,0.008172552647061071,-0.003012719015711207
2025-10-23,JNJ,2025-10-24,completed,stall,,186.2037353515625,188.0716441111252,False,False,-0.010755027736932044,0.008172552647061071,-0.018927580383993114
2025-10-23,AEE,2025-10-24,completed,stall,,101.39685821533203,102.29142021175424,False,False,-0.0004792180533143009,0.008172552647061071,-0.008651770700375372
2025-10-23,HSIC,2025-10-24,completed,neutral,,63.84000015258789,64.05000305175781,False,False,0.003931435750905932,0.008172552647061071,-0.004241116896155139
2025-10-23,CPT,2025-10-24,completed,neutral,,101.95238494873047,102.82576496161003,False,True,0.000761930210218198,0.008172552647061071,-0.007410622436842873
2025-10-23,WEC,2025-10-24,completed,stall,,111.99989318847656,112.77343545248036,False,False,-0.0006901885333129298,0.008172552647061071,-0.008862741180374
2025-10-23,ZTS,2025-10-24,completed,stall,,143.18992614746094,144.7107211234556,False,False,-0.0030739304984686022,0.008172552647061071,-0.011246483145529673
2025-10-23,XEL,2025-10-24,completed,stall,,77.96770477294922,78.98606935276896,False,False,-0.0002487789483116565,0.008172552647061071,-0.008421331595372727
2025-10-23,LNT,2025-10-24,completed,neutral,,66.88988494873047,67.64635917932185,False,True,0.0053935865240379854,0.008172552647061071,-0.0027789661230230855
2025-10-23,ABBV,2025-10-24,completed,stall,,222.7240753173828,223.74981133496678,False,False,-0.0011390472514710703,0.008172552647061071,-0.009311599898532141
2025-10-23,ATO,2025-10-24,completed,neutral,,171.9438934326172,172.66713239671265,False,False,0.001024075092207255,0.008172552647061071,-0.007148477554853816
2025-10-23,DIS,2025-10-24,completed,stall,,110.0859375,112.02781993789965,False,False,-0.01194376238307171,0.008172552647061071,-0.02011631503013278
2025-10-23,FISV,2025-10-24,completed,neutral,,125.16999816894531,126.2300033569336,False,False,0.00976120598103658,0.008172552647061071,0.0015886533339755093
2025-10-30,GM,2025-10-31,completed,neutral,,68.4990234375,68.72705942204756,False,False,0.006116055109715468,0.003280291056295015,0.002835764053420453
2025-10-30,F,2025-10-31,completed,neutral,,12.545104026794434,12.583322128709156,False,False,0.005359908972266458,0.003280291056295015,0.0020796179159714434
2025-10-30,IBM,2025-10-31,completed,stall,,299.6208190917969,305.5565065101883,False,False,-0.008546536427575413,0.003280291056295015,-0.011826827483870428
2025-10-30,MMM,2025-10-31,completed,neutral,,163.482177734375,164.30694908937355,False,False,0.0003003524215996478,0.003280291056295015,-0.002979938634695367
2025-10-30,HAL,2025-10-31,completed,stall,,26.307327270507812,26.699388403627424,False,False,-0.00445097078657497,0.003280291056295015,-0.007731261842869985
2025-10-30,VRT,2025-10-31,completed,stall,,192.6548614501953,199.65739964477737,False,False,-0.00464494803957094,0.003280291056295015,-0.007925239095865955
2025-10-30,WBD,2025-10-31,completed,continuation,,22.450000762939453,22.559999465942383,True,True,0.03839037425936964,0.003280291056295015,0.03511008320307463
2025-10-30,RTX,2025-10-31,completed,neutral,,175.88931274414062,176.4903916692288,False,False,0.006087365676683776,0.003280291056295015,0.002807074620388761
2025-10-30,LVS,2025-10-31,completed,neutral,,58.09172439575195,58.23854575252249,False,False,0.006785443272213421,0.003280291056295015,0.0035051522159184056
2025-10-30,STLD,2025-10-31,completed,stall,,155.50656127929688,158.53140488413825,False,False,-0.008724175955753588,0.003280291056295015,-0.012004467012048603
2025-10-30,HPE,2025-10-31,completed,neutral,,23.98746109008789,24.478604845516745,False,True,0.00040958735088625353,0.003280291056295015,-0.0028707037054087614
2025-10-30,HAS,2025-10-31,completed,stall,,73.92510986328125,74.77761228397897,False,False,-0.0031353948173598045,0.003280291056295015,-0.0064156858736548195
2025-10-30,WST,2025-10-31,completed,neutral,,281.19281005859375,283.4258342446205,False,False,0.012673300058666959,0.003280291056295015,0.009393009002371944
2025-10-30,COHR,2025-10-31,completed,stall,,131.9600067138672,136.6999969482422,False,False,-0.005651420104416549,0.003280291056295015,-0.008931711160711564
2025-10-30,VLO,2025-10-31,completed,stall,,166.0396270751953,167.45951947913986,False,False,-0.003174540067735876,0.003280291056295015,-0.006454831124030891
2025-10-30,COF,2025-10-31,completed,neutral,,216.62303161621094,217.7258850714696,False,False,0.0073723932444504925,0.003280291056295015,0.0040921021881554775
2025-10-30,PCAR,2025-10-31,completed,stall,,96.03251647949219,96.60831761935721,False,False,-0.004250093288459933,0.003280291056295015,-0.007530384344754948
2025-10-30,LRCX,2025-10-31,completed,stall,,156.73605346679688,163.30569955984717,False,False,-0.022048306663809192,0.003280291056295015,-0.025328597720104207
2025-10-30,SLB,2025-10-31,completed,stall,,35.199462890625,35.658244244517206,False,False,-0.007158384296207743,0.003280291056295015,-0.010438675352502758
2025-10-30,MPWR,2025-10-31,completed,stall,,999.7756958007812,1032.9323923237512,False,False,-0.07591313259345422,0.003280291056295015,-0.07919342364974924
2025-10-30,DHR,2025-10-31,completed,neutral,,214.18040466308594,216.53719963820419,False,False,0.0015344964520567217,0.003280291056295015,-0.0017457946042382932
2025-10-30,GE,2025-10-31,completed,stall,,307.76458740234375,313.7116820451171,False,False,-0.005792330817950497,0.003280291056295015,-0.009072621874245512
2025-10-30,TMO,2025-10-31,completed,neutral,,565.4031372070312,567.9242460656288,False,False,0.020082158790775795,0.003280291056295015,0.01680186773448078
2025-10-30,MTD,2025-10-31,completed,neutral,,1416.2900390625,1424.719970703125,False,True,0.028525594598662884,0.003280291056295015,0.02524530354236787
2025-10-30,INTC,2025-10-31,completed,stall,,39.9900016784668,40.83000183105469,False,False,-0.004233022151175825,0.003280291056295015,-0.00751331320747084
2025-10-30,AMD,2025-10-31,completed,neutral,,256.1199951171875,262.1300048828125,False,False,0.005022754660535034,0.003280291056295015,0.0017424636042400188
2025-10-30,TRMB,2025-10-31,completed,neutral,,79.75,80.51000213623047,False,False,0.011157565903040512,0.003280291056295015,0.007877274846745497
2025-10-30,GS,2025-10-31,completed,stall,,774.1439208984375,776.4485680542281,False,False,-0.0009997426802696996,0.003280291056295015,-0.0042800337365647145
2025-10-30,CDW,2025-10-31,completed,continuation,,156.18959045410156,157.4440454408958,True,True,0.01639037098099938,0.003280291056295015,0.013110079924704365
2025-10-30,IBKR,2025-10-31,completed,neutral,,70.06356811523438,70.6012939622943,False,True,0.027003288223289124,0.003280291056295015,0.02372299716699411
2025-10-30,AXP,2025-10-31,completed,neutral,,357.8166809082031,359.0664843035919,False,False,0.005154994018331305,0.003280291056295015,0.0018747029620362898
2025-10-30,BBY,2025-10-31,completed,stall,,77.9865951538086,79.48670428524677,False,False,-0.012502993590841505,0.003280291056295015,-0.01578328464713652
2025-10-30,FERG,2025-10-31,completed,neutral,,244.7291259765625,244.89654450092306,False,False,0.011107987716084455,0.003280291056295015,0.00782769665978944
2025-10-30,DE,2025-10-31,completed,stall,,457.5111999511719,460.3952396652973,False,False,-0.008121877788095366,0.003280291056295015,-0.011402168844390381
2025-10-30,TFC,2025-10-31,completed,neutral,,42.79668426513672,42.91175386578916,False,False,0.006540285856912131,0.003280291056295015,0.0032599948006171164
2025-10-30,FANG,2025-10-31,completed,neutral,,139.8220977783203,141.1012835008152,False,False,0.007316177388005718,0.003280291056295015,0.004035886331710703
2025-11-06,KVUE,2025-11-07,completed,continuation,,15.915111541748047,16.065967341540457,True,True,0.025516477472619536,0.0009845249103577203,0.024531952562261816
2025-11-06,AME,2025-11-07,completed,stall,,195.09664916992188,195.81227314649755,False,False,-0.004866992253580116,0.0009845249103577203,-0.005851517163937836
2025-11-06,MSCI,2025-11-07,completed,neutral,,574.6017456054688,575.4101485558707,False,False,0.0042385008503349475,0.0009845249103577203,0.0032539759399772272
2025-11-06,EW,2025-11-07,completed,neutral,,83.38999938964844,83.81999969482422,False,False,0.01152349490670379,0.0009845249103577203,0.01053896999634607
2025-11-06,TEL,2025-11-07,completed,stall,,239.81240844726562,239.94101493308634,False,False,-0.0003298660715762569,0.0009845249103577203,-0.0013143909819339772
2025-11-06,HWM,2025-11-07,completed,neutral,,206.3509979248047,207.08988169821038,False,False,0.005155620368729075,0.0009845249103577203,0.004171095458371354
2025-11-06,TT,2025-11-07,completed,stall,,431.45306396484375,431.45306396484375,False,False,-0.0025253204062440915,0.0009845249103577203,-0.0035098453166018118
2025-11-06,ALGN,2025-11-07,completed,neutral,,134.83999633789062,134.99000549316406,False,False,0.008300311417141382,0.0009845249103577203,0.007315786506783661
2025-11-06,AEP,2025-11-07,completed,continuation,,117.77632904052734,117.94121218498647,True,True,0.0158956173927578,0.0009845249103577203,0.014911092482400079
2025-11-06,GOOG,2025-11-07,completed,stall,,278.97174072265625,283.75923050317454,False,False,-0.019765964444189987,0.0009845249103577203,-0.020750489354547708
2025-11-06,BE,2025-11-07,completed,stall,,135.2100067138672,135.94000244140625,False,False,-0.012056071088162645,0.0009845249103577203,-0.013040595998520366
2025-11-06,CHD,2025-11-07,completed,neutral,,85.74945831298828,86.34178554972527,False,True,0.007539681330201109,0.0009845249103577203,0.006555156419843389
2025-11-06,GOOGL,2025-11-07,completed,stall,,278.10675048828125,283.0439232317803,False,False,-0.020790126454832247,0.0009845249103577203,-0.021774651365189968
2025-11-06,CBOE,2025-11-07,completed,continuation,,254.74481201171875,255.52904777702562,True,True,0.015753622727241456,0.0009845249103577203,0.014769097816883736
2025-11-06,GDDY,2025-11-07,completed,stall,,132.02999877929688,133.30999755859375,False,False,-0.006919881083588653,0.0009845249103577203,-0.007904405993946373
2025-11-06,WBD,2025-11-07,completed,neutral,,22.670000076293945,22.979999542236328,False,False,0.011150758213615664,0.0009845249103577203,0.010166233303257943
2025-11-06,AON,2025-11-07,completed,neutral,,344.62322998046875,346.4741024279613,False,True,0.018588224364059602,0.0009845249103577203,0.017603699453701882
2025-11-06,NUE,2025-11-07,completed,stall,,142.97962951660156,143.40567328497664,False,False,-0.0024194512553391556,0.0009845249103577203,-0.003403976165696876
2025-11-06,IEX,2025-11-07,completed,neutral,,166.21136474609375,167.29001306502172,False,False,0.006833785412815763,0.0009845249103577203,0.005849260502458042
2025-11-06,PWR,2025-11-07,completed,neutral,,444.7386779785156,446.3876658396686,False,False,0.004764101842113844,0.0009845249103577203,0.0037795769317561234
2025-11-06,EXE,2025-11-07,completed,neutral,,109.97119903564453,110.43083975766899,False,True,0.01654309569732404,0.0009845249103577203,0.01555857078696632
2025-11-06,IVZ,2025-11-07,completed,stall,,22.65021324157715,22.66959584385171,False,False,-0.0008550828504018115,0.0009845249103577203,-0.0018396077607595318
2025-11-06,REGN,2025-11-07,completed,continuation,,654.1755981445312,654.8521217945442,True,True,0.01647950460957448,0.0009845249103577203,0.01549497969921676
2025-11-06,VZ,2025-11-07,completed,continuation,,38.11454772949219,38.39067198813643,True,True,0.00527382656931219,0.0009845249103577203,0.00428930165895447
2025-11-06,ARES,2025-11-07,completed,neutral,,147.76791381835938,147.86393304150297,False,False,0.01732114159605702,0.0009845249103577203,0.0163366166856993
2025-11-06,WAB,2025-11-07,completed,neutral,,205.35047912597656,205.51968665763553,False,False,0.012464938926794789,0.0009845249103577203,0.011480414016437068
2025-11-06,XEL,2025-11-07,completed,neutral,,78.4720458984375,78.94727928263602,False,False,0.004594053866736836,0.0009845249103577203,0.0036095289563791155
2025-11-06,AAPL,2025-11-07,completed,stall,,267.48193359375,271.2878818962731,False,False,-0.004818849477972176,0.0009845249103577203,-0.005803374388329896
2025-11-06,PFG,2025-11-07,completed,neutral,,80.09900665283203,80.17634272754462,False,False,0.0050946238105309405,0.0009845249103577203,0.00411009890017322
2025-11-06,NFLX,2025-11-07,completed,neutral,,110.36599731445312,110.8219985961914,False,True,0.006052704730924008,0.0009845249103577203,0.005068179820566288
2025-11-06,APH,2025-11-07,completed,neutral,,69.0627670288086,69.12235613554043,False,False,0.007095800538804653,0.0009845249103577203,0.006111275628446933
2025-11-06,SPGI,2025-11-07,completed,neutral,,465.5101013183594,465.5101013183594,False,False,0.01310192597049853,0.0009845249103577203,0.012117401060140809
2025-11-06,JBL,2025-11-07,completed,stall,,213.46385192871094,214.51263032805525,False,False,-0.006277268730690566,0.0009845249103577203,-0.007261793641048286
2025-11-06,FDX,2025-11-07,completed,continuation,,207.6692657470703,208.79441775827806,True,True,0.012477750849086977,0.0009845249103577203,0.011493225938729257
2025-11-06,KMI,2025-11-07,completed,continuation,,25.81270980834961,25.871044952657318,True,True,0.016462382170136403,0.0009845249103577203,0.015477857259778682
2025-11-06,KLAC,2025-11-07,completed,stall,,118.6966781616211,120.18365925597409,False,False,-0.010800702277723007,0.0009845249103577203,-0.011785227188080727
2025-11-06,GILD,2025-11-07,completed,stall,,115.97386932373047,121.00942644978403,False,False,-0.03695302663720512,0.0009845249103577203,-0.03793755154756284
2025-11-06,HPE,2025-11-07,completed,neutral,,23.034643173217773,23.10831361333411,False,False,0.0021367455763350307,0.0009845249103577203,0.0011522206659773104
2025-11-06,TTWO,2025-11-07,completed,stall,,232.0,243.55999755859375,False,False,-0.08082406652058371,0.0009845249103577203,-0.08180859143094144
2025-11-06,NSC,2025-11-07,completed,continuation,,280.6697692871094,280.69939022102017,True,True,0.012466444181337133,0.0009845249103577203,0.011481919270979413
2025-11-06,AVGO,2025-11-07,completed,stall,,346.8510437011719,351.8836321132648,False,False,-0.01732339602612043,0.0009845249103577203,-0.01830792093647815
2025-11-06,WFC,2025-11-07,completed,neutral,,84.6465072631836,84.69569296561465,False,False,0.005257611835357556,0.0009845249103577203,0.004273086924999836
2025-11-06,DIS,2025-11-07,completed,neutral,,109.15934753417969,109.83950120723244,False,False,0.0022626282325286518,0.0009845249103577203,0.0012781033221709315
2025-11-06,WYNN,2025-11-07,completed,neutral,,124.9698257446289,125.6930570174243,False,False,0.029378171197185443,0.0009845249103577203,0.028393646286827723
2025-11-06,NTAP,2025-11-07,completed,stall,,111.5098648071289,112.08237011889253,False,False,-0.007031709270867936,0.0009845249103577203,-0.008016234181225657
2025-11-06,MTB,2025-11-07,completed,continuation,,180.68263244628906,180.71179557119885,True,True,0.013966119029956703,0.0009845249103577203,0.012981594119598983
2025-11-13,EXPD,2025-11-14,completed,stall,,136.98851013183594,138.62145550732222,False,False,-0.0001445598980819307,-0.00016358859396425895,1.902869588232825e-05
2025-11-13,EXPE,2025-11-14,completed,stall,,262.7096252441406,265.92573878033636,False,False,-0.010061678031132781,-0.00016358859396425895,-0.009898089437168522
2025-11-13,JCI,2025-11-14,completed,stall,,117.69905853271484,119.24564076040942,False,False,-0.012312789332270757,-0.00016358859396425895,-0.012149200738306498
2025-11-13,APD,2025-11-14,completed,stall,,254.27696228027344,258.01257814814846,False,False,-0.014028836187672478,-0.00016358859396425895,-0.013865247593708219
2025-11-13,RL,2025-11-14,completed,stall,,328.9340515136719,333.31018378014386,False,False,-0.003876454005265595,-0.00016358859396425895,-0.003712865411301336
2025-11-13,YUM,2025-11-14,completed,stall,,146.1812286376953,147.80959487957264,False,False,-0.004741954364623879,-0.00016358859396425895,-0.00457836577065962
2025-11-13,CAH,2025-11-14,completed,stall,,203.92001342773438,206.84919754991603,False,True,-0.0033484967785074593,-0.00016358859396425895,-0.0031849081845432003
2025-11-13,COR,2025-11-14,completed,stall,,359.7934265136719,366.81155298670745,False,True,-0.007975934370319848,-0.00016358859396425895,-0.007812345776355589
2025-11-13,HSIC,2025-11-14,completed,stall,,71.43000030517578,73.30999755859375,False,False,-0.026043034198081294,-0.00016358859396425895,-0.025879445604117035
2025-11-13,TRGP,2025-11-14,completed,neutral,,170.5819854736328,171.69553756395018,False,False,0.019975320074906433,-0.00016358859396425895,0.020138908668870692
2025-11-13,MAR,2025-11-14,completed,stall,,283.3604431152344,285.64143694622567,False,False,-0.005949323425181285,-0.00016358859396425895,-0.0057857348312170265
2025-11-13,KVUE,2025-11-14,completed,stall,,15.905553817749023,16.21106236602674,False,False,-0.006559329228173261,-0.00016358859396425895,-0.006395740634209002
2025-11-13,EG,2025-11-14,completed,stall,,320.53466796875,324.53359087719986,False,False,-0.0038473627175510394,-0.00016358859396425895,-0.0036837741235867805
2025-11-13,MNST,2025-11-14,completed,neutral,,35.654998779296875,35.974998474121094,False,False,0.0032357304672800957,-0.00016358859396425895,0.0033993190612443547
2025-11-13,FOX,2025-11-14,completed,stall,,57.86183547973633,58.59426544971126,False,False,-0.00831217755554492,-0.00016358859396425895,-0.00814858896158066
2025-11-13,MCK,2025-11-14,completed,stall,,838.7877807617188,851.6471275990532,False,False,-0.0049039765249802025,-0.00016358859396425895,-0.004740387931015944
2025-11-13,CMI,2025-11-14,completed,stall,,455.9432067871094,460.00385778782777,False,False,-0.010438833028479588,-0.00016358859396425895,-0.01027524443451533
2025-11-13,WAT,2025-11-14,completed,neutral,,379.3999938964844,384.239990234375,False,False,0.0002636596539260516,-0.00016358859396425895,0.0004272482478903106
2025-11-13,CPT,2025-11-14,completed,neutral,,99.62338256835938,99.76893973570144,False,False,0.008844380439082311,-0.00016358859396425895,0.00900796903304657
2025-11-13,AFL,2025-11-14,completed,stall,,111.9985122680664,113.46779487942528,False,True,-0.005825588963861206,-0.00016358859396425895,-0.005662000369896947
2025-11-13,CMS,2025-11-14,completed,neutral,,72.24217224121094,72.49619668433284,False,False,0.00013530291851870935,-0.00016358859396425895,0.0002988915124829683
2025-11-13,ATO,2025-11-14,completed,stall,,171.15225219726562,175.19845045783245,False,False,-0.01601404521956451,-0.00016358859396425895,-0.01585045662560025
2025-11-13,NWSA,2025-11-14,completed,stall,,25.95384979248047,26.14242514213088,False,False,-0.004567974434032562,-0.00016358859396425895,-0.004404385840068303
2025-11-13,AIZ,2025-11-14,completed,neutral,,225.315185546875,228.69605473006794,False,True,0.00678253942345064,-0.00016358859396425895,0.006946128017414899
2025-11-13,FOXA,2025-11-14,completed,stall,,64.23966979980469,64.93319332641624,False,False,-0.009168812481333721,-0.00016358859396425895,-0.009005223887369462
2025-11-13,MU,2025-11-14,completed,neutral,,246.5887908935547,254.92063709442598,False,True,0.04169656520287379,-0.00016358859396425895,0.04186015379683805
2025-11-13,VTR,2025-11-14,completed,continuation,,76.58270263671875,76.67106369804017,True,True,0.009839494658121728,-0.00016358859396425895,0.010003083252085987
2025-11-13,WYNN,2025-11-14,completed,stall,,119.61001586914062,121.73016292321672,False,False,-0.018535026085236272,-0.00016358859396425895,-0.018371437491272014
2025-11-13,IP,2025-11-14,completed,stall,,36.02720260620117,36.06578684039159,False,False,-0.0020573163908520486,-0.00016358859396425895,-0.0018937277968877897
2025-11-13,FTV,2025-11-14,completed,stall,,51.36238098144531,51.7357264517123,False,False,-0.007120910653019785,-0.00016358859396425895,-0.006957322059055526
2025-11-13,LH,2025-11-14,completed,stall,,264.2174987792969,266.53406345244355,False,False,-0.003658481852590545,-0.00016358859396425895,-0.003494893258626286
2025-11-13,WMB,2025-11-14,completed,neutral,,59.187416076660156,59.28445905308175,False,False,0.023493826170199128,-0.00016358859396425895,0.023657414764163387
2025-11-13,LIN,2025-11-14,completed,stall,,417.72332763671875,424.3435120105911,False,False,-0.01224807485924062,-0.00016358859396425895,-0.012084486265276362
2025-11-13,D,2025-11-14,completed,stall,,58.078346252441406,58.586626502100565,False,False,-0.005092785488482354,-0.00016358859396425895,-0.004929196894518095
2025-11-13,INCY,2025-11-14,completed,stall,,104.1500015258789,106.91999816894531,False,False,-0.01195334496210998,-0.00016358859396425895,-0.01178975636814572
2025-11-13,PCG,2025-11-14,completed,stall,,16.34416389465332,16.522572295485038,False,False,-0.009609472374168315,-0.00016358859396425895,-0.009445883780204056
2025-11-13,WBD,2025-11-14,completed,neutral,,23.030000686645508,23.190000534057617,False,False,0.04019879501049983,-0.00016358859396425895,0.04036238360446409
2025-11-13,FIS,2025-11-14,completed,stall,,61.8759880065918,63.92760944129952,False,False,-0.030486004452715765,-0.00016358859396425895,-0.030322415858751506
2025-11-13,AEP,2025-11-14,completed,stall,,118.57792663574219,119.61413693726513,False,False,-0.0014817565470909289,-0.00016358859396425895,-0.00131816795312667
2025-11-13,ISRG,2025-11-14,completed,stall,,549.510009765625,560.02001953125,False,False,-0.028293044727238703,-0.00016358859396425895,-0.028129456133274444
2025-11-13,FRT,2025-11-14,completed,stall,,94.05256652832031,95.1091229741511,False,False,-0.0061455735609329265,-0.00016358859396425895,-0.0059819849669686675
2025-11-13,ORLY,2025-11-14,completed,neutral,,98.80000305175781,100.0,False,True,0.004575542294036117,-0.00016358859396425895,0.004739130888000376
2025-11-13,TJX,2025-11-14,completed,stall,,144.73594665527344,146.3410364959364,False,False,-0.002185733026880521,-0.00016358859396425895,-0.002022144432916262
2025-11-13,PPG,2025-11-14,completed,stall,,95.2581558227539,95.98464075218074,False,False,-0.011008067550387524,-0.00016358859396425895,-0.010844478956423265
2025-11-13,PGR,2025-11-14,completed,continuation,,211.5282440185547,213.28488325824208,True,True,0.009097055396731113,-0.00016358859396425895,0.009260643990695372
2025-11-13,CL,2025-11-14,completed,stall,,76.65637969970703,78.25727250536943,False,False,-0.009392013973308688,-0.00016358859396425895,-0.00922842537934443
2025-11-13,SPG,2025-11-14,completed,stall,,174.63922119140625,175.91990081217594,False,False,-0.004792755372611146,-0.00016358859396425895,-0.004629166778646887
2025-11-13,XOM,2025-11-14,completed,neutral,,116.94403076171875,117.13029659441288,False,False,0.01299250596041679,-0.00016358859396425895,0.013156094554381048
2025-11-13,WAB,2025-11-14,completed,stall,,203.21592712402344,203.69426557862957,False,False,-0.0017133883179718534,-0.00016358859396425895,-0.0015497997240075945
2025-11-13,AJG,2025-11-14,completed,neutral,,255.5040283203125,259.536572381766,False,True,0.0070119184270833745,-0.00016358859396425895,0.0071755070210476335
2025-11-13,WTW,2025-11-14,completed,stall,,319.01593017578125,325.36396745793974,False,True,-0.006691319680579455,-0.00016358859396425895,-0.006527731086615196
2025-11-13,FITB,2025-11-14,completed,neutral,,41.539127349853516,41.597675733789835,False,False,0.0030631967876872945,-0.00016358859396425895,0.0032267853816515535
2025-11-13,MAA,2025-11-14,completed,neutral,,126.43807220458984,127.40369057825048,False,False,0.002987266578757586,-0.00016358859396425895,0.003150855172721845
2025-11-13,CTVA,2025-11-14,completed,stall,,65.38565826416016,66.24756284411309,False,False,-0.0030209867199428864,-0.00016358859396425895,-0.0028573981259786274
2025-11-13,SWK,2025-11-14,completed,stall,,62.9493522644043,64.45476675865284,False,False,-0.02596431733959703,-0.00016358859396425895,-0.025800728745632773
2025-11-13,WELL,2025-11-14,completed,continuation,,191.75375366210938,192.7529809376503,True,True,0.014392573999440827,-0.00016358859396425895,0.014556162593405086
2025-11-13,HAS,2025-11-14,completed,stall,,75.2813720703125,76.53105731078321,False,False,-0.01508237708268434,-0.00016358859396425895,-0.01491878848872008
2025-11-13,PEG,2025-11-14,completed,neutral,,80.0948715209961,80.67499481768094,False,False,0.0054617452760075125,-0.00016358859396425895,0.005625333869971771
2025-11-13,CBOE,2025-11-14,completed,stall,,256.462158203125,260.2939373806239,False,False,-0.006193263745099209,-0.00016358859396425895,-0.00602967515113495
2025-11-13,LVS,2025-11-14,completed,stall,,64.25409698486328,65.34498242180108,False,False,-0.00335362779713555,-0.00016358859396425895,-0.003190039203171291
2025-11-13,BG,2025-11-14,completed,stall,,93.60885620117188,95.06159021498586,False,False,-0.00918475516539008,-0.00016358859396425895,-0.00902116657142582
2025-11-13,ILMN,2025-11-14,completed,neutral,,120.66999816894531,121.5,False,False,0.006170248160481284,-0.00016358859396425895,0.006333836754445543
2025-11-13,PFG,2025-11-14,completed,stall,,81.65536499023438,82.14837327693832,False,False,-0.001772660365325085,-0.00016358859396425895,-0.001609071771360826
2025-11-13,AEE,2025-11-14,completed,neutral,,102.11639404296875,102.48589251556363,False,False,0.0023861772769000478,-0.00016358859396425895,0.0025497658708643067
2025-11-13,OKE,2025-11-14,completed,continuation,,67.90446472167969,68.28015915491034,True,True,0.015120786313735701,-0.00016358859396425895,0.01528437490769996
2025-11-13,CINF,2025-11-14,completed,stall,,160.29356384277344,162.87547309517257,False,False,-0.012710055236551554,-0.00016358859396425895,-0.012546466642587295
2025-11-13,RMD,2025-11-14,completed,stall,,242.47610473632812,249.13164161825972,False,False,-0.030343854219454958,-0.00016358859396425895,-0.0301802656254907
2025-11-13,KKR,2025-11-14,completed,stall,,119.05694580078125,119.95047010467782,False,False,-0.006873781267024093,-0.00016358859396425895,-0.006710192673059834
2025-11-13,WY,2025-11-14,completed,stall,,21.351768493652344,21.660516816576177,False,False,-0.013814641331513888,-0.00016358859396425895,-0.01365105273754963
2025-11-13,PKG,2025-11-14,completed,stall,,192.34742736816406,193.75185269670064,False,False,-0.009392697406446548,-0.00016358859396425895,-0.00922910881248229
2025-11-13,LNT,2025-11-14,completed,stall,,65.7903823852539,66.19100313432844,False,False,-0.0013348306846143743,-0.00016358859396425895,-0.0011712420906501153
2025-11-13,TSCO,2025-11-14,completed,stall,,54.117103576660156,55.0447703284557,False,False,-0.0135280380996593,-0.00016358859396425895,-0.013364449505695042
2025-11-13,APTV,2025-11-14,completed,stall,,78.91000366210938,80.12999725341797,False,False,-0.026403446132899577,-0.00016358859396425895,-0.02623985753893532
2025-11-13,FANG,2025-11-14,completed,continuation,,146.69432067871094,147.30391855255797,True,True,0.03338395400627436,-0.00016358859396425895,0.03354754260023862
2025-11-13,AZO,2025-11-14,completed,neutral,,3856.8701171875,3878.93994140625,False,False,0.009839545502080993,-0.00016358859396425895,0.010003134096045252
2025-11-13,EQT,2025-11-14,completed,stall,,59.377540588378906,59.972305744348034,False,False,-0.005809120043821059,-0.00016358859396425895,-0.0056455314498568
2025-11-13,TRV,2025-11-14,completed,stall,,282.9653015136719,285.98906456457246,False,False,-0.0004523304992247734,-0.00016358859396425895,-0.00028874190526051446
2025-11-13,LUV,2025-11-14,completed,stall,,32.244537353515625,32.499980640280775,False,False,-0.006658657459251094,-0.00016358859396425895,-0.006495068865286835
2025-11-13,PRU,2025-11-14,completed,stall,,101.76905059814453,102.6617566108025,False,False,-0.00639770898420422,-0.00016358859396425895,-0.006234120390239961
2025-11-13,NWS,2025-11-14,completed,stall,,29.363065719604492,29.512066015152353,False,False,-0.004043100178958703,-0.00016358859396425895,-0.003879511584994444
2025-11-13,CASY,2025-11-14,completed,neutral,,536.9127807617188,545.4923470587187,False,True,0.0028510779466401903,-0.00016358859396425895,0.0030146665406044493
2025-11-13,DE,2025-11-14,completed,neutral,,471.98095703125,475.3704259217614,False,False,0.0059567624939582675,-0.00016358859396425895,0.0061203510879225265
2025-11-13,MMM,2025-11-14,completed,stall,,165.2496337890625,166.9851538066515,False,False,-0.013597037202469409,-0.00016358859396425895,-0.01343344860850515
2025-11-13,KO,2025-11-14,completed,neutral,,69.3172836303711,69.78484965447049,False,False,0.0012663565079549244,-0.00016358859396425895,0.0014299451019191833
2025-11-13,FSLR,2025-11-14,completed,stall,,253.0800018310547,257.70001220703125,False,False,-0.013679389519978824,-0.00016358859396425895,-0.013515800926014565
2025-11-13,FICO,2025-11-14,completed,neutral,,1741.3699951171875,1760.7900390625,False,False,0.002360010556702985,-0.00016358859396425895,0.002523599150667244
2025-11-13,PPL,2025-11-14,completed,neutral,,35.607147216796875,35.69432482368088,False,False,0.005745578326873391,-0.00016358859396425895,0.00590916692083765
2025-11-13,TROW,2025-11-14,completed,stall,,96.63770294189453,98.08175506834527,False,False,-0.019282582178897334,-0.00016358859396425895,-0.019118993584933075
2025-11-13,PCAR,2025-11-14,completed,stall,,93.60525512695312,94.54532915998776,False,False,-0.009943153162066065,-0.00016358859396425895,-0.009779564568101806
2025-11-13,ROL,2025-11-14,completed,neutral,,57.566104888916016,57.8528448953372,False,False,0.010588450143335093,-0.00016358859396425895,0.010752038737299352
2025-11-13,GD,2025-11-14,completed,neutral,,339.7689514160156,341.0915052304714,False,False,0.0005523301348930865,-0.00016358859396425895,0.0007159187288573454
2025-11-13,CTAS,2025-11-14,completed,stall,,185.3050079345703,187.60741873835153,False,False,-0.003947498572457131,-0.00016358859396425895,-0.003783909978492872
2025-11-13,MTD,2025-11-14,completed,stall,,1403.0799560546875,1418.77001953125,False,False,-0.006444006649390599,-0.00016358859396425895,-0.00628041805542634
2025-11-13,BAC,2025-11-14,completed,stall,,51.5119743347168,51.79592262485899,False,False,-0.004917728361000351,-0.00016358859396425895,-0.004754139767036092
2025-11-13,ROST,2025-11-14,completed,stall,,159.254638671875,160.89101417815925,False,False,-0.0077240732809128465,-0.00016358859396425895,-0.0075604846869485876
2025-11-13,CTSH,2025-11-14,completed,stall,,71.01750946044922,72.0443348118793,False,False,-0.01277859176499474,-0.00016358859396425895,-0.012615003171030481
2025-11-13,UHS,2025-11-14,completed,stall,,224.06414794921875,226.99140160037192,False,False,-0.01111751917052839,-0.00016358859396425895,-0.01095393057656413
2025-11-13,HRL,2025-11-14,completed,stall,,21.779462814331055,22.01034029805157,False,True,-0.0008826824235862452,-0.00016358859396425895,-0.0007190938296219862
2025-11-13,KMI,2025-11-14,completed,continuation,,26.658550262451172,26.726606074910524,True,True,0.01970984349659788,-0.00016358859396425895,0.019873432090562138
2025-11-13,MO,2025-11-14,completed,neutral,,54.503849029541016,54.6068814543778,False,False,0.006573225659166626,-0.00016358859396425895,0.006736814253130885
2025-11-13,CNP,2025-11-14,completed,neutral,,38.85628890991211,39.042062468545126,False,True,0.004042511078437894,-0.00016358859396425895,0.004206099672402153
2025-11-13,TXT,2025-11-14,completed,stall,,80.64620208740234,81.45545909697609,False,False,-0.008962453121131086,-0.00016358859396425895,-0.008798864527166828
2025-11-13,UDR,2025-11-14,completed,neutral,,33.46281814575195,33.66544678221809,False,False,0.0046351157662307685,-0.00016358859396425895,0.0047987043601950274
2025-11-13,GOOG,2025-11-14,completed,stall,,276.2588195800781,278.4231523603895,False,False,-0.007667068863853821,-0.00016358859396425895,-0.007503480269889562
2025-11-13,GE,2025-11-14,completed,neutral,,303.6504211425781,305.6228044794453,False,False,0.0021370157659552635,-0.00016358859396425895,0.0023006043599195225
2025-11-13,IR,2025-11-14,completed,stall,,75.4145736694336,75.84425816881136,False,False,-0.009579924551744168,-0.00016358859396425895,-0.009416335957779909
2025-11-13,SYF,2025-11-14,completed,stall,,72.18778228759766,73.02235291571587,False,False,-0.009486396895444726,-0.00016358859396425895,-0.009322808301480467
2025-11-13,AMP,2025-11-14,completed,stall,,453.57171630859375,460.1475303706156,False,False,-0.003090809015235285,-0.00016358859396425895,-0.0029272204212710262
2025-11-13,WEC,2025-11-14,completed,neutral,,108.16502380371094,108.67187654459956,False,False,0.0011096838647306484,-0.00016358859396425895,0.0012732724586949073
2025-11-13,NDSN,2025-11-14,completed,stall,,227.4384765625,229.45338495954329,False,False,-0.012352445816872115,-0.00016358859396425895,-0.012188857222907856
2025-11-13,IEX,2025-11-14,completed,stall,,162.77749633789062,165.43947800330943,False,False,-0.015383692403682314,-0.00016358859396425895,-0.015220103809718055
2025-11-13,SYY,2025-11-14,completed,stall,,73.12295532226562,74.14086378717185,False,False,-0.004795466097229029,-0.00016358859396425895,-0.00463187750326477
2025-11-13,MGM,2025-11-14,completed,stall,,32.470001220703125,32.70000076293945,False,False,-0.010664182735391381,-0.00016358859396425895,-0.010500594141427122
2025-11-13,VMRK,2025-11-14,completed,neutral,,57.46665573120117,58.046933853583845,False,False,0.0023616269455826178,-0.00016358859396425895,0.0025252155395468767
2025-11-13,CBRE,2025-11-14,completed,neutral,,153.66000366210938,154.27999877929688,False,False,0.0031990957695486877,-0.00016358859396425895,0.0033626843635129466
2025-11-13,VRSN,2025-11-14,completed,neutral,,249.76780700683594,251.7234348983314,False,False,0.005447139984311011,-0.00016358859396425895,0.00561072857827527
2025-11-13,KIM,2025-11-14,completed,stall,,19.489564895629883,19.661363505612712,False,False,-0.000489575130952824,-0.00016358859396425895,-0.00032598653698856506
2025-11-13,AON,2025-11-14,completed,stall,,348.4145812988281,352.5044302276231,False,True,-0.002308083333937727,-0.00016358859396425895,-0.002144494739973468
2025-11-13,VICI,2025-11-14,completed,stall,,28.370912551879883,28.595188322037245,False,False,-0.0029557015445929036,-0.00016358859396425895,-0.0027921129506286446
2025-11-13,PSX,2025-11-14,completed,neutral,,138.226806640625,139.1300522221093,False,True,0.020215025087461536,-0.00016358859396425895,0.020378613681425795
2025-11-13,AOS,2025-11-14,completed,stall,,63.67171859741211,65.17647075904745,False,False,-0.020426705128534728,-0.00016358859396425895,-0.02026311653457047
2025-11-13,ODFL,2025-11-14,completed,stall,,131.47291564941406,134.84197700270036,False,False,-0.023329569646327153,-0.00016358859396425895,-0.023165981052362894
2025-11-13,WMT,2025-11-14,completed,stall,,101.62437438964844,101.6342854500628,False,False,-0.000585163058961502,-0.00016358859396425895,-0.00042157446499724305
2025-11-13,AAPL,2025-11-14,completed,stall,,271.6705322265625,275.21088338895913,False,False,-0.0019784193430598673,-0.00016358859396425895,-0.0018148307490956084
2025-11-13,FAST,2025-11-14,completed,stall,,39.795841217041016,40.336945837429774,False,False,-0.0073620217985190806,-0.00016358859396425895,-0.007198433204554822
2025-11-13,IVZ,2025-11-14,completed,stall,,22.996986389160156,23.397869073130586,False,False,-0.01051743011871531,-0.00016358859396425895,-0.01035384152475105
2025-11-13,PLD,2025-11-14,completed,stall,,119.09110260009766,121.21443479062954,False,False,-0.009435471511807014,-0.00016358859396425895,-0.009271882917842755
2025-11-13,ECL,2025-11-14,completed,stall,,255.789306640625,258.98445829016526,False,False,-0.012978112234545924,-0.00016358859396425895,-0.012814523640581665
2025-11-13,OTIS,2025-11-14,completed,stall,,87.30229949951172,89.38725074115793,False,False,-0.015526241392974871,-0.00016358859396425895,-0.015362652799010612
2025-11-13,BX,2025-11-14,completed,neutral,,137.1325225830078,138.16023848114637,False,False,0.013688965428095612,-0.00016358859396425895,0.01385255402205987
2025-11-13,KLAC,2025-11-14,completed,stall,,112.8233642578125,116.89142274787474,False,False,-0.023585699859638654,-0.00016358859396425895,-0.023422111265674395
2025-11-13,C,2025-11-14,completed,stall,,98.80776977539062,100.03917265137562,False,False,-0.0036753655575127997,-0.00016358859396425895,-0.0035117769635485407
2025-11-20,TDG,2025-11-21,completed,neutral,,1347.219970703125,1360.8399658203125,False,False,0.0145721912966561,0.00996119766575232,0.004610993630903781
2025-11-20,AMGN,2025-11-21,completed,neutral,,330.7718200683594,335.96553507766333,False,False,0.011537827638038456,0.00996119766575232,0.0015766299722861365
2025-11-20,CI,2025-11-21,completed,continuation,,271.9269714355469,273.88264747579643,True,True,0.031490996842148844,0.00996119766575232,0.021529799176396525
2025-11-20,LLY,2025-11-21,completed,continuation,,1054.60498046875,1061.5216381959945,True,True,0.015728923063212497,0.00996119766575232,0.005767725397460177
2025-11-20,BDX,2025-11-21,completed,neutral,,147.81307983398438,150.60489834808487,False,True,0.016562798718513738,0.00996119766575232,0.006601601052761419
2025-11-20,DXCM,2025-11-21,completed,neutral,,60.22999954223633,61.150001525878906,False,True,0.030982564704241433,0.00996119766575232,0.021021367038489114
2025-11-20,NKE,2025-11-21,completed,neutral,,60.79545593261719,61.47311303537349,False,False,0.02230182000822345,0.00996119766575232,0.01234062234247113
2025-11-20,HSY,2025-11-21,completed,continuation,,181.9462432861328,182.92444889519803,True,True,0.018285281441104084,0.00996119766575232,0.008324083775351765
2025-11-20,EXPD,2025-11-21,completed,continuation,,141.72897338867188,142.34255670928815,True,True,0.035502529795217175,0.00996119766575232,0.025541332129464855
2025-11-20,AKAM,2025-11-21,completed,neutral,,89.01000213623047,90.23999786376953,False,True,0.018654210735269183,0.00996119766575232,0.008693013069516864
2025-11-20,SYK,2025-11-21,completed,neutral,,365.3880615234375,368.09670858127606,False,True,0.021610063882647523,0.00996119766575232,0.011648866216895204
2025-11-20,KMB,2025-11-21,completed,continuation,,100.05775451660156,100.6475632486526,True,True,0.013685339905128435,0.00996119766575232,0.003724142239376116
2025-11-20,PNW,2025-11-21,completed,stall,,86.71847534179688,88.04138254734937,False,True,-0.0021266680877229938,0.00996119766575232,-0.012087865753475313
2025-11-20,ALL,2025-11-21,completed,continuation,,210.25250244140625,211.79269817343786,True,True,0.012184686446682136,0.00996119766575232,0.0022234887809298165
2025-11-20,BALL,2025-11-21,completed,continuation,,49.18278121948242,49.64630573734544,True,True,0.040909960641840826,0.00996119766575232,0.030948762976088506
2025-11-20,CPRT,2025-11-21,completed,stall,,40.72999954223633,40.90999984741211,False,False,-0.007069744326939853,0.00996119766575232,-0.017030941992692172
2025-11-20,IFF,2025-11-21,completed,continuation,,65.98110961914062,66.58761030168014,True,True,0.04476445710707089,0.00996119766575232,0.03480325944131857
2025-11-20,GEN,2025-11-21,completed,continuation,,26.143159866333008,26.497775665866456,True,True,0.01841908500622913,0.00996119766575232,0.00845788734047681
2025-11-20,LH,2025-11-21,completed,continuation,,262.9800109863281,266.83104250665053,True,True,0.015948257821954748,0.00996119766575232,0.005987060156202428
2025-11-20,TECH,2025-11-21,completed,continuation,,61.26594924926758,62.291531695264496,True,True,0.04767578485820412,0.00996119766575232,0.0377145871924518
2025-11-20,WELL,2025-11-21,completed,neutral,,197.79859924316406,198.11519506568612,False,False,0.011893778595054805,0.00996119766575232,0.0019325809293024854
2025-11-20,MNST,2025-11-21,completed,stall,,36.02000045776367,36.400001525878906,False,False,-0.002492388564571013,0.00996119766575232,-0.012453586230323332
2025-11-20,BR,2025-11-21,completed,neutral,,223.2869415283203,225.60398239074013,False,True,0.005591754568902818,0.00996119766575232,-0.004369443096849501
2025-11-20,SRE,2025-11-21,completed,neutral,,89.7931137084961,90.14257939217637,False,True,0.0197332971512032,0.00996119766575232,0.00977209948545088
2025-11-20,NEE,2025-11-21,completed,stall,,81.6973876953125,82.86197159089109,False,False,-0.003021499636941538,0.00996119766575232,-0.012982697302693857
2025-11-20,ZBH,2025-11-21,completed,continuation,,91.44365692138672,92.24718413564133,True,True,0.03491638478326098,0.00996119766575232,0.02495518711750866
2025-11-20,TMUS,2025-11-21,completed,stall,,205.14627075195312,206.98738206840588,False,False,-0.004892835395336026,0.00996119766575232,-0.014854033061088345
2025-11-20,TRV,2025-11-21,completed,continuation,,285.70343017578125,288.0968428873435,True,True,0.007712253267689206,0.00996119766575232,-0.002248944398063113
2025-11-20,EXR,2025-11-21,completed,continuation,,125.53104400634766,127.24985075600694,True,True,0.020572972378181342,0.00996119766575232,0.010611774712429023
2025-11-20,GILD,2025-11-21,completed,neutral,,123.58575439453125,124.89344076524154,False,False,0.013201060648394547,0.00996119766575232,0.0032398629826422276
2025-11-20,ERIE,2025-11-21,completed,continuation,,291.4583435058594,296.62151120405787,True,True,0.011260502653438476,0.00996119766575232,0.0012993049876861562
2025-11-20,DRI,2025-11-21,completed,continuation,,170.72006225585938,171.36495617468483,True,True,0.032562947171213,0.00996119766575232,0.022601749505460678
2025-11-20,ATO,2025-11-21,completed,neutral,,171.1913604736328,172.11983310788273,False,False,0.0022314198276289776,0.00996119766575232,-0.007729777838123342
2025-11-20,COR,2025-11-21,completed,neutral,,363.5112609863281,367.18932959817926,False,True,0.009970368698451804,0.00996119766575232,9.171032699484272e-06
2025-11-20,VTR,2025-11-21,completed,stall,,77.8001708984375,78.55618384145878,False,False,-0.006768633660912959,0.00996119766575232,-0.01672983132666528
2025-11-20,MCK,2025-11-21,completed,neutral,,862.6338500976562,866.3292622415353,False,True,0.0195064912113021,0.00996119766575232,0.009545293545549782
2025-11-20,VLTO,2025-11-21,completed,neutral,,98.55835723876953,99.21554174637062,False,True,0.01737082199004658,0.00996119766575232,0.007409624324294262
2025-11-20,OKE,2025-11-21,completed,neutral,,67.94300079345703,68.55952538995908,False,True,0.011617770544005257,0.00996119766575232,0.0016565728782529376
2025-11-20,KDP,2025-11-21,completed,continuation,,27.078462600708008,27.2639320454825,True,True,0.01947813343518834,0.00996119766575232,0.009516935769436019
2025-11-20,STZ,2025-11-21,completed,continuation,,130.88418579101562,132.7349341411728,True,True,0.024607172992958226,0.00996119766575232,0.014645975327205907
2025-11-20,BRK-B,2025-11-21,completed,neutral,,504.0400085449219,507.8399963378906,False,True,0.005826974489516301,0.00996119766575232,-0.004134223176236018
2025-11-20,GIS,2025-11-21,completed,continuation,,46.070213317871094,46.79467604221887,True,True,0.010876542541290668,0.00996119766575232,0.0009153448755383486
2025-11-20,DGX,2025-11-21,completed,continuation,,188.78599548339844,191.26365201480175,True,True,0.019401898457270805,0.00996119766575232,0.009440700791518486
2025-11-20,FTV,2025-11-21,completed,continuation,,52.58695983886719,53.08973286122605,True,True,0.03894570346941628,0.00996119766575232,0.028984505803663962
2025-11-20,WTW,2025-11-21,completed,neutral,,312.0043640136719,316.8768151164719,False,False,0.000539916748888869,0.00996119766575232,-0.00942128091686345
2025-11-20,AMT,2025-11-21,completed,neutral,,174.4055938720703,176.7658466160273,False,False,0.002456446272648849,0.00996119766575232,-0.00750475139310347
2025-11-20,UHS,2025-11-21,completed,continuation,,230.91433715820312,234.45889770933186,True,True,0.029017666052084,0.00996119766575232,0.019056468386331682
2025-11-20,AIG,2025-11-21,completed,neutral,,74.13381958007812,75.0902623516215,False,False,0.0035672202421546118,0.00996119766575232,-0.006393977423597708
2025-11-20,CSGP,2025-11-21,completed,neutral,,67.25,67.58999633789062,False,True,0.02640420399222765,0.00996119766575232,0.01644300632647533
2025-11-20,NOC,2025-11-21,completed,stall,,557.6091918945312,562.4994359174952,False,False,-0.0011457031812041052,0.00996119766575232,-0.011106900846956425
2025-11-20,MO,2025-11-21,completed,neutral,,54.503849029541016,55.21570747038691,False,False,0.00017185375672301717,0.00996119766575232,-0.009789343909029302
2025-11-20,HRL,2025-11-21,completed,continuation,,21.827566146850586,22.135402830030184,True,True,0.016577219649870356,0.00996119766575232,0.006616021984118037
2025-11-20,TSN,2025-11-21,completed,neutral,,51.84687042236328,52.262263954404155,False,True,0.018212893448992018,0.00996119766575232,0.008251695783239699
2025-11-20,CVS,2025-11-21,completed,neutral,,76.24781036376953,76.47256049342295,False,False,0.026170447158390786,0.00996119766575232,0.016209249492638467
2025-11-20,MCD,2025-11-21,completed,continuation,,301.5927734375,302.7529354857303,True,True,0.017063244741680084,0.00996119766575232,0.007102047075927764
2025-11-20,COO,2025-11-21,completed,continuation,,75.47000122070312,76.08000183105469,True,True,0.06131346607971855,0.00996119766575232,0.05135226841396623
2025-11-20,YUM,2025-11-21,completed,continuation,,150.06578063964844,150.46797387626702,True,True,0.025266178284380603,0.00996119766575232,0.015304980618628283
2025-11-20,DOV,2025-11-21,completed,continuation,,181.7198028564453,182.44240160560824,True,True,0.031174591305385357,0.00996119766575232,0.021213393639633038
2025-11-20,CHRW,2025-11-21,completed,neutral,,149.402099609375,150.12114746909148,False,False,0.020932672482305792,0.00996119766575232,0.010971474816553473
2025-11-20,O,2025-11-21,completed,neutral,,54.22858810424805,54.697479935032106,False,False,0.006572029237939647,0.00996119766575232,-0.003389168427812672
2025-11-20,CAH,2025-11-21,completed,neutral,,208.00099182128906,208.84499657683315,False,True,0.007599822511147991,0.00996119766575232,-0.0023613751546043282
2025-11-20,DE,2025-11-21,completed,continuation,,482.8927307128906,486.65884444640477,True,True,0.02290434251620921,0.00996119766575232,0.012943144850456889
2025-11-20,INVH,2025-11-21,completed,continuation,,26.962095260620117,27.182076440123215,True,True,0.00858667326504925,0.00996119766575232,-0.00137452440070307
2025-11-20,SBUX,2025-11-21,completed,continuation,,83.8274154663086,85.03547644193813,True,True,0.03304282894746735,0.00996119766575232,0.02308163128171503
2025-11-20,LVS,2025-11-21,completed,neutral,,63.2025260925293,63.821681769033546,False,False,0.013074884379258078,0.00996119766575232,0.003113686713505759
2025-11-20,CPT,2025-11-21,completed,continuation,,102.11736297607422,102.67050242181938,True,True,0.014167262285824211,0.00996119766575232,0.004206064620071892
2025-11-20,CTAS,2025-11-21,completed,neutral,,184.39198303222656,185.5332621041577,False,True,0.014192196360785836,0.00996119766575232,0.0042309986950335166
2025-11-20,SPG,2025-11-21,completed,neutral,,174.97372436523438,175.3464556576992,False,False,0.016715714051515063,0.00996119766575232,0.006754516385762743
2025-11-20,WDAY,2025-11-21,completed,neutral,,225.13999938964844,227.44000244140625,False,False,0.03842074592894851,0.00996119766575232,0.028459548263196188
2025-11-20,CCI,2025-11-21,completed,stall,,85.60186004638672,86.8191722757441,False,False,-0.0012206998216085507,0.00996119766575232,-0.01118189748736087
2025-11-20,TYL,2025-11-21,completed,continuation,,472.7699890136719,481.57000732421875,True,True,0.014527873419896808,0.00996119766575232,0.004566675754144489
2025-11-20,LIN,2025-11-21,completed,neutral,,407.2158508300781,410.84662034893984,False,False,0.010354589726867758,0.00996119766575232,0.00039339206111543845
2025-11-20,CDW,2025-11-21,completed,neutral,,137.4021453857422,139.5680488836884,False,True,0.026053954964680326,0.00996119766575232,0.016092757298928007
2025-11-20,AES,2025-11-21,completed,neutral,,13.264488220214844,13.274135341538665,False,False,0.017764678325874916,0.00996119766575232,0.007803480660122597
2025-11-20,DOW,2025-11-21,completed,continuation,,21.155839920043945,21.39408135239742,True,True,0.059665806138746724,0.00996119766575232,0.049704608472994405
2025-12-04,AVGO,2025-12-05,completed,neutral,,387.35986328125,390.62559024939,False,True,0.02417133190279186,0.0018994238357272764,0.022271908067064583
2025-12-04,DELL,2025-12-05,completed,stall,,137.65086364746094,137.93822830972994,False,False,-0.0005755415131057928,0.0018994238357272764,-0.002474965348833069
2025-12-04,CRH,2025-12-05,completed,stall,,118.16551208496094,120.00489553570894,False,False,-0.012887246440434041,0.0018994238357272764,-0.014786670276161318
2025-12-04,LULU,2025-12-05,completed,continuation,,190.00999450683594,191.85000610351562,True,True,0.03491278970713263,0.0018994238357272764,0.033013365871405354
2025-12-04,ECHO,2025-12-05,completed,continuation,,82.0,88.0,True,True,0.10067114093959728,0.0018994238357272764,0.09877171710387
2025-12-04,RL,2025-12-05,completed,continuation,,365.59033203125,365.8979486271041,True,True,0.03207562173315859,0.0018994238357272764,0.03017619789743131
2025-12-04,ADSK,2025-12-05,completed,neutral,,306.739990234375,307.8299865722656,False,False,0.0029098712215103184,0.0018994238357272764,0.001010447385783042
2025-12-04,CVNA,2025-12-05,completed,neutral,,79.9540023803711,81.63800048828125,False,True,0.0023067035859112295,0.0018994238357272764,0.0004072797501839531
2025-12-04,GOOG,2025-12-05,completed,neutral,,321.2513732910156,322.98683312727684,False,True,0.011620878276044966,0.0018994238357272764,0.00972145444031769
2025-12-04,GOOGL,2025-12-05,completed,neutral,,320.4366149902344,322.32172694260385,False,True,0.011491530112970327,0.0018994238357272764,0.009592106277243051
2025-12-04,ULTA,2025-12-05,completed,continuation,,601.5,611.9000244140625,True,True,0.1265099470899107,0.0018994238357272764,0.12461052325418343
2025-12-04,NTAP,2025-12-05,completed,continuation,,115.75428009033203,116.22807939632081,True,True,0.011035387099839422,0.0018994238357272764,0.009135963264112146
2025-12-04,SNDK,2025-12-05,completed,continuation,,228.47000122070312,229.4499969482422,True,True,0.07107029129258269,0.0018994238357272764,0.06917086745685541
2025-12-04,RDDT,2025-12-05,completed,continuation,,234.11000061035156,237.58999633789062,True,True,0.05099888040561873,0.0018994238357272764,0.04909945656989145
2025-12-04,HOOD,2025-12-05,completed,stall,,131.9499969482422,135.24000549316406,False,False,-0.037423437513044444,0.0018994238357272764,-0.03932286134877172
2025-12-04,HD,2025-12-05,completed,neutral,,347.0747985839844,348.0633464265518,False,False,0.00979576601219212,0.0018994238357272764,0.007896342176464843
2025-12-04,JBL,2025-12-05,completed,continuation,,219.89366149902344,222.13197384626693,True,True,0.006126494079535361,0.0018994238357272764,0.004227070243808084
2025-12-04,MRK,2025-12-05,completed,stall,,96.8753662109375,99.17775431849006,False,False,-0.011596740529634775,0.0018994238357272764,-0.013496164365362051
2025-12-04,VRT,2025-12-05,completed,continuation,,188.889404296875,189.52896149044486,True,True,0.03549908002525548,0.0018994238357272764,0.033599656189528204
2025-12-04,LOW,2025-12-05,completed,continuation,,244.6653289794922,244.87210496124916,True,True,0.009343154666994646,0.0018994238357272764,0.00744373083126737
2025-12-04,EQT,2025-12-05,completed,neutral,,60.15073776245117,61.68721761036699,False,True,0.010154813287838405,0.0018994238357272764,0.008255389452111128
2025-12-04,ABNB,2025-12-05,completed,continuation,,124.31999969482422,124.80999755859375,True,True,0.02896871386227895,0.0018994238357272764,0.027069290026551673
2025-12-04,CARR,2025-12-05,completed,stall,,53.67324447631836,54.1774490099811,False,False,-0.0038531512134587498,0.0018994238357272764,-0.005752575049186026
2025-12-04,CMI,2025-12-05,completed,stall,,505.4640808105469,509.20569175988453,False,False,-0.00017620463545564569,0.0018994238357272764,-0.002075628471182922
2025-12-04,BNY,2025-12-05,completed,neutral,,112.52510833740234,113.45278663656754,False,True,0.000614253739712245,0.0018994238357272764,-0.0012851700960150314
2025-12-04,MOS,2025-12-05,completed,stall,,22.982410430908203,23.907156853765503,False,False,-0.020331926389697608,0.0018994238357272764,-0.022231350225424884
2025-12-04,CFG,2025-12-05,completed,stall,,54.327178955078125,55.02267567265537,False,True,-0.007516135173912586,0.0018994238357272764,-0.009415559009639862
2025-12-04,TGT,2025-12-05,completed,neutral,,89.7190170288086,90.20561543781629,False,False,0.006550992607707862,0.0018994238357272764,0.004651568771980585
2025-12-04,ILMN,2025-12-05,completed,neutral,,128.9600067138672,129.27000427246094,False,False,0.007263984561723724,0.0018994238357272764,0.005364560725996448
2025-12-11,CVNA,2025-12-12,completed,stall,,91.13600158691406,97.06600189208984,False,True,-0.0360670585595142,-0.010751920043269747,-0.02531513851624445
2025-12-11,CRM,2025-12-12,completed,stall,,260.0245056152344,262.2654771366241,False,False,-0.00045762837525853417,-0.010751920043269747,0.010294291668011213
2025-12-11,MCHP,2025-12-12,completed,stall,,66.05580139160156,68.3959714596303,False,True,-0.0276449725034964,-0.010751920043269747,-0.016893052460226654
2025-12-11,ULTA,2025-12-12,completed,neutral,,601.5900268554688,602.0700073242188,False,False,0.013784826816426232,-0.010751920043269747,0.02453674685969598
2025-12-11,NXPI,2025-12-12,completed,stall,,225.2012939453125,231.88349179508245,False,True,-0.015830554294124055,-0.010751920043269747,-0.005078634250854308
2025-12-11,BA,2025-12-12,completed,neutral,,204.3800048828125,206.1199951171875,False,False,0.018285078203287064,-0.010751920043269747,0.02903699824655681
2025-12-11,CRH,2025-12-12,completed,stall,,124.99890899658203,126.02738192559342,False,True,-0.004646078545312515,-0.010751920043269747,0.006105841497957232
2025-12-11,ALGN,2025-12-12,completed,neutral,,165.42999267578125,166.8300018310547,False,True,0.009519726643539395,-0.010751920043269747,0.02027164668680914
2025-12-11,ON,2025-12-12,completed,stall,,54.959999084472656,56.77000045776367,False,True,-0.018045419228200243,-0.010751920043269747,-0.007293499184930496
2025-12-11,BMY,2025-12-12,completed,continuation,,50.69695281982422,51.257997001278135,True,True,0.023632845069446073,-0.010751920043269747,0.03438476511271582
2025-12-11,COHR,2025-12-12,completed,stall,,178.33999633789062,196.0399932861328,False,False,-0.10156173129526136,-0.010751920043269747,-0.09080981125199161
2025-12-11,MRNA,2025-12-12,completed,stall,,29.459999084472656,30.434999465942383,False,True,-0.005737431019540606,-0.010751920043269747,0.005014489023729141
2025-12-11,LYV,2025-12-12,completed,continuation,,143.13999938964844,144.5,True,True,0.008951887757604249,-0.010751920043269747,0.019703807800873996
2025-12-11,DECK,2025-12-12,completed,stall,,101.18000030517578,103.08999633789062,False,True,-0.0017758514610486387,-0.010751920043269747,0.008976068582221108
2025-12-11,HRL,2025-12-12,completed,neutral,,23.13587188720703,23.337890855901083,False,True,0.01433998944840087,-0.010751920043269747,0.025091909491670616
2025-12-11,CRWD,2025-12-12,completed,stall,,126.19499969482422,129.35899353027344,False,False,-0.02486240708543086,-0.010751920043269747,-0.014110487042161113
2025-12-11,C,2025-12-12,completed,neutral,,110.13668060302734,111.74242731128456,False,True,0.0005370081286590889,-0.010751920043269747,0.011288928171928836
2025-12-11,SNPS,2025-12-12,completed,stall,,452.95001220703125,477.5,False,False,-0.050936590246754676,-0.010751920043269747,-0.04018467020348493
2025-12-11,FIX,2025-12-12,completed,stall,,966.5679321289062,1022.4080701159006,False,False,-0.055584896609164214,-0.010751920043269747,-0.04483297656589447
2025-12-11,BE,2025-12-12,completed,stall,,94.9800033569336,107.0999984741211,False,False,-0.1285438552292434,-0.010751920043269747,-0.11779193518597364
2025-12-11,LII,2025-12-12,completed,stall,,501.7496032714844,514.5969288048929,False,False,-0.017674629748880788,-0.010751920043269747,-0.006922709705611041
2025-12-11,MRVL,2025-12-12,completed,stall,,84.30628204345703,88.86958515630499,False,False,-0.0559096757999189,-0.010751920043269747,-0.045157755756649154
2025-12-11,TXN,2025-12-12,completed,stall,,176.45187377929688,180.1988429865721,False,True,-0.012385123299092027,-0.010751920043269747,-0.0016332032558222798
2025-12-11,UAL,2025-12-12,completed,stall,,106.83999633789062,109.62000274658203,False,True,-0.014300240432567501,-0.010751920043269747,-0.0035483203892977544
2025-12-11,VRTX,2025-12-12,completed,continuation,,452.0400085449219,456.0,True,True,0.013701737872525266,-0.010751920043269747,0.024453657915795013
2025-12-11,DAL,2025-12-12,completed,stall,,69.26559448242188,71.03171220105523,False,True,-0.010629209954276853,-0.010751920043269747,0.00012271008899289448
2025-12-11,AMT,2025-12-12,completed,stall,,175.5128631591797,177.90225346927087,False,False,-0.005558454681644842,-0.010751920043269747,0.005193465361624905
2025-12-11,WMT,2025-12-12,completed,continuation,,115.96153259277344,116.20995062110511,True,True,0.012273912177388713,-0.010751920043269747,0.02302583222065846
2025-12-11,EQIX,2025-12-12,completed,stall,,739.0486450195312,753.0156248029914,False,True,-0.005052235161719376,-0.010751920043269747,0.005699684881550371
2025-12-11,INTC,2025-12-12,completed,stall,,37.810001373291016,40.029998779296875,False,False,-0.04302700633919487,-0.010751920043269747,-0.032275086295925126
2025-12-11,MCD,2025-12-12,completed,continuation,,310.6308898925781,311.68032575400963,True,True,0.022634127914249014,-0.010751920043269747,0.03338604795751876
2025-12-11,ARES,2025-12-12,completed,stall,,166.87747192382812,171.13152031786956,False,False,-0.01747048431197895,-0.010751920043269747,-0.006718564268709204
2025-12-11,EME,2025-12-12,completed,stall,,622.6461791992188,640.7370078453419,False,False,-0.024906874978433913,-0.010751920043269747,-0.014154954935164166
2025-12-11,AVGO,2025-12-12,completed,stall,,357.2735290527344,379.1806486687593,False,False,-0.11428018056152922,-0.010751920043269747,-0.10352826051825947
2025-12-11,TPL,2025-12-12,completed,stall,,278.35357666015625,297.5778483415533,False,False,-0.05802541313094045,-0.010751920043269747,-0.047273493087670704
2025-12-11,RJF,2025-12-12,completed,stall,,162.11215209960938,164.04146665616483,False,False,-0.00036610587827168306,-0.010751920043269747,0.010385814164998064
2025-12-11,FDS,2025-12-12,completed,neutral,,288.4686584472656,290.6286990108514,False,False,0.0031555352879455434,-0.010751920043269747,0.01390745533121529
2025-12-11,MS,2025-12-12,completed,stall,,175.51727294921875,178.2128371214823,False,False,-0.010427559265992148,-0.010751920043269747,0.00032436077727759915
2025-12-11,PAYX,2025-12-12,completed,continuation,,111.64835357666016,112.71213767045148,True,True,0.007153459321117772,-0.010751920043269747,0.01790537936438752
2025-12-11,HPQ,2025-12-12,completed,stall,,23.820667266845703,24.523540199805932,False,False,-0.026367515860354795,-0.010751920043269747,-0.015615595817085048
2025-12-11,SCHW,2025-12-12,completed,stall,,95.70125579833984,96.44389357087559,False,True,-0.004121496374785316,-0.010751920043269747,0.006630423668484431
2025-12-11,FTNT,2025-12-12,completed,stall,,82.22000122070312,82.66000366210938,False,False,-0.0030314053146545117,-0.010751920043269747,0.007720514728615235
2025-12-11,BAC,2025-12-12,completed,continuation,,54.26974105834961,54.42721567540702,True,True,0.010630580353178543,-0.010751920043269747,0.02138250039644829
2025-12-11,NSC,2025-12-12,completed,continuation,,293.23944091796875,294.13798275660633,True,True,0.009929903042684929,-0.010751920043269747,0.020681823085954676
2025-12-11,UNP,2025-12-12,completed,continuation,,236.37188720703125,236.41129914863518,True,True,0.01622056930354021,-0.010751920043269747,0.026972489346809958
2025-12-11,HON,2025-12-12,completed,stall,,200.39505004882812,201.4919149695459,False,True,-0.0009801479159970983,-0.010751920043269747,0.009771772127272649
2025-12-11,TGT,2025-12-12,completed,neutral,,94.48767852783203,95.56792762447006,False,True,0.001237410144062867,-0.010751920043269747,0.011989330187332614
2025-12-11,TRGP,2025-12-12,completed,stall,,180.5251922607422,184.80205596982597,False,True,-0.013675767755050638,-0.010751920043269747,-0.0029238477117808914
2025-12-11,WMB,2025-12-12,completed,stall,,58.454124450683594,59.51087598534924,False,False,-0.011254551366227772,-0.010751920043269747,-0.0005026313229580248
2025-12-18,ECHO,2025-12-19,completed,neutral,,103.91000366210938,111.38999938964844,False,True,0.01286682299774311,0.009063486264369258,0.003803336733373852
2025-12-18,AIG,2025-12-19,completed,stall,,84.40182495117188,85.19649277775981,False,True,-0.001856488126452005,0.009063486264369258,-0.010919974390821263
2025-12-18,NCLH,2025-12-19,completed,continuation,,23.040000915527344,23.229999542236328,True,True,0.06518732360000556,0.009063486264369258,0.056123837335636306
2025-12-18,LIN,2025-12-19,completed,neutral,,417.3208312988281,419.26174203894755,False,False,0.005823503862832036,0.009063486264369258,-0.0032399824015372225
2025-12-18,OMC,2025-12-19,completed,stall,,77.79717254638672,78.8056299032736,False,False,-0.007791204174094957,0.009063486264369258,-0.016854690438464215
2025-12-18,HST,2025-12-19,completed,neutral,,17.30106544494629,17.42257403275828,False,False,0.0027086397682660746,0.009063486264369258,-0.006354846496103184
2025-12-18,ARES,2025-12-19,completed,stall,,160.1322479248047,161.78499557788984,False,False,-0.005880356402115372,0.009063486264369258,-0.01494384266648463
2025-12-18,RCL,2025-12-19,completed,continuation,,287.8296203613281,294.74131394481697,True,True,0.023924833442330762,0.009063486264369258,0.014861347177961504
2025-12-18,APO,2025-12-19,completed,neutral,,144.5221710205078,146.12205773959244,False,False,0.0002734238367287922,0.009063486264369258,-0.008790062427640466
2025-12-18,ACGL,2025-12-19,completed,stall,,96.19999694824219,96.66000366210938,False,True,-0.0025920166709196835,0.009063486264369258,-0.011655502935288942
2025-12-18,MAR,2025-12-19,completed,neutral,,308.3254699707031,309.8364685567788,False,False,0.01088578297552667,0.009063486264369258,0.0018222967111574118
2025-12-18,GWW,2025-12-19,completed,neutral,,1019.03076171875,1023.9816438417504,False,False,0.005394666996663577,0.009063486264369258,-0.003668819267705681
2025-12-18,FFIV,2025-12-19,completed,stall,,256.9100036621094,262.3500061035156,False,True,-0.008490532259759043,0.009063486264369258,-0.0175540185241283
2025-12-18,WRB,2025-12-19,completed,stall,,68.5649185180664,69.1579536176809,False,True,-0.002588160320772026,0.009063486264369258,-0.011651646585141284
2025-12-18,FITB,2025-12-19,completed,neutral,,46.671756744384766,46.92545898047097,False,False,0.0035669065876502426,0.009063486264369258,-0.005496579676719016
2025-12-18,CFG,2025-12-19,completed,continuation,,57.98099136352539,58.118134880510894,True,True,0.013353824376091561,0.009063486264369258,0.004290338111722303
2025-12-18,CB,2025-12-19,completed,stall,,307.792724609375,309.5367967193793,False,False,-0.0011578178752779111,0.009063486264369258,-0.01022130413964717
2025-12-18,GE,2025-12-19,completed,continuation,,306.0312194824219,307.24653952970755,True,True,0.01829679116663785,0.009063486264369258,0.009233304902268591
2025-12-18,DG,2025-12-19,completed,neutral,,135.36146545410156,135.49950830603922,False,False,0.004389921691758669,0.009063486264369258,-0.004673564572610589
2025-12-18,ILMN,2025-12-19,completed,neutral,,134.77999877929688,135.50999450683594,False,True,0.032717833516093586,0.009063486264369258,0.023654347251724328
2025-12-18,HIG,2025-12-19,completed,neutral,,137.16278076171875,137.43905881866348,False,False,0.0005756947295214587,0.009063486264369258,-0.0084877915348478
2025-12-18,PM,2025-12-19,completed,stall,,152.78060913085938,155.71271277928903,False,False,-0.00298766240012327,0.009063486264369258,-0.012051148664492528
2025-12-18,AJG,2025-12-19,completed,neutral,,251.10862731933594,254.398728161,False,False,0.002968561514734347,0.009063486264369258,-0.006094924749634911
2025-12-18,RTX,2025-12-19,completed,continuation,,180.0568084716797,181.27361996152908,True,True,0.02086499690631327,0.009063486264369258,0.011801510641944013
2025-12-18,GM,2025-12-19,completed,neutral,,81.80859375,82.14636238325336,False,False,0.014537378911944732,0.009063486264369258,0.0054738926475754734
2025-12-18,ADBE,2025-12-19,completed,neutral,,355.8599853515625,357.54998779296875,False,False,0.00014049013043959668,0.009063486264369258,-0.008922996133929662
2025-12-18,NEM,2025-12-19,completed,continuation,,100.64044189453125,101.70357982661528,True,True,0.01962960741403541,0.009063486264369258,0.010566121149666152
2025-12-18,STT,2025-12-19,completed,neutral,,126.18789672851562,126.46285748373761,False,False,0.008871766900768963,0.009063486264369258,-0.00019171936360029562
2025-12-18,PEP,2025-12-19,completed,stall,,143.7831268310547,145.46201579542873,False,False,-0.008100589415117598,0.009063486264369258,-0.017164075679486857
2025-12-18,KKR,2025-12-19,completed,stall,,129.870361328125,131.89880221273532,False,False,-0.010305461435248131,0.009063486264369258,-0.01936894769961739
2025-12-18,TSN,2025-12-19,completed,neutral,,56.984458923339844,57.24759950267113,False,False,0.003776863036621503,0.009063486264369258,-0.005286623227747755
2025-12-18,CVS,2025-12-19,completed,stall,,75.94488525390625,77.14678801926372,False,False,-0.0008998101315308427,0.009063486264369258,-0.0099632963959001
2025-12-18,BALL,2025-12-19,completed,stall,,51.52105712890625,52.035971100077816,False,False,-0.008007662159859485,0.009063486264369258,-0.017071148424228744
2025-12-18,MTB,2025-12-19,completed,neutral,,201.67698669433594,202.6372557559926,False,False,0.010606043112483254,0.009063486264369258,0.0015425568481139962
2025-12-18,USB,2025-12-19,completed,neutral,,52.6426887512207,52.73016751845842,False,False,0.005383331416057624,0.009063486264369258,-0.003680154848311634
2025-12-18,NKE,2025-12-19,completed,stall,,57.19886779785156,58.82588575346562,False,False,-0.10543952505010834,0.009063486264369258,-0.1145030113144776
2025-12-18,PEG,2025-12-19,completed,stall,,77.97791290283203,79.26438732461133,False,True,-0.008058519254244612,0.009063486264369258,-0.01712200551861387
2025-12-18,KEY,2025-12-19,completed,neutral,,20.37540626525879,20.472524875534475,False,False,0.0019102036406322132,0.009063486264369258,-0.007153282623737045
2025-12-18,PG,2025-12-19,completed,stall,,141.31459045410156,142.86996682728406,False,False,-0.007284265692401259,0.009063486264369258,-0.016347751956770518
2025-12-18,TRV,2025-12-19,completed,stall,,289.65191650390625,291.8075870882253,False,True,-0.002485768209786521,0.009063486264369258,-0.011549254474155779
2025-12-18,RL,2025-12-19,completed,stall,,359.74554443359375,368.7557910997683,False,False,-0.02034805979228771,0.009063486264369258,-0.029411546056656968
2025-12-18,YUM,2025-12-19,completed,stall,,151.53533935546875,153.68393076956272,False,True,-0.006140977582624663,0.009063486264369258,-0.01520446384699392
2025-12-18,V,2025-12-19,completed,continuation,,347.1653137207031,347.8213777963309,True,True,0.009363927279102846,0.009063486264369258,0.00030044101473358786
2025-12-18,BAX,2025-12-19,completed,stall,,18.93353843688965,19.28305035648199,False,False,-0.00576820337857209,0.009063486264369258,-0.014831689642941348
2025-12-18,PFG,2025-12-19,completed,stall,,86.79930877685547,87.86295795246403,False,False,-0.004365335966432071,0.009063486264369258,-0.01342882223080133
2025-12-18,CCL,2025-12-19,completed,continuation,,30.627822875976562,30.991970094628957,True,True,0.09809462003524505,0.009063486264369258,0.08903113377087579
2025-12-18,AMP,2025-12-19,completed,neutral,,484.4403381347656,488.0847497856288,False,False,0.0030346678913093506,0.009063486264369258,-0.006028818373059908
2025-12-18,ODFL,2025-12-19,completed,stall,,156.7281036376953,157.4849020257338,False,False,-0.00731639476271273,0.009063486264369258,-0.01637988102708199
2025-12-18,PNC,2025-12-19,completed,neutral,,205.37130737304688,207.07134166493785,False,False,0.00334126188192041,0.009063486264369258,-0.005722224382448848
2025-12-18,TFC,2025-12-19,completed,neutral,,48.58009719848633,48.8226096556662,False,False,0.0028034441684117173,0.009063486264369258,-0.006260042095957541
2025-12-18,MA,2025-12-19,completed,continuation,,569.4369506835938,570.1435070697106,True,True,0.010632069202150651,0.009063486264369258,0.0015685829377813931
2025-12-18,WTW,2025-12-19,completed,neutral,,329.3450927734375,331.76150736428366,False,True,0.008827537752346348,0.009063486264369258,-0.0002359485120229099
2025-12-18,FICO,2025-12-19,completed,stall,,1748.4300537109375,1766.3299560546875,False,False,-0.007369085117534757,0.009063486264369258,-0.016432571381904015
2025-12-18,TSLA,2025-12-19,completed,stall,,481.20001220703125,490.489990234375,False,False,-0.00448927929345333,0.009063486264369258,-0.013552765557822588
2025-12-18,CINF,2025-12-19,completed,stall,,163.60899353027344,164.3816189597808,False,False,-0.003692337941144097,0.009063486264369258,-0.012755824205513355
2025-12-18,DAL,2025-12-19,completed,neutral,,70.5058364868164,70.6943571950368,False,False,0.012972052933920786,0.009063486264369258,0.0039085666695515275
2025-12-18,DPZ,2025-12-19,completed,neutral,,424.080810546875,426.8227542248132,False,False,0.0003245086371990169,0.009063486264369258,-0.008738977627170241
2025-12-18,FCX,2025-12-19,completed,continuation,,48.801666259765625,49.28819141690297,True,True,0.025667865344344953,0.009063486264369258,0.016604379079975695
2025-12-18,MKC,2025-12-19,completed,neutral,,66.89458465576172,67.44081975477285,False,False,0.0017529520155235012,0.009063486264369258,-0.007310534248845757
2025-12-18,NDSN,2025-12-19,completed,continuation,,238.25067138671875,240.54020653131178,True,True,0.008559255875049798,0.009063486264369258,-0.00050423038931946
2025-12-18,GPN,2025-12-19,completed,stall,,80.05093383789062,82.11037839080235,False,False,-0.015465149927955113,0.009063486264369258,-0.02452863619232437
2025-12-18,FAST,2025-12-19,completed,neutral,,41.66511535644531,41.84220470118112,False,False,0.00023617906054207438,0.009063486264369258,-0.008827307203827184
2025-12-18,JPM,2025-12-19,completed,neutral,,312.7686767578125,314.099781180705,False,False,0.013450402327430444,0.009063486264369258,0.004386916063061186
2025-12-18,CBRE,2025-12-19,completed,neutral,,161.6300048828125,161.66000366210938,False,False,0.006664221104190515,0.009063486264369258,-0.002399265160178743
2025-12-18,EFX,2025-12-19,completed,stall,,217.19140625,218.34099021796305,False,False,-0.0011394311602036522,0.009063486264369258,-0.01020291742457291
2025-12-18,AXP,2025-12-19,completed,neutral,,373.4692077636719,374.50078663246603,False,False,0.0026363176889805384,0.009063486264369258,-0.00642716857538872
2025-12-18,BNY,2025-12-19,completed,neutral,,114.32125091552734,114.56797323624907,False,False,0.012145080354889037,0.009063486264369258,0.003081594090519779
2025-12-18,WFC,2025-12-19,completed,neutral,,91.50363159179688,91.62168329315968,False,False,0.01672494496566368,0.009063486264369258,0.007661458701294421
2025-12-18,TKO,2025-12-19,completed,neutral,,210.89495849609375,212.60432587327006,False,False,0.00864799673582839,0.009063486264369258,-0.00041548952854086885
2025-12-18,CIEN,2025-12-19,completed,continuation,,230.33999633789062,231.35000610351562,True,True,0.09316116462698387,0.009063486264369258,0.08409767836261461
2025-12-18,CTSH,2025-12-19,completed,continuation,,83.89068603515625,85.39346839933859,True,True,0.019699168102374598,0.009063486264369258,0.01063568183800534
2025-12-18,KVUE,2025-12-19,completed,stall,,16.249252319335938,16.38291185786508,False,False,-0.004678286188488312,0.009063486264369258,-0.01374177245285757
2025-12-18,PCAR,2025-12-19,completed,neutral,,110.6427001953125,111.7633056239531,False,True,0.01335146752664329,0.009063486264369258,0.004287981262274032
2025-12-18,NTRS,2025-12-19,completed,neutral,,137.3933868408203,137.69879062998666,False,False,0.008168840773217223,0.009063486264369258,-0.0008946454911520352
2025-12-18,BKNG,2025-12-19,completed,neutral,,214.2014617919922,215.84000980803634,False,False,0.009030153726812706,0.009063486264369258,-3.3332537556551856e-05
2025-12-18,VICI,2025-12-19,completed,stall,,26.30329132080078,26.75908797948482,False,False,-0.014234819480701488,0.009063486264369258,-0.023298305745070746
2025-12-18,BRO,2025-12-19,completed,stall,,79.57810974121094,80.95767476426718,False,False,-0.010978036814830339,0.009063486264369258,-0.020041523079199597
2025-12-18,HII,2025-12-19,completed,continuation,,332.5970764160156,333.38745661305717,True,True,0.04342442594878637,0.009063486264369258,0.03436093968441711
2025-12-18,AWK,2025-12-19,completed,stall,,127.60519409179688,129.98584428016318,False,False,-0.020823873595499642,0.009063486264369258,-0.0298873598598689
2025-12-18,PKG,2025-12-19,completed,stall,,199.02223205566406,200.36657421265923,False,False,-0.0059304467197228705,0.009063486264369258,-0.014993932984092129
2025-12-18,C,2025-12-19,completed,continuation,,113.15115356445312,113.88999532592263,True,True,0.017991698715682736,0.009063486264369258,0.008928212451313478
2025-12-18,FOXA,2025-12-19,completed,neutral,,71.10550689697266,71.64050815960836,False,True,0.007156802122909811,0.009063486264369258,-0.001906684141459447
2025-12-18,SLB,2025-12-19,completed,stall,,37.46491622924805,37.8682935716507,False,False,-0.0013112539655391053,0.009063486264369258,-0.010374740229908364
2025-12-18,BAC,2025-12-19,completed,neutral,,54.39768600463867,54.4370555943751,False,False,0.018614101706925457,0.009063486264369258,0.009550615442556198
2025-12-18,REG,2025-12-19,completed,continuation,,66.57839965820312,66.82120927415578,True,True,0.01240586892940887,0.009063486264369258,0.0033423826650396116
2025-12-18,ABT,2025-12-19,completed,neutral,,123.1611328125,123.8287263552312,False,False,0.0026374316543473775,0.009063486264369258,-0.006426054610021881
2025-12-18,WM,2025-12-19,completed,stall,,213.60935974121094,215.67297621137587,False,False,-0.009069295764837615,0.009063486264369258,-0.018132782029206873
2025-12-18,MCD,2025-12-19,completed,stall,,309.7677917480469,313.19068492389414,False,False,-0.011919398169049966,0.009063486264369258,-0.020982884433419224
2025-12-18,EVRG,2025-12-19,completed,stall,,70.6769027709961,71.4571042023638,False,False,-0.011188458275920743,0.009063486264369258,-0.02025194454029
2025-12-18,HBAN,2025-12-19,completed,neutral,,17.185077667236328,17.23364978403948,False,False,0.005685010756783182,0.009063486264369258,-0.003378475507586076
2025-12-18,LMT,2025-12-19,completed,neutral,,465.6964111328125,467.2581253897556,False,False,0.008486920018610178,0.009063486264369258,-0.0005765662457590803
2025-12-18,TRGP,2025-12-19,completed,neutral,,176.32716369628906,178.82037454806525,False,False,0.0018476799747539907,0.009063486264369258,-0.0072158062896152675
2025-12-18,SNA,2025-12-19,completed,neutral,,339.6771240234375,341.57015155979894,False,False,0.001069554499791625,0.009063486264369258,-0.007993931764577633
2025-12-18,HUBB,2025-12-19,completed,neutral,,438.6297912597656,439.7449265206123,False,False,0.017615274869357433,0.009063486264369258,0.008551788604988175
2025-12-18,JBHT,2025-12-19,completed,neutral,,196.58692932128906,197.67091374386695,False,False,0.006414765631548303,0.009063486264369258,-0.0026487206328209556
2025-12-18,CVNA,2025-12-19,completed,stall,,90.04399871826172,94.97799682617188,False,True,-0.03332335443372336,0.009063486264369258,-0.04238684069809262
2025-12-18,D,2025-12-19,completed,stall,,57.6380729675293,58.6564127341585,False,True,-0.011148040732168574,0.009063486264369258,-0.020211526996537832
2025-12-18,MET,2025-12-19,completed,stall,,79.87884521484375,80.62309056521802,False,False,-0.0017135064180450188,0.009063486264369258,-0.010776992682414277
2025-12-18,BMY,2025-12-19,completed,neutral,,52.41876983642578,53.06687245057124,False,True,0.016126001621954433,0.009063486264369258,0.007062515357585175
2025-12-18,KO,2025-12-19,completed,stall,,68.72510528564453,69.42157636091521,False,False,-0.0042637441691596445,0.009063486264369258,-0.013327230433528903
2025-12-18,ATO,2025-12-19,completed,stall,,163.8585205078125,166.53215808407617,False,False,-0.016054646160612474,0.009063486264369258,-0.02511813242498173
2025-12-18,JCI,2025-12-19,completed,neutral,,118.50209045410156,119.15641835894607,False,True,0.015202972867777609,0.009063486264369258,0.006139486603408351
2025-12-18,GD,2025-12-19,completed,neutral,,334.94256591796875,336.975778787722,False,False,0.00598795479661951,0.009063486264369258,-0.003075531467749748
2025-12-18,ZTS,2025-12-19,completed,stall,,120.3541259765625,122.57926166508169,False,False,-0.004235911739824405,0.009063486264369258,-0.013299398004193663
2025-12-18,HPE,2025-12-19,completed,neutral,,24.141611099243164,24.289840014935216,False,True,0.027463548104131208,0.009063486264369258,0.01840006183976195
2025-12-18,DHR,2025-12-19,completed,neutral,,223.5877227783203,224.73132681848136,False,False,0.0021841021520183634,0.009063486264369258,-0.006879384112350895
2025-12-18,SYF,2025-12-19,completed,neutral,,83.63471984863281,83.77299110146735,False,False,0.01195028098216544,0.009063486264369258,0.0028867947177961817
2025-12-18,WMT,2025-12-19,completed,stall,,113.6363525390625,114.55052913668048,False,False,-0.0040929389264615645,0.009063486264369258,-0.013156425190830823
2025-12-18,SWK,2025-12-19,completed,stall,,70.57632446289062,71.0613851121201,False,False,-0.002604924774171513,0.009063486264369258,-0.011668411038540771
2025-12-18,XOM,2025-12-19,completed,neutral,,114.3951644897461,115.25785562394006,False,False,0.0012871686216937572,0.009063486264369258,-0.007776317642675501
2025-12-18,IP,2025-12-19,completed,stall,,36.885684967041016,37.184703580664134,False,False,-0.009326369130741696,0.009063486264369258,-0.018389855395110954
2025-12-18,MCK,2025-12-19,completed,neutral,,817.7943725585938,823.1383114278462,False,True,0.011954646886082054,0.009063486264369258,0.002891160621712796
2025-12-18,PLD,2025-12-19,completed,stall,,124.31814575195312,125.51999855843056,False,False,-0.003368379847948244,0.009063486264369258,-0.012431866112317502
2025-12-18,PTC,2025-12-19,completed,continuation,,178.1699981689453,178.7100067138672,True,True,0.01290508442994498,0.009063486264369258,0.0038415981655757214
2025-12-18,NWS,2025-12-19,completed,neutral,,29.591533660888672,29.969001187285198,False,True,0.000671823592127696,0.009063486264369258,-0.008391662672241562
2025-12-18,TROW,2025-12-19,completed,stall,,99.32221984863281,99.81267826165237,False,False,-0.00038722592133166867,0.009063486264369258,-0.009450712185700927
2025-12-18,IVZ,2025-12-19,completed,neutral,,26.399599075317383,26.57559670087573,False,True,0.019637441759968288,0.009063486264369258,0.01057395549559903
2025-12-18,ULTA,2025-12-19,completed,neutral,,597.8800048828125,605.6599731445312,False,True,0.006515033507119572,0.009063486264369258,-0.0025484527572496862
2025-12-18,BBY,2025-12-19,completed,neutral,,69.09850311279297,69.4351921011966,False,False,0.0009755691059247784,0.009063486264369258,-0.00808791715844448
2025-12-18,IEX,2025-12-19,completed,neutral,,175.92910766601562,177.16609375045994,False,False,0.0015774617642083655,0.009063486264369258,-0.007486024500160893
2025-12-18,GS,2025-12-19,completed,neutral,,880.5897216796875,886.7692834769792,False,True,0.019605213084087802,0.009063486264369258,0.010541726819718544
2025-12-18,CTVA,2025-12-19,completed,stall,,65.86849975585938,66.79727959697327,False,False,-0.009707225562318622,0.009063486264369258,-0.01877071182668788
2025-12-18,DIS,2025-12-19,completed,stall,,110.39411163330078,112.61708377659764,False,True,-0.00563157469749731,0.009063486264369258,-0.014695060961866568
2025-12-18,ROST,2025-12-19,completed,stall,,181.3165740966797,182.07201292977706,False,False,-0.0008763001668602444,0.009063486264369258,-0.009939786431229503
2025-12-18,ICE,2025-12-19,completed,neutral,,158.6649932861328,159.4073435213114,False,False,0.0014368195235641146,0.009063486264369258,-0.007626666740805144
2025-12-18,MRSH,2025-12-19,completed,stall,,181.79786682128906,183.2349329312587,False,False,-0.005545730996573073,0.009063486264369258,-0.014609217260942331
2025-12-18,ABBV,2025-12-19,completed,neutral,,221.58108520507812,224.16987148675082,False,True,0.017951624379181963,0.009063486264369258,0.008888138114812705
2025-12-18,DXCM,2025-12-19,completed,neutral,,66.05999755859375,66.87000274658203,False,False,0.002275737947964984,0.009063486264369258,-0.006787748316404274
2025-12-18,GLW,2025-12-19,completed,neutral,,87.39755249023438,88.66086454923453,False,True,0.011279974031562112,0.009063486264369258,0.002216487767192854
2025-12-18,MAS,2025-12-19,completed,stall,,63.26498031616211,64.29111310829046,False,False,-0.015204984431667401,0.009063486264369258,-0.02426847069603666
2025-12-18,INCY,2025-12-19,completed,continuation,,102.69000244140625,103.44999694824219,True,True,0.05528727795489874,0.009063486264369258,0.04622379169052948
2025-12-18,DHI,2025-12-19,completed,stall,,145.88389587402344,148.56013122713168,False,False,-0.027873238368263498,0.009063486264369258,-0.036936724632632756
2025-12-18,HRL,2025-12-19,completed,stall,,22.77031707763672,23.05891351738744,False,False,-0.013749931637796475,0.009063486264369258,-0.022813417902165734
2025-12-18,SCHW,2025-12-19,completed,continuation,,97.84994506835938,98.55297453232195,True,True,0.016352920945587712,0.009063486264369258,0.007289434681218454
2025-12-18,LYB,2025-12-19,completed,neutral,,41.70185852050781,42.582542780337974,False,False,0.0006965216847640843,0.009063486264369258,-0.008366964579605174
2025-12-18,DOW,2025-12-19,completed,neutral,,22.495277404785156,22.780578715419928,False,True,0.009548680362649886,0.009063486264369258,0.000485194098280628
2025-12-18,AME,2025-12-19,completed,neutral,,202.36900329589844,202.64774875149277,False,False,0.006585463057827701,0.009063486264369258,-0.0024780232065415575
2025-12-18,BLK,2025-12-19,completed,stall,,1043.0401611328125,1051.2946126529164,False,False,-0.004525696076545627,0.009063486264369258,-0.013589182340914885
2025-12-18,HWM,2025-12-19,completed,continuation,,203.1857452392578,203.49527928645864,True,True,0.027727297775688164,0.009063486264369258,0.018663811511318906
2025-12-18,LVS,2025-12-19,completed,stall,,65.79707336425781,66.2786406361358,False,False,-0.00014920976214438664,0.009063486264369258,-0.009212696026513645
2025-12-18,MRK,2025-12-19,completed,neutral,,99.04564666748047,100.13319966220108,False,True,0.003972548213200033,0.009063486264369258,-0.005090938051169225
2025-12-18,NUE,2025-12-19,completed,neutral,,157.68280029296875,157.74225985603067,False,False,0.008363329684234033,0.009063486264369258,-0.000700156580135225
2025-12-18,WST,2025-12-19,completed,neutral,,271.9080810546875,272.107599054689,False,False,0.014442270936579238,0.009063486264369258,0.00537878467220998
2025-12-18,ECL,2025-12-19,completed,neutral,,261.4762878417969,261.98220787719816,False,False,0.002548244106761244,0.009063486264369258,-0.006515242157608014
2025-12-18,ZBH,2025-12-19,completed,stall,,88.41801452636719,89.82667712228489,False,False,-0.014048780106002412,0.009063486264369258,-0.02311226637037167
2025-12-18,CNP,2025-12-19,completed,stall,,36.969207763671875,37.70662550164964,False,False,-0.016736346911333966,0.009063486264369258,-0.025799833175703224
2025-12-18,LDOS,2025-12-19,completed,neutral,,182.98049926757812,183.07958507804392,False,False,0.019261474204209872,0.009063486264369258,0.010197987939840614
2025-12-18,CF,2025-12-19,completed,neutral,,77.56414794921875,78.20476823480334,False,False,0.005236848675412409,0.009063486264369258,-0.0038266375889568494
2025-12-18,FSLR,2025-12-19,completed,continuation,,266.9800109863281,268.8999938964844,True,True,0.019825059291809,0.009063486264369258,0.010761573027439741
2025-12-18,FIS,2025-12-19,completed,neutral,,64.00801849365234,64.32781068118804,False,False,0.0022761792873777775,0.009063486264369258,-0.006787306976991481
2025-12-18,HAL,2025-12-19,completed,neutral,,27.34259605407715,27.539873839323203,False,False,0.009468390637658697,0.009063486264369258,0.0004049043732894386
2025-12-18,SBAC,2025-12-19,completed,stall,,186.30511474609375,187.6582118224336,False,False,-0.0018386742578981874,0.009063486264369258,-0.010902160522267446
2025-12-18,ETR,2025-12-19,completed,stall,,89.87229919433594,91.35543978200141,False,False,-0.0076998450360487025,0.009063486264369258,-0.01676333130041796
2025-12-18,MNST,2025-12-19,completed,continuation,,38.130001068115234,38.584999084472656,True,True,0.010601683825390174,0.009063486264369258,0.0015381975610209153
2025-12-18,BA,2025-12-19,completed,continuation,,214.0800018310547,215.97999572753906,True,True,0.027896468235498073,0.009063486264369258,0.018832981971128815
2025-12-18,AXON,2025-12-19,completed,continuation,,594.2000122070312,603.1199951171875,True,True,0.05489273771831171,0.009063486264369258,0.045829251453942454
2025-12-18,AES,2025-12-19,completed,stall,,13.052255630493164,13.399544624297919,False,True,-0.010964939696914588,0.009063486264369258,-0.020028425961283847
2025-12-18,CMS,2025-12-19,completed,stall,,67.58170318603516,69.06680482406122,False,False,-0.020393743795257935,0.009063486264369258,-0.029457230059627193
2025-12-18,MS,2025-12-19,completed,neutral,,174.11045837402344,174.81878556123542,False,False,0.02324226878591329,0.009063486264369258,0.014178782521544031
2025-12-18,SYK,2025-12-19,completed,neutral,,352.4203796386719,355.4762636470519,False,False,0.005918994160360125,0.009063486264369258,-0.0031444921040091334
2025-12-18,WEC,2025-12-19,completed,stall,,101.3127212524414,103.14519800072955,False,False,-0.012446543277588207,0.009063486264369258,-0.021510029541957465
2025-12-18,KMB,2025-12-19,completed,stall,,96.91197967529297,97.8555795221814,False,False,-0.008471950742882206,0.009063486264369258,-0.017535437007251464
2025-12-18,INTU,2025-12-19,completed,neutral,,665.0556030273438,669.3155926395364,False,False,0.0036180377802688124,0.009063486264369258,-0.005445448484100446
2025-12-18,AEE,2025-12-19,completed,stall,,96.4466781616211,97.81776626235029,False,True,-0.007257960083025705,0.009063486264369258,-0.016321446347394963
2025-12-18,KLAC,2025-12-19,completed,continuation,,124.10649871826172,125.88988231049643,True,True,0.019044748697572,0.009063486264369258,0.009981262433202742
2025-12-18,STX,2025-12-19,completed,neutral,,294.6233825683594,303.6402416919389,False,True,0.01493147528202754,0.009063486264369258,0.005867989017658282
2026-01-08,MU,2026-01-09,completed,neutral,,344.89202880859375,345.60161296338595,False,False,0.055256551945144006,0.006613390447410161,0.048643161497733844
2026-01-08,BKR,2026-01-09,completed,stall,,49.43442916870117,50.17639076507522,False,True,-0.004581603914711185,0.006613390447410161,-0.011194994362121347
2026-01-08,EBAY,2026-01-09,completed,neutral,,90.08271789550781,90.93488489556215,False,False,0.0003301584074113517,0.006613390447410161,-0.0062832320399988095
2026-01-08,EMR,2026-01-09,completed,neutral,,142.5862274169922,143.10041222295675,False,False,0.0024331007257143433,0.006613390447410161,-0.004180289721695818
2026-01-08,COIN,2026-01-09,completed,stall,,240.77999877929688,246.89999389648438,False,False,-0.019585478359533837,0.006613390447410161,-0.026198868806943998
2026-01-08,BA,2026-01-09,completed,continuation,,234.52999877929688,235.13999938964844,True,True,0.031445130367418805,0.006613390447410161,0.024831739920008644
2026-01-08,GS,2026-01-09,completed,neutral,,925.4332885742188,932.4900247294498,False,False,0.004439332914924599,0.006613390447410161,-0.0021740575324855627
2026-01-08,BNY,2026-01-09,completed,stall,,117.47930145263672,119.19648670123043,False,False,-0.008413155502252745,0.006613390447410161,-0.015026545949662906
2026-01-08,EIX,2026-01-09,completed,continuation,,59.555355072021484,59.86782752527153,True,True,0.023150531407095443,0.006613390447410161,0.01653714095968528
2026-01-08,NUE,2026-01-09,completed,stall,,162.8134765625,167.51584591241584,False,False,-0.024481704616132305,0.006613390447410161,-0.031095095063542466
2026-01-08,VTRS,2026-01-09,completed,continuation,,12.466131210327148,12.49544003484011,True,True,0.012698390071474774,0.006613390447410161,0.006084999624064613
2026-01-08,NWSA,2026-01-09,completed,neutral,,26.271446228027344,26.40047215017206,False,False,0.0007560632919283439,0.006613390447410161,-0.005857327155481817
2026-01-15,SNDK,2026-01-16,completed,neutral,,413.6199951171875,432.0199890136719,False,True,0.010702778289834347,-0.0008379420888714462,0.011540720378705793
2026-01-15,DHI,2026-01-16,completed,stall,,154.5865936279297,160.50400677316006,False,True,-0.03130427765144106,-0.0008379420888714462,-0.030466335562569613
2026-01-15,PHM,2026-01-16,completed,stall,,129.39431762695312,133.47794460898444,False,False,-0.019869066773957278,-0.0008379420888714462,-0.019031124685085832
2026-01-15,LEN,2026-01-16,completed,stall,,116.74429321289062,120.40639732515221,False,False,-0.029938637005508695,-0.0008379420888714462,-0.02910069491663725
2026-01-15,MU,2026-01-16,completed,continuation,,362.5419006347656,365.6001427597286,True,True,0.07759249625715414,-0.0008379420888714462,0.07843043834602559
2026-01-15,BE,2026-01-16,completed,continuation,,149.5,150.83999633789062,True,True,0.07422578118104584,-0.0008379420888714462,0.07506372326991728
2026-01-15,AKAM,2026-01-16,completed,continuation,,93.48999786376953,95.04000091552734,True,True,0.021413734410711927,-0.0008379420888714462,0.022251676499583373
2026-01-15,FCX,2026-01-16,completed,stall,,58.43916320800781,58.57851676461262,False,False,-0.0208472083347927,-0.0008379420888714462,-0.020009266245921253
2026-01-15,MCHP,2026-01-16,completed,neutral,,73.449951171875,74.39389292741582,False,False,0.003357994758109717,-0.0008379420888714462,0.004195936846981163
2026-01-15,ALB,2026-01-16,completed,stall,,161.6782989501953,165.0895708222139,False,False,-0.06180235613962015,-0.0008379420888714462,-0.060964414050748705
2026-01-15,STX,2026-01-16,completed,neutral,,325.16925048828125,333.93064726572123,False,True,0.018450475835908975,-0.0008379420888714462,0.01928841792478042
2026-01-15,SWK,2026-01-16,completed,neutral,,82.08197021484375,82.61553993221513,False,True,0.0024881789833994805,-0.0008379420888714462,0.0033261210722709267
2026-01-15,HD,2026-01-16,completed,neutral,,372.0917053222656,374.63643351070186,False,True,0.00266374810048009,-0.0008379420888714462,0.003501690189351536
2026-01-15,ORLY,2026-01-16,completed,neutral,,94.69999694824219,94.81999969482422,False,False,0.011319922741380717,-0.0008379420888714462,0.012157864830252163
2026-01-15,NVR,2026-01-16,completed,stall,,7561.5400390625,7622.68994140625,False,False,-0.008063708227121769,-0.0008379420888714462,-0.0072257661382503224
2026-01-15,F,2026-01-16,completed,stall,,13.14444637298584,13.337746865173685,False,False,-0.015206373694463204,-0.0008379420888714462,-0.014368431605591758
2026-01-15,DXCM,2026-01-16,completed,neutral,,69.54000091552734,70.37999725341797,False,False,0.004332799841329837,-0.0008379420888714462,0.005170741930201284
2026-01-15,LOW,2026-01-16,completed,neutral,,273.300048828125,274.17643527227483,False,True,0.0019493016000204921,-0.0008379420888714462,0.0027872436888919383
2026-01-15,CHRW,2026-01-16,completed,continuation,,173.82322692871094,174.2187906093656,True,True,0.0025095125362541992,-0.0008379420888714462,0.0033474546251256454
2026-01-15,CNC,2026-01-16,completed,stall,,45.75,47.02000045776367,False,False,-0.032155710663083426,-0.0008379420888714462,-0.03131776857421198
2026-01-15,SW,2026-01-16,completed,stall,,41.479190826416016,41.96575257458495,False,False,-0.014308834072875976,-0.0008379420888714462,-0.01347089198400453
2026-01-15,CPAY,2026-01-16,completed,stall,,320.6600036621094,331.54998779296875,False,False,-0.030565001926896707,-0.0008379420888714462,-0.02972705983802526
2026-01-15,TXT,2026-01-16,completed,neutral,,94.16552734375,94.64519463862692,False,False,0.007161249495601929,-0.0008379420888714462,0.007999191584473375
2026-01-15,SHW,2026-01-16,completed,neutral,,355.2959289550781,355.56403627920287,False,False,0.004773441884617924,-0.0008379420888714462,0.00561138397348937
2026-01-15,LII,2026-01-16,completed,neutral,,523.07666015625,529.0348325472555,False,False,0.006777410261458616,-0.0008379420888714462,0.007615352350330062
2026-01-15,TSCO,2026-01-16,completed,neutral,,50.0282096862793,50.23417066295246,False,False,0.0055192944908490915,-0.0008379420888714462,0.006357236579720538
2026-01-15,DLTR,2026-01-16,completed,stall,,139.9499969482422,141.85000610351562,False,False,-0.00892294954831463,-0.0008379420888714462,-0.008085007459443183
2026-01-15,TSN,2026-01-16,completed,stall,,58.54380798339844,59.118818068611695,False,False,-0.0059573610344737515,-0.0008379420888714462,-0.005119418945602305
2026-01-15,GD,2026-01-16,completed,continuation,,364.0791015625,366.3782636589495,True,True,0.0005174449390781266,-0.0008379420888714462,0.0013553870279495728
2026-01-15,MAS,2026-01-16,completed,stall,,69.53030395507812,70.62550302547906,False,True,-0.010391701753957316,-0.0008379420888714462,-0.00955375966508587
2026-01-15,BA,2026-01-16,completed,stall,,247.67999267578125,248.19000244140625,False,False,-0.00024224112396920017,-0.0008379420888714462,0.000595700964902246
2026-01-15,UPS,2026-01-16,completed,stall,,102.06436157226562,103.72549490889917,False,False,-0.015742927660403527,-0.0008379420888714462,-0.014904985571532081
2026-01-15,CARR,2026-01-16,completed,continuation,,55.55165481567383,55.70983699241752,True,True,0.011521138885826732,-0.0008379420888714462,0.012359080974698178
2026-01-15,UBER,2026-01-16,completed,neutral,,84.8499984741211,85.0,False,False,0.005570054941949953,-0.0008379420888714462,0.0064079970308214
2026-01-15,BF-B,2026-01-16,completed,stall,,25.71372413635254,26.38578791071108,False,False,-0.03719918270394729,-0.0008379420888714462,-0.03636124061507584
2026-01-15,NEM,2026-01-16,completed,stall,,113.3881607055664,114.0141178392448,False,False,-0.0007881006351128095,-0.0008379420888714462,4.984145375863669e-05
2026-01-15,HAS,2026-01-16,completed,stall,,84.28189849853516,85.1129905017362,False,False,-0.00794105370392717,-0.0008379420888714462,-0.007103111615055724
2026-01-15,URI,2026-01-16,completed,stall,,915.6948852539062,927.3940589744936,False,False,-0.005752393080613594,-0.0008379420888714462,-0.0049144509917421475
2026-01-15,AXON,2026-01-16,completed,stall,,636.0399780273438,649.2999877929688,False,False,-0.0018048375047570175,-0.0008379420888714462,-0.0009668954158855714
2026-01-15,CMI,2026-01-16,completed,neutral,,573.060546875,577.1585173874871,False,True,0.007132397078390307,-0.0008379420888714462,0.007970339167261753
2026-01-15,GOOGL,2026-01-16,completed,stall,,329.35931396484375,334.00028002450074,False,False,-0.008353759770762026,-0.0008379420888714462,-0.00751581768189058
2026-01-15,GOOG,2026-01-16,completed,stall,,329.6948547363281,334.58527912883153,False,False,-0.008464465736700677,-0.0008379420888714462,-0.007626523647829231
2026-01-15,FRT,2026-01-16,completed,continuation,,101.62809753417969,101.81435765753282,True,True,0.018369272560721406,-0.0008379420888714462,0.019207214649592852
2026-01-15,PLTR,2026-01-16,completed,stall,,170.9600067138672,182.42999267578125,False,True,-0.03450612953984933,-0.0008379420888714462,-0.03366818745097788
2026-01-15,LYV,2026-01-16,completed,stall,,144.42999267578125,146.8300018310547,False,False,-0.008920627803958303,-0.0008379420888714462,-0.008082685715086857
2026-01-15,MMM,2026-01-16,completed,stall,,165.4665985107422,169.04610998149693,False,False,-0.019286931324882794,-0.0008379420888714462,-0.01844898923601135
2026-01-15,CIEN,2026-01-16,completed,stall,,243.4199981689453,253.89999389648438,False,True,-0.0015176796725747677,-0.0008379420888714462,-0.0006797375837033215
2026-01-15,WAB,2026-01-16,completed,neutral,,228.80728149414062,229.6344024271911,False,False,0.00472609646141442,-0.0008379420888714462,0.005564038550285866
2026-01-15,NWS,2026-01-16,completed,stall,,30.08820343017578,30.664339289089153,False,False,-0.013354987353651038,-0.0008379420888714462,-0.012517045264779592
2026-01-15,GILD,2026-01-16,completed,continuation,,122.70258331298828,122.90887127554299,True,True,0.030100593002651888,-0.0008379420888714462,0.030938535091523334
2026-01-15,BALL,2026-01-16,completed,neutral,,55.53144454956055,55.66017020993985,False,False,0.003399592801556439,-0.0008379420888714462,0.004237534890427885
2026-01-15,MRK,2026-01-16,completed,stall,,106.62913513183594,108.49071296924278,False,False,-0.019284445946102458,-0.0008379420888714462,-0.01844650385723101
2026-01-15,HUBB,2026-01-16,completed,neutral,,485.0194091796875,493.5836625589314,False,True,0.010741394038341845,-0.0008379420888714462,0.011579336127213291
2026-01-15,SNA,2026-01-16,completed,stall,,354.4388732910156,357.47950511265014,False,False,-0.005750496065249577,-0.0008379420888714462,-0.004912553976378131
2026-01-22,NOC,2026-01-23,completed,neutral,,664.8385620117188,669.1361048616787,False,True,0.0037438885021736645,0.0003629217369318649,0.0033809667652417996
2026-01-22,LMT,2026-01-23,completed,stall,,580.3107299804688,585.6244726191043,False,True,-0.005202700779782576,0.0003629217369318649,-0.005565622516714441
2026-01-22,CME,2026-01-23,completed,neutral,,273.4307556152344,274.3978305429394,False,True,0.004797465515307797,0.0003629217369318649,0.004434543778375932
2026-01-22,AMAT,2026-01-23,completed,neutral,,321.23516845703125,322.4907036738174,False,False,0.011261296097661466,0.0003629217369318649,0.010898374360729601
2026-01-22,PNW,2026-01-23,completed,stall,,89.6561050415039,89.97710622862226,False,False,-0.002705019545068854,0.0003629217369318649,-0.003067941282000719
2026-01-22,KLAC,2026-01-23,completed,neutral,,150.71875,150.73767696288792,False,False,0.008519960927333647,0.0003629217369318649,0.008157039190401782
2026-01-22,JBL,2026-01-23,completed,stall,,242.9562225341797,246.81330557121524,False,False,-0.006375160394639812,0.0003629217369318649,-0.006738082131571677
2026-01-22,PWR,2026-01-23,completed,stall,,468.5963439941406,470.82554587370595,False,False,-4.2655392618495824e-05,0.0003629217369318649,-0.00040557712955036074
2026-01-22,ECHO,2026-01-23,completed,stall,,126.5,128.75999450683594,False,False,-0.011487076710797961,0.0003629217369318649,-0.011849998447729826
2026-01-22,CBOE,2026-01-23,completed,stall,,274.370361328125,275.6906293445301,False,False,-0.0026341441660612253,0.0003629217369318649,-0.00299706590299309
2026-01-22,PSA,2026-01-23,completed,stall,,274.3916320800781,280.0128678545935,False,False,-0.01378326422743803,0.0003629217369318649,-0.014146185964369895
2026-01-22,MS,2026-01-23,completed,stall,,176.09771728515625,178.92117867485604,False,False,-0.022124994577124135,0.0003629217369318649,-0.022487916314056
2026-01-22,BNY,2026-01-23,completed,stall,,116.6312026977539,118.52530297228331,False,False,-0.0170497549325187,0.0003629217369318649,-0.017412676669450566
2026-01-22,STZ,2026-01-23,completed,stall,,155.4824981689453,156.6967515591872,False,False,-0.012070736259648274,0.0003629217369318649,-0.012433657996580139
2026-01-22,EVRG,2026-01-23,completed,stall,,73.8172378540039,74.33412310557956,False,False,-0.007083760929354255,0.0003629217369318649,-0.00744668266628612
2026-01-22,JCI,2026-01-23,completed,stall,,112.61317443847656,113.7037209937393,False,False,-0.008034282832562134,0.0003629217369318649,-0.008397204569493999
2026-01-22,CVX,2026-01-23,completed,neutral,,162.19090270996094,163.86417855332408,False,False,0.00035998244979684735,0.0003629217369318649,-2.9392871350175653e-06
2026-01-22,BE,2026-01-23,completed,stall,,144.88999938964844,148.35000610351562,False,False,-0.005081408146346944,0.0003629217369318649,-0.005444329883278809
2026-01-22,GS,2026-01-23,completed,stall,,905.623291015625,923.669129601063,False,False,-0.03746925220493125,0.0003629217369318649,-0.03783217394186311
2026-01-22,GLW,2026-01-23,completed,stall,,92.80892181396484,93.3958127271778,False,False,-0.010394531591610301,0.0003629217369318649,-0.010757453328542166
2026-01-22,VST,2026-01-23,completed,stall,,159.41717529296875,162.15510462986896,False,False,-0.0014966706246564154,0.0003629217369318649,-0.0018595923615882803
2026-01-22,D,2026-01-23,completed,stall,,57.80294418334961,58.074504161977195,False,False,-0.005506479630127292,0.0003629217369318649,-0.005869401367059157
2026-01-22,NRG,2026-01-23,completed,stall,,147.8561248779297,150.76769459817467,False,False,-0.011847248960185297,0.0003629217369318649,-0.012210170697117162
2026-01-22,FIX,2026-01-23,completed,stall,,1119.838623046875,1135.2766304054762,False,False,-0.009066017632124224,0.0003629217369318649,-0.009428939369056089
2026-01-22,O,2026-01-23,completed,stall,,58.6769905090332,58.8798570540777,False,False,-0.0018078248093292837,0.0003629217369318649,-0.0021707465462611486
2026-01-22,IRM,2026-01-23,completed,stall,,91.49187469482422,92.11753389218846,False,False,-0.0027705661544704663,0.0003629217369318649,-0.003133487891402331
2026-01-22,CMS,2026-01-23,completed,stall,,69.07656860351562,69.41853779255032,False,False,-0.0038044442801357103,0.0003629217369318649,-0.004167366017067575
2026-01-22,AWK,2026-01-23,completed,stall,,127.07615661621094,129.2020914932485,False,False,-0.014061941729228478,0.0003629217369318649,-0.014424863466160343
2026-01-22,FSLR,2026-01-23,completed,neutral,,242.14999389648438,246.39999389648438,False,False,0.010305412617582776,0.0003629217369318649,0.009942490880650912
2026-01-22,FANG,2026-01-23,completed,neutral,,151.43338012695312,153.62592512969525,False,False,0.014290336750501842,0.0003629217369318649,0.013927415013569977
2026-01-22,HUBB,2026-01-23,completed,neutral,,481.2725830078125,485.2176948909205,False,True,0.003036903838756322,0.0003629217369318649,0.002673982101824457
2026-01-22,COP,2026-01-23,completed,neutral,,96.22879791259766,97.26594104024161,False,True,0.015173473444952679,0.0003629217369318649,0.014810551708020814
2026-01-22,CTAS,2026-01-23,completed,stall,,191.4977264404297,193.57188446825546,False,False,-0.0005697153071927419,0.0003629217369318649,-0.0009326370441246068
2026-01-22,APA,2026-01-23,completed,neutral,,25.4493350982666,26.228598610736512,False,True,0.009784696565048545,0.0003629217369318649,0.00942177482811668
2026-01-22,CSCO,2026-01-23,completed,neutral,,73.9114990234375,74.38713609796598,False,True,0.003497839228668864,0.0003629217369318649,0.0031349174917369993
2026-01-22,EBAY,2026-01-23,completed,stall,,92.75814056396484,93.0355913273279,False,False,-0.0028759797990037805,0.0003629217369318649,-0.0032389015359356454
2026-01-22,VMRK,2026-01-23,completed,continuation,,60.71634292602539,60.76523599763027,True,True,0.0185367979468547,0.0003629217369318649,0.018173876209922835
2026-01-22,ESS,2026-01-23,completed,neutral,,249.16757202148438,250.05016526930038,False,False,0.004467293792107752,0.0003629217369318649,0.004104372055175887
2026-01-22,COIN,2026-01-23,completed,stall,,216.9499969482422,222.75,False,False,-0.027740443032794104,0.0003629217369318649,-0.02810336476972597
2026-01-22,GIS,2026-01-23,completed,neutral,,43.07474899291992,43.38408261292798,False,True,0.0015733477830368603,0.0003629217369318649,0.0012104260461049954
2026-01-22,VLTO,2026-01-23,completed,stall,,101.00797271728516,101.65404351972056,False,False,-0.0016752211075446999,0.0003629217369318649,-0.002038142844476565
2026-01-29,BSX,2026-01-30,completed,neutral,,93.52999877929688,94.25,False,False,0.012996825781915744,-0.0029825340247910948,0.01597935980670684
2026-01-29,GILD,2026-01-30,completed,continuation,,139.4414520263672,139.68703401830834,True,True,0.017198043305996835,-0.0029825340247910948,0.02018057733078793
2026-01-29,AMD,2026-01-30,completed,stall,,236.72999572753906,245.24000549316406,False,False,-0.06126575222843189,-0.0029825340247910948,-0.058283218203640796
2026-01-29,DXCM,2026-01-30,completed,stall,,73.04000091552734,74.95999908447266,False,True,-0.012972960600981853,-0.0029825340247910948,-0.009990426576190758
2026-01-29,VRTX,2026-01-30,completed,stall,,469.8999938964844,475.6700134277344,False,False,-0.012151023520630688,-0.0029825340247910948,-0.009168489495839593
2026-01-29,CFG,2026-01-30,completed,stall,,61.69357681274414,62.45764342046342,False,False,-0.00803284435030005,-0.0029825340247910948,-0.005050310325508955
2026-01-29,GNRC,2026-01-30,completed,stall,,168.0399932861328,173.92999267578125,False,False,-0.011587561227901277,-0.0029825340247910948,-0.008605027203110183
2026-01-29,MDT,2026-01-30,completed,continuation,,101.21297454833984,101.2719540687838,True,True,0.0194059389202641,-0.0029825340247910948,0.022388472945055193
2026-01-29,USB,2026-01-30,completed,stall,,55.06528854370117,55.44802653495503,False,False,-0.0039056327257506185,-0.0029825340247910948,-0.0009230987009595237
2026-01-29,ILMN,2026-01-30,completed,stall,,144.80999755859375,149.39999389648438,False,False,-0.0326007402179227,-0.0029825340247910948,-0.029618206193131602
2026-01-29,ANET,2026-01-30,completed,stall,,141.74000549316406,148.05999755859375,False,False,-0.043266882668919426,-0.0029825340247910948,-0.04028434864412833
2026-01-29,PG,2026-01-30,completed,continuation,,149.51954650878906,149.71657788628465,True,True,0.012475076659581585,-0.0029825340247910948,0.01545761068437268
2026-01-29,CTVA,2026-01-30,completed,stall,,72.31529235839844,73.20929399324412,False,False,-0.014084272640230378,-0.0029825340247910948,-0.011101738615439283
2026-01-29,MNST,2026-01-30,completed,neutral,,40.380001068115234,40.41999816894531,False,False,0.008995517397144992,-0.0029825340247910948,0.011978051421936087
2026-01-29,CHD,2026-01-30,completed,continuation,,95.35057067871094,97.70832752366853,True,True,0.04665077430260833,-0.0029825340247910948,0.04963330832739943
2026-01-29,LYV,2026-01-30,completed,stall,,145.4499969482422,148.1199951171875,False,False,-0.01576669272094422,-0.0029825340247910948,-0.012784158696153125
2026-01-29,WEC,2026-01-30,completed,neutral,,107.87260437011719,108.11628514664851,False,False,0.0023548367589898422,-0.0029825340247910948,0.005337370783780937
2026-01-29,LHX,2026-01-30,completed,stall,,338.65863037109375,348.891963862024,False,False,-0.036992323042284614,-0.0029825340247910948,-0.03400978901749352
2026-01-29,DD,2026-01-30,completed,stall,,130.14212036132812,131.44591938400796,False,False,-0.015246657274421538,-0.0029825340247910948,-0.012264123249630443
2026-01-29,DVA,2026-01-30,completed,continuation,,109.33999633789062,109.5,True,True,0.019582231592253363,-0.0029825340247910948,0.022564765617044458
2026-01-29,BF-B,2026-01-30,completed,continuation,,26.658512115478516,26.707211612229447,True,True,0.017472211539182547,-0.0029825340247910948,0.020454745563973642
2026-01-29,MOS,2026-01-30,completed,stall,,26.769006729125977,27.33358934223797,False,False,-0.01925821188840815,-0.0029825340247910948,-0.016275677863617055
2026-01-29,ED,2026-01-30,completed,neutral,,104.06646728515625,104.28117937768856,False,True,0.006323143182116908,-0.0029825340247910948,0.009305677206908003
2026-01-29,HST,2026-01-30,completed,stall,,17.65765953063965,17.78153869065176,False,False,-0.006966690897982075,-0.0029825340247910948,-0.0039841568731909804
2026-01-29,CME,2026-01-30,completed,stall,,279.54266357421875,281.11900035699347,False,False,-0.0026566630961405435,-0.0029825340247910948,0.00032587092865055123
2026-01-29,HAS,2026-01-30,completed,stall,,87.32270050048828,88.73066047527601,False,False,-0.012712738331496443,-0.0029825340247910948,-0.009730204306705348
2026-01-29,COHR,2026-01-30,completed,stall,,212.17999267578125,237.17999267578125,False,True,-0.01704812343261819,-0.0029825340247910948,-0.014065589407827095
2026-01-29,STZ,2026-01-30,completed,neutral,,154.4443817138672,155.01603471919393,False,False,0.012600903267321106,-0.0029825340247910948,0.015583437292112201
2026-01-29,CL,2026-01-30,completed,continuation,,89.22084045410156,89.63586525466107,True,True,0.05924452264698399,-0.0029825340247910948,0.06222705667177508
2026-01-29,KEY,2026-01-30,completed,stall,,20.899845123291016,21.152352762699092,False,True,-0.00508546429229384,-0.0029825340247910948,-0.002102930267502745
2026-01-29,EL,2026-01-30,completed,neutral,,114.08926391601562,114.70286261251522,False,False,0.0006076350030683741,-0.0029825340247910948,0.003590169027859469
2026-01-29,XEL,2026-01-30,completed,neutral,,74.33753967285156,74.35709092772171,False,False,0.0011844378410577061,-0.0029825340247910948,0.004166971865848801
2026-01-29,ABNB,2026-01-30,completed,stall,,129.3699951171875,131.55999755859375,False,False,-0.01821362280835126,-0.0029825340247910948,-0.015231088783560165
2026-01-29,EBAY,2026-01-30,completed,stall,,90.389892578125,92.37169243272992,False,False,-0.033788811993965995,-0.0029825340247910948,-0.0308062779691749
2026-01-29,COST,2026-01-30,completed,stall,,937.3972778320312,948.2342933416287,False,False,-0.011916842404117944,-0.0029825340247910948,-0.00893430837932685
2026-01-29,MET,2026-01-30,completed,continuation,,77.24461364746094,77.25440841388682,True,True,0.008308687318229646,-0.0029825340247910948,0.011291221343020741
2026-01-29,ECL,2026-01-30,completed,stall,,279.7287292480469,282.6253272615029,False,False,-0.0029699389402569887,-0.0029825340247910948,1.2595084534106071e-05
2026-01-29,DASH,2026-01-30,completed,stall,,204.6199951171875,210.0,False,False,-0.014734195235507563,-0.0029825340247910948,-0.011751661210716469
2026-01-29,PM,2026-01-30,completed,neutral,,176.38995361328125,177.02889917552974,False,False,0.008713234633253464,-0.0029825340247910948,0.011695768658044559
2026-01-29,PWR,2026-01-30,completed,stall,,474.46429443359375,483.27121610436325,False,False,-0.01820321084843346,-0.0029825340247910948,-0.015220676823642365
2026-01-29,FOXA,2026-01-30,completed,neutral,,72.10616302490234,72.12598208721968,False,False,0.013084745886255522,-0.0029825340247910948,0.016067279911046617
2026-01-29,ICE,2026-01-30,completed,stall,,172.00750732421875,173.26455802471133,False,False,-0.007538534125106078,-0.0029825340247910948,-0.004556000100314983
2026-01-29,MCD,2026-01-30,completed,stall,,308.9439697265625,309.9737709866393,False,False,-0.0016164906304984017,-0.0029825340247910948,0.001366043394292693
2026-01-29,JBHT,2026-01-30,completed,stall,,201.5990753173828,202.58360664522013,False,False,-0.012133961603914334,-0.0029825340247910948,-0.009151427579123239
2026-01-29,ROL,2026-01-30,completed,neutral,,62.628597259521484,62.648373082244404,False,False,0.004918297994186194,-0.0029825340247910948,0.007900832018977288
2026-01-29,EVRG,2026-01-30,completed,neutral,,74.83150482177734,74.8607613537647,False,False,0.004713952537394928,-0.0029825340247910948,0.007696486562186022
2026-02-05,TXN,2026-02-06,completed,stall,,219.19822692871094,224.46436139023652,False,False,-0.011340349364548974,0.019184951600759614,-0.03052530096530859
2026-02-05,RCL,2026-02-06,completed,continuation,,342.3360290527344,342.53278590536985,True,True,0.06719006640881986,0.019184951600759614,0.048005114808060245
2026-02-05,GE,2026-02-06,completed,continuation,,320.134033203125,322.3081448780506,True,True,0.0477527626962273,0.019184951600759614,0.028567811095467688
2026-02-05,PFG,2026-02-06,completed,neutral,,94.9864501953125,95.51339463745231,False,True,0.019266994429591344,0.019184951600759614,8.204282883172986e-05
2026-02-05,MCHP,2026-02-06,completed,stall,,74.738037109375,75.41648542428207,False,False,-0.026012243172809035,0.019184951600759614,-0.04519719477356865
2026-02-05,NUE,2026-02-06,completed,continuation,,191.71368408203125,191.9622239178054,True,True,0.03399459982024644,0.019184951600759614,0.014809648219486826
2026-02-05,F,2026-02-06,completed,neutral,,13.337746620178223,13.415066815633098,False,False,0.005830890790182952,0.019184951600759614,-0.013354060810576662
2026-02-05,TRGP,2026-02-06,completed,continuation,,209.4033660888672,209.6311464472508,True,True,0.02865483312183259,0.019184951600759614,0.009469881521072976
2026-02-05,NOC,2026-02-06,completed,neutral,,700.5626831054688,703.2993140303668,False,True,0.018104814950132164,0.019184951600759614,-0.0010801366506274501
2026-02-05,INTC,2026-02-06,completed,neutral,,50.59000015258789,51.29999923706055,False,False,0.04871472620968165,0.019184951600759614,0.029529774608922033
2026-02-05,PM,2026-02-06,completed,neutral,,179.70266723632812,183.37910163037535,False,True,0.004450476097145328,0.019184951600759614,-0.014734475503614286
2026-02-05,EQIX,2026-02-06,completed,continuation,,835.3795776367188,836.1281705724624,True,True,0.050225416745125484,0.019184951600759614,0.03104046514436587
2026-02-05,HLT,2026-02-06,completed,continuation,,313.9426574707031,314.5218371989504,True,True,0.01833367732240876,0.019184951600759614,-0.0008512742783508553
2026-02-05,ROST,2026-02-06,completed,neutral,,189.5966339111328,190.69998073561166,False,False,0.007979775839094483,0.019184951600759614,-0.011205175761665132
2026-02-05,DAL,2026-02-06,completed,continuation,,74.76238250732422,75.06997012395297,True,True,0.07982211112677096,0.019184951600759614,0.06063715952601134
2026-02-05,AIZ,2026-02-06,completed,neutral,,240.75289916992188,243.72137027574166,False,True,0.0035056592428490685,0.019184951600759614,-0.015679292357910546
2026-02-05,ETR,2026-02-06,completed,neutral,,96.21737670898438,96.79688502371107,False,True,0.011043356745614075,0.019184951600759614,-0.00814159485514554
2026-02-05,LH,2026-02-06,completed,stall,,275.1584777832031,279.9131783769193,False,True,-0.0037020314929585574,0.019184951600759614,-0.022886983093718172
2026-02-12,CIEN,2026-02-13,completed,neutral,,303.9200134277344,304.17999267578125,False,False,0.037411326776123355,0.0007046233276368774,0.03670670344848648
2026-02-12,HSY,2026-02-13,completed,stall,,217.72900390625,222.24830899494563,False,False,-0.01626445604565152,0.0007046233276368774,-0.016969079373288398
2026-02-12,LITE,2026-02-13,completed,stall,,562.739990234375,593.4000244140625,False,False,-0.035512341819457616,0.0007046233276368774,-0.03621696514709449
2026-02-12,COHR,2026-02-13,completed,neutral,,217.22999572753906,223.3800048828125,False,False,0.005229012457695914,0.0007046233276368774,0.004524389130059037
2026-02-12,URI,2026-02-13,completed,neutral,,866.2827758789062,880.6283031433746,False,False,0.0001264852147591089,0.0007046233276368774,-0.0005781381128777685
2026-02-12,DVN,2026-02-13,completed,neutral,,43.830318450927734,44.06586144313324,False,False,0.01592367726217403,0.0007046233276368774,0.015219053934537152
2026-02-12,BIIB,2026-02-13,completed,continuation,,196.52000427246094,199.5,True,True,0.0052174131583679895,0.0007046233276368774,0.004512789830731112
2026-02-12,CARR,2026-02-13,completed,neutral,,64.93437957763672,65.46060497683536,False,False,0.007859478385753516,0.0007046233276368774,0.007154855058116638
2026-02-12,JCI,2026-02-13,completed,neutral,,138.0426025390625,138.77622918210102,False,False,0.004835154680076892,0.0007046233276368774,0.0041305313524400145
2026-02-12,SWKS,2026-02-13,completed,neutral,,60.83384323120117,60.951399244925184,False,False,0.02255887821366942,0.0007046233276368774,0.021854254886032543
2026-02-12,CHTR,2026-02-13,completed,neutral,,239.08999633789062,242.0399932861328,False,False,0.004242248399983772,0.0007046233276368774,0.003537625072346895
2026-02-12,AVGO,2026-02-13,completed,stall,,323.3876953125,332.48753636830855,False,False,-0.01811764110686709,0.0007046233276368774,-0.018822264434503966
2026-02-12,CDNS,2026-02-13,completed,neutral,,299.4599914550781,300.7300109863281,False,False,0.03860162106317344,0.0007046233276368774,0.037896997735536564
2026-02-12,GEV,2026-02-13,completed,stall,,801.23583984375,822.1824345173552,False,False,-0.017671727226917677,0.0007046233276368774,-0.018376350554554555
2026-02-12,REG,2026-02-13,completed,neutral,,73.98894500732422,74.32887698094792,False,False,0.0072723310741262814,0.0007046233276368774,0.006567707746489404
2026-02-12,LLY,2026-02-13,completed,neutral,,1036.7271728515625,1060.9905420363666,False,True,0.0033380139956766808,0.0007046233276368774,0.0026333906680398034
2026-02-12,VLO,2026-02-13,completed,neutral,,198.4564971923828,199.78502285507452,False,False,0.016555748151099614,0.0007046233276368774,0.015851124823462737
2026-02-12,NEM,2026-02-13,completed,continuation,,124.9932632446289,125.57947600922628,True,True,0.06501858552396356,0.0007046233276368774,0.06431396219632668
2026-02-12,OKE,2026-02-13,completed,neutral,,84.08772277832031,84.51739184175666,False,True,0.017848733985791787,0.0007046233276368774,0.01714411065815491
2026-02-12,TGT,2026-02-13,completed,neutral,,113.80303955078125,114.18644586683082,False,False,0.027242914871856705,0.0007046233276368774,0.026538291544219828
2026-02-12,KLAC,2026-02-13,completed,neutral,,145.87171936035156,148.89451474569185,False,False,0.009153142463850461,0.0007046233276368774,0.008448519136213584
2026-02-12,P,2026-02-13,completed,neutral,,73.8499984741211,75.45999908447266,False,False,0.04293180370486249,0.0007046233276368774,0.042227180377225615
2026-02-12,CTVA,2026-02-13,completed,neutral,,74.53043365478516,74.91783634848773,False,False,0.01241394248357608,0.0007046233276368774,0.011709319155939202
2026-02-12,CVX,2026-02-13,completed,neutral,,178.74855041503906,179.818659063599,False,False,0.007346440585386693,0.0007046233276368774,0.006641817257749816
2026-02-12,MDLZ,2026-02-13,completed,continuation,,61.536930084228516,61.743395956531465,True,True,0.011800813779150543,0.0007046233276368774,0.011096190451513666
2026-02-12,PFE,2026-02-13,completed,neutral,,26.665651321411133,27.0137169768747,False,False,0.004004461130995729,0.0007046233276368774,0.0032998378033588516
2026-02-12,GPC,2026-02-13,completed,stall,,143.13836669921875,145.21014726650546,False,False,-0.003048440920781381,0.0007046233276368774,-0.0037530642484182586
2026-02-12,NVDA,2026-02-13,completed,stall,,182.38320922851562,187.0622623874058,False,False,-0.02209274727292232,0.0007046233276368774,-0.022797370600559197
2026-02-12,AMAT,2026-02-13,completed,continuation,,353.6496276855469,374.98359896199395,True,True,0.08075760529057208,0.0007046233276368774,0.0800529819629352
2026-02-12,FANG,2026-02-13,completed,neutral,,166.29945373535156,167.4399762376332,False,False,0.010273482766090858,0.0007046233276368774,0.00956885943845398
2026-02-12,SHW,2026-02-13,completed,stall,,366.2776184082031,375.0947067892039,False,True,-0.009957029233863546,0.0007046233276368774,-0.010661652561500423
2026-02-12,ROST,2026-02-13,completed,neutral,,195.36184692382812,196.05766295265923,False,True,0.00867318609164136,0.0007046233276368774,0.007968562764004483
2026-02-12,ABT,2026-02-13,completed,neutral,,111.18448638916016,111.60877963506597,False,False,0.010854855506974515,0.0007046233276368774,0.010150232179337637
2026-02-12,CCL,2026-02-13,completed,stall,,31.41207504272461,32.01520329807182,False,False,-0.0209552410157684,0.0007046233276368774,-0.021659864343405277
2026-02-19,GNRC,2026-02-20,completed,neutral,,229.19000244140625,231.52000427246094,False,False,0.007561441998825469,0.007231744186485312,0.00032969781234015727
2026-02-19,SW,2026-02-20,completed,stall,,47.75405502319336,49.12573260689869,False,False,-0.020891937885523015,0.007231744186485312,-0.028123682072008327
2026-02-19,HAS,2026-02-20,completed,neutral,,99.88629913330078,101.08737746933237,False,False,0.004554460049264408,0.007231744186485312,-0.0026772841372209033
2026-02-19,GLW,2026-02-20,completed,continuation,,138.77569580078125,139.53170532119472,True,True,0.07323629667793452,0.007231744186485312,0.06600455249144921
2026-02-19,AKAM,2026-02-20,completed,stall,,94.16999816894531,102.0,False,False,-0.14070625681382443,0.007231744186485312,-0.14793800100030974
2026-02-19,DD,2026-02-20,completed,neutral,,149.373046875,150.9731651892576,False,False,0.003383762633760945,0.007231744186485312,-0.0038479815527243666
2026-02-19,VTRS,2026-02-20,completed,stall,,15.55335521697998,15.631512705972984,False,False,-0.003754656286918956,0.007231744186485312,-0.010986400473404268
2026-02-19,MAR,2026-02-20,completed,stall,,345.8720703125,350.52438195534296,False,False,-0.005601900015117511,0.007231744186485312,-0.012833644201602823
2026-02-19,DGX,2026-02-20,completed,stall,,200.71487426757812,202.70803561049064,False,False,-0.00014814534418861047,0.007231744186485312,-0.007379889530673922
2026-02-19,HWM,2026-02-20,completed,continuation,,257.8616943359375,258.5910007910041,True,True,0.02705927090880267,0.007231744186485312,0.019827526722317357
2026-02-19,CIEN,2026-02-20,completed,continuation,,334.95001220703125,340.2699890136719,True,True,0.05194563096225391,0.007231744186485312,0.044713886775768596
2026-02-19,MAS,2026-02-20,completed,neutral,,74.46531677246094,76.13001074934216,False,False,0.0053511574088618286,0.007231744186485312,-0.001880586777623483
2026-02-19,ZBH,2026-02-20,completed,stall,,98.22156524658203,99.16647853504607,False,True,-0.005037837104266085,0.007231744186485312,-0.012269581290751397
2026-02-19,Q,2026-02-20,completed,neutral,,113.25480651855469,115.98984909238227,False,False,0.005316391025022904,0.007231744186485312,-0.0019153531614624075
2026-02-19,CAT,2026-02-20,completed,stall,,756.8922119140625,769.0763500239998,False,False,-0.0010388423609883901,0.007231744186485312,-0.008270586547473702
2026-02-19,LIN,2026-02-20,completed,continuation,,491.6687927246094,493.49084819232377,True,True,0.013058268980471022,0.007231744186485312,0.00582652479398571
2026-02-19,AXON,2026-02-20,completed,stall,,433.9100036621094,449.8900146484375,False,True,-0.01634473960574545,0.007231744186485312,-0.023576483792230762
2026-02-19,VTR,2026-02-20,completed,neutral,,84.89523315429688,85.28049133644332,False,False,0.005381272153734962,0.007231744186485312,-0.0018504720327503499
2026-02-19,NOW,2026-02-20,completed,stall,,104.2699966430664,107.80000305175781,False,False,-0.028872180536610004,0.007231744186485312,-0.036103924723095315
2026-02-19,F,2026-02-20,completed,neutral,,13.687362670898438,13.716671537315177,False,False,0.01669089224680609,0.007231744186485312,0.009459148060320777
2026-02-19,WMB,2026-02-20,completed,neutral,,71.40914154052734,71.40914154052734,False,False,0.011223489215908211,0.007231744186485312,0.0039917450294228995
2026-02-19,SNA,2026-02-20,completed,neutral,,378.4892578125,379.6662562920341,False,True,0.005236131691605639,0.007231744186485312,-0.0019956124948796727
2026-02-19,PSA,2026-02-20,completed,neutral,,296.1095886230469,297.0610333771705,False,False,0.021775596071454295,0.007231744186485312,0.014543851884968984
2026-02-19,TER,2026-02-20,completed,continuation,,324.6026916503906,326.7510487158615,True,True,0.02833191650547895,0.007231744186485312,0.021100172318993637
2026-02-19,VST,2026-02-20,completed,stall,,170.6476593017578,172.73844774309683,False,False,-0.006376884783301562,0.007231744186485312,-0.013608628969786873
2026-02-19,NRG,2026-02-20,completed,continuation,,178.0010986328125,178.92498768771546,True,True,0.023827204387434575,0.007231744186485312,0.016595460200949264
2026-02-19,DVA,2026-02-20,completed,neutral,,150.72999572753906,151.50999450683594,False,False,0.023008005116779362,0.007231744186485312,0.01577626093029405
2026-02-19,ORCL,2026-02-20,completed,stall,,147.0530242919922,152.9220403734579,False,False,-0.05404365746826423,0.007231744186485312,-0.06127540165474954
2026-02-19,KVUE,2026-02-20,completed,neutral,,18.0775146484375,18.212710994062327,False,False,0.003215472202751979,0.007231744186485312,-0.004016271983733333
2026-02-19,AMAT,2026-02-20,completed,continuation,,374.513427734375,376.2394144860331,True,True,0.015006931410342927,0.007231744186485312,0.007775187223857616
2026-02-19,CNP,2026-02-20,completed,continuation,,42.51180648803711,42.70953657481715,True,True,0.008442739809328081,0.007231744186485312,0.0012109956228427698
2026-02-19,ECL,2026-02-20,completed,neutral,,301.7209777832031,302.49472183740363,False,False,0.010498385335518723,0.007231744186485312,0.0032666411490334113
2026-02-19,SBAC,2026-02-20,completed,neutral,,195.64930725097656,195.77677726258992,False,False,0.00630392214570219,0.007231744186485312,-0.0009278220407831217
2026-02-19,IT,2026-02-20,completed,stall,,153.72999572753906,159.80999755859375,False,False,-0.020453719025942063,0.007231744186485312,-0.027685463212427375
2026-02-19,EG,2026-02-20,completed,stall,,336.5010070800781,339.016312291931,False,False,-0.0013122055677621258,0.007231744186485312,-0.008543949754247437
2026-02-19,EME,2026-02-20,completed,continuation,,811.9660034179688,821.0668143968751,True,True,0.011498997568129443,0.007231744186485312,0.004267253381644132
2026-02-19,MCHP,2026-02-20,completed,neutral,,76.42925262451172,77.07820414049077,False,False,0.007387164976833338,0.007231744186485312,0.00015542079034802647
2026-02-19,CRWD,2026-02-20,completed,stall,,97.1500015258789,107.97000122070312,False,True,-0.07945233188295198,0.007231744186485312,-0.08668407606943729
2026-02-19,HUBB,2026-02-20,completed,neutral,,522.1112670898438,528.5245653531765,False,True,0.0003228669556605279,0.007231744186485312,-0.006908877230824784
2026-02-19,ANET,2026-02-20,completed,stall,,132.7899932861328,138.3300018310547,False,False,-0.032354460246589056,0.007231744186485312,-0.03958620443307437
2026-02-19,NWSA,2026-02-20,completed,continuation,,23.47260093688965,23.621475408062498,True,True,0.012414297033088051,0.007231744186485312,0.005182552846602739
2026-02-19,CMI,2026-02-20,completed,stall,,589.229248046875,598.3266789758721,False,True,-0.0027398505545451757,0.007231744186485312,-0.009971594741030487
2026-02-19,TEL,2026-02-20,completed,neutral,,232.91668701171875,233.71050997344614,False,False,0.013120955577776705,0.007231744186485312,0.0058892113912913935
2026-02-19,SYY,2026-02-20,completed,neutral,,88.86659240722656,89.02435320449318,False,False,0.0051299247856102514,0.007231744186485312,-0.00210181940087506
2026-02-19,PTC,2026-02-20,completed,neutral,,155.16000366210938,158.27000427246094,False,True,0.004922343236195559,0.007231744186485312,-0.002309400950289753
2026-02-19,DHI,2026-02-20,completed,neutral,,163.1387176513672,165.66353942306046,False,False,0.0020759543025743454,0.007231744186485312,-0.005155789883910966
2026-02-19,KDP,2026-02-20,completed,neutral,,29.074277877807617,29.113646267874703,False,False,0.015120291391090168,0.007231744186485312,0.007888547204604857
2026-02-19,ALGN,2026-02-20,completed,neutral,,190.02000427246094,192.69000244140625,False,True,0.00327355013704711,0.007231744186485312,-0.003958194049438202
2026-02-19,FIX,2026-02-20,completed,continuation,,1460.14208984375,1474.8310467053211,True,True,0.06458581980293365,0.007231744186485312,0.05735407561644834
2026-02-19,TRMB,2026-02-20,completed,continuation,,67.62000274658203,69.05000305175781,True,True,0.0034130191277153,0.007231744186485312,-0.0038187250587700117
2026-02-19,RDDT,2026-02-20,completed,continuation,,150.1699981689453,151.25,True,True,0.027646569158556122,0.007231744186485312,0.02041482497207081
2026-02-19,COIN,2026-02-20,completed,neutral,,171.35000610351562,175.5500030517578,False,True,0.03260216694295681,0.007231744186485312,0.0253704227564715
2026-02-19,DOV,2026-02-20,completed,neutral,,231.59266662597656,234.94779221943844,False,True,0.003397401354874985,0.007231744186485312,-0.0038343428316103267
2026-02-19,TPR,2026-02-20,completed,continuation,,155.63385009765625,156.44625636127304,True,True,0.03145102351563356,0.007231744186485312,0.024219279329148247
2026-02-19,ABNB,2026-02-20,completed,continuation,,127.88999938964844,128.0,True,True,0.016532881896655027,0.007231744186485312,0.009301137710169716
2026-02-19,UNP,2026-02-20,completed,continuation,,262.1319580078125,263.18600952433536,True,True,0.011902447851247278,0.007231744186485312,0.004670703664761966
2026-02-19,UDR,2026-02-20,completed,stall,,36.289222717285156,36.96287495040746,False,False,-0.014842294024102753,0.007231744186485312,-0.022074038210588065
2026-02-19,PRU,2026-02-20,completed,neutral,,100.88448333740234,101.30386034435047,False,False,0.007107413266846496,0.007231744186485312,-0.00012433091963881537
2026-02-19,CTVA,2026-02-20,completed,stall,,75.80191802978516,76.5270609519987,False,False,-0.009218334754361512,0.007231744186485312,-0.016450078940846824
2026-02-19,ITW,2026-02-20,completed,neutral,,291.3617858886719,294.44351114275975,False,False,0.003947927816350338,0.007231744186485312,-0.003283816370134973
2026-02-19,WST,2026-02-20,completed,stall,,240.7811279296875,245.01517456931163,False,False,-0.011114365653192237,0.007231744186485312,-0.01834610983967755
2026-02-19,UNH,2026-02-20,completed,neutral,,284.3775634765625,285.16204133647784,False,False,0.00024151389928595002,0.007231744186485312,-0.006990230287199362
2026-02-19,QCOM,2026-02-20,completed,neutral,,140.680419921875,141.85210271473602,False,False,0.011396657409056044,0.007231744186485312,0.004164913222570732
2026-02-19,WM,2026-02-20,completed,stall,,227.40304565429688,231.09584513727603,False,False,-0.013323531286957513,0.007231744186485312,-0.020555275473442824
2026-02-19,FLEX,2026-02-20,completed,neutral,,65.68000030517578,67.70999908447266,False,True,0.008754410835216664,0.007231744186485312,0.0015226666487313523
2026-02-19,GILD,2026-02-20,completed,neutral,,148.7244415283203,150.55157206444179,False,False,0.0018527502934591045,0.007231744186485312,-0.005378993893026207
2026-02-19,AIG,2026-02-20,completed,continuation,,78.91761779785156,78.93723599012976,True,True,0.011314939472489627,0.007231744186485312,0.004083195286004315
2026-02-19,ADM,2026-02-20,completed,stall,,67.01007843017578,68.31316161604796,False,True,-0.0142318419295282,0.007231744186485312,-0.02146358611601351
2026-02-19,P,2026-02-20,completed,neutral,,73.93000030517578,75.61000061035156,False,True,0.00462024710157638,0.007231744186485312,-0.0026114970849089314
2026-02-19,NSC,2026-02-20,completed,neutral,,313.62652587890625,315.8083953735451,False,True,0.006941556728800924,0.007231744186485312,-0.0002901874576843877
2026-02-19,PYPL,2026-02-20,completed,stall,,41.285865783691406,42.43572403710832,False,True,-0.001917162249434723,0.007231744186485312,-0.009148906435920034
2026-02-19,NWS,2026-02-20,completed,neutral,,26.373117446899414,26.5618521566421,False,True,0.013745613515445898,0.007231744186485312,0.0065138693289605865
2026-02-19,PHM,2026-02-20,completed,neutral,,139.12149047851562,141.43654059752032,False,False,0.0029367152547821185,0.007231744186485312,-0.004295028931703193
2026-02-19,FRT,2026-02-20,completed,continuation,,105.3336410522461,105.44147506932737,True,True,0.014923903997544175,0.007231744186485312,0.007692159811058863
2026-02-19,LYB,2026-02-20,completed,neutral,,54.844383239746094,56.01540608900471,False,False,0.02421827191663284,0.007231744186485312,0.016986527730147527
2026-02-19,SYK,2026-02-20,completed,continuation,,378.1943054199219,379.34809856249365,True,True,0.020313362170389926,0.007231744186485312,0.013081617983904614
2026-02-19,MU,2026-02-20,completed,continuation,,427.92437744140625,430.3229944902613,True,True,0.025925454423070704,0.007231744186485312,0.018693710236585392
2026-02-19,IEX,2026-02-20,completed,stall,,206.06906127929688,208.34349698823777,False,False,-0.0018281295132270836,0.007231744186485312,-0.009059873699712395
2026-02-19,DXCM,2026-02-20,completed,neutral,,73.08000183105469,73.37000274658203,False,True,0.01120804241888651,0.007231744186485312,0.003976298232401199
2026-02-19,COR,2026-02-20,completed,neutral,,359.5530090332031,359.6625596542897,False,False,0.005485787006894727,0.007231744186485312,-0.0017459571795905848
2026-02-19,TROW,2026-02-20,completed,neutral,,91.7249526977539,92.0903954625328,False,True,0.010809564214036005,0.007231744186485312,0.0035778200275506933
2026-02-19,CRM,2026-02-20,completed,stall,,183.89906311035156,190.42431349692956,False,False,-0.0007015481154548642,0.007231744186485312,-0.007933292301940176
2026-02-19,MAA,2026-02-20,completed,stall,,130.3445587158203,132.52233504297865,False,False,-0.011845690225287031,0.007231744186485312,-0.019077434411772343
2026-02-19,CME,2026-02-20,completed,neutral,,297.9461364746094,298.16857435165105,False,True,0.013754125116113736,0.007231744186485312,0.006522380929628424
2026-02-19,CPT,2026-02-20,completed,stall,,105.07575988769531,106.99692780474307,False,False,-0.012800381103412195,0.007231744186485312,-0.020032125289897507
2026-02-19,ELV,2026-02-20,completed,stall,,337.97674560546875,343.7126893165782,False,False,-0.01507839168209435,0.007231744186485312,-0.02231013586857966
2026-02-19,MTD,2026-02-20,completed,neutral,,1377.550048828125,1397.2900390625,False,True,0.0007410078309522117,0.007231744186485312,-0.0064907363555331
2026-02-19,DOC,2026-02-20,completed,stall,,16.379907608032227,16.50524048109635,False,False,-0.004103130971193747,0.007231744186485312,-0.011334875157679059
2026-02-19,COO,2026-02-20,completed,continuation,,84.06999969482422,84.62000274658203,True,True,0.004660604543811342,0.007231744186485312,-0.0025711396426739697
2026-02-19,SWK,2026-02-20,completed,neutral,,89.21235656738281,90.2018844682199,False,True,0.026224752348209535,0.007231744186485312,0.018993008161724223
2026-02-19,MSFT,2026-02-20,completed,stall,,395.6267395019531,398.5050592846536,False,False,-0.0030868870817751803,0.007231744186485312,-0.010318631268260492
2026-02-19,KO,2026-02-20,completed,continuation,,78.31876373291016,78.31876373291016,True,True,0.011785439999747682,0.007231744186485312,0.004553695813262371
2026-02-19,UPS,2026-02-20,completed,neutral,,112.99336242675781,113.39023408773451,False,False,0.01029954945951661,0.007231744186485312,0.003067805273031299
2026-02-19,AVY,2026-02-20,completed,neutral,,193.57627868652344,193.64509728000849,False,False,0.017148678943815776,0.007231744186485312,0.009916934757330464
2026-02-19,FDX,2026-02-20,completed,continuation,,309.39324951171875,311.6152737423061,True,True,0.01393741674034188,0.007231744186485312,0.006705672553856568
2026-02-19,VICI,2026-02-20,completed,continuation,,28.57278060913086,28.63450363969538,True,True,0.007365219944886814,0.007231744186485312,0.00013347575840150228
2026-02-19,OTIS,2026-02-20,completed,stall,,91.55693817138672,93.42918153424849,False,True,-0.003976772144833385,0.007231744186485312,-0.011208516331318696
2026-02-19,CASY,2026-02-20,completed,neutral,,666.2578125,669.2335566634421,False,False,0.006198147137276733,0.007231744186485312,-0.0010335970492085789
2026-02-19,GEHC,2026-02-20,completed,continuation,,84.14151000976562,87.02847312125769,True,True,0.01469703895239749,0.007231744186485312,0.007465294765912178
2026-02-19,CVS,2026-02-20,completed,stall,,75.55498504638672,76.35299458451287,False,False,-0.008147932554632753,0.007231744186485312,-0.015379676741118065
2026-02-19,FERG,2026-02-20,completed,stall,,252.13844299316406,259.38617397940664,False,False,-0.011014605481542872,0.007231744186485312,-0.018246349668028183
2026-02-19,CTAS,2026-02-20,completed,continuation,,198.96078491210938,199.07020300684425,True,True,0.010355076925985696,0.007231744186485312,0.003123332739500384
2026-02-19,ISRG,2026-02-20,completed,continuation,,504.04998779296875,504.75,True,True,0.009048483624041426,0.007231744186485312,0.0018167394375561141
2026-02-19,MRK,2026-02-20,completed,neutral,,119.78752899169922,120.21862575580137,False,False,0.0032824213391127177,0.007231744186485312,-0.003949322847372594
2026-02-19,NTAP,2026-02-20,completed,neutral,,101.64903259277344,103.90062270985096,False,True,0.008661486889213643,0.007231744186485312,0.0014297427027283316
2026-02-19,CRH,2026-02-20,completed,stall,,122.66507720947266,125.24614721932838,False,True,-0.011554660595562316,0.007231744186485312,-0.018786404782047628
2026-02-19,WRB,2026-02-20,completed,neutral,,70.25508117675781,70.31438243225622,False,False,0.010520482342864623,0.007231744186485312,0.0032887381563793117
2026-02-19,APD,2026-02-20,completed,neutral,,277.7029113769531,280.28065170158624,False,True,0.0016385461430818982,0.007231744186485312,-0.005593198043403413
2026-02-26,GRMN,2026-02-27,completed,stall,,249.7867431640625,251.93062154624525,False,True,-0.005232941046070416,-0.004801996079766391,-0.00043094496630402546
2026-02-26,GPN,2026-02-27,completed,stall,,75.7043228149414,77.26870903124536,False,False,-0.017854806234835152,-0.004801996079766391,-0.013052810155068761
2026-02-26,ADI,2026-02-27,completed,neutral,,352.6361999511719,352.8740628541283,False,False,0.004063808960660609,-0.004801996079766391,0.008865805040427
2026-02-26,NCLH,2026-02-27,completed,stall,,24.790000915527344,25.100000381469727,False,True,-0.009192627419195687,-0.004801996079766391,-0.004390631339429296
2026-02-26,EIX,2026-02-27,completed,neutral,,72.98191833496094,73.55804387133297,False,False,0.004975032386825173,-0.004801996079766391,0.009777028466591564
2026-02-26,TRGP,2026-02-27,completed,continuation,,233.52871704101562,235.21233918333382,True,True,0.019807926488986105,-0.004801996079766391,0.024609922568752496
2026-02-26,FRT,2026-02-27,completed,neutral,,106.62763977050781,107.77460088703864,False,True,0.0030430982258078387,-0.004801996079766391,0.00784509430557423
2026-02-26,PODD,2026-02-27,completed,stall,,246.61000061035156,252.6300048828125,False,False,-0.019443337533393334,-0.004801996079766391,-0.014641341453626944
2026-02-26,KIM,2026-02-27,completed,stall,,22.767690658569336,23.115732391007352,False,True,-0.0038071525630075653,-0.004801996079766391,0.0009948435167588254
2026-02-26,WAB,2026-02-27,completed,neutral,,263.3575134277344,263.5969649467681,False,False,0.0020501523273861455,-0.004801996079766391,0.006852148407152536
2026-02-26,EXR,2026-02-27,completed,continuation,,145.97691345214844,146.5181748956032,True,True,0.022961269605279444,-0.004801996079766391,0.027763265685045835
2026-02-26,WAT,2026-02-27,completed,stall,,319.3800048828125,322.1000061035156,False,False,-0.010686682876284936,-0.004801996079766391,-0.005884686796518546
2026-02-26,AMZN,2026-02-27,completed,neutral,,210.0,210.3300018310547,False,False,0.01000385652833935,-0.004801996079766391,0.01480585260810574
2026-02-26,CNP,2026-02-27,completed,neutral,,43.00613021850586,43.016015025812145,False,False,0.011392679535942474,-0.004801996079766391,0.016194675615708864
2026-02-26,MNST,2026-02-27,completed,stall,,42.650001525878906,43.689998626708984,False,True,-0.015693521265637833,-0.004801996079766391,-0.010891525185871442
2026-02-26,GLW,2026-02-27,completed,neutral,,149.86769104003906,153.9736501786246,False,False,0.0023997225617398144,-0.004801996079766391,0.007201718641506205
2026-02-26,SO,2026-02-27,completed,continuation,,95.78936767578125,96.36973436859776,True,True,0.010690113572897397,-0.004801996079766391,0.015492109652663788
2026-02-26,DOC,2026-02-27,completed,neutral,,17.04513168334961,17.30543673299371,False,True,0.009708915570736831,-0.004801996079766391,0.014510911650503222
2026-02-26,PSA,2026-02-27,completed,neutral,,298.10955810546875,301.1483270102498,False,True,0.010231845085954205,-0.004801996079766391,0.015033841165720596
2026-02-26,DLTR,2026-02-27,completed,stall,,126.4800033569336,126.62999725341797,False,False,-0.003702194585323282,-0.004801996079766391,0.001099801494443109
2026-02-26,ES,2026-02-27,completed,continuation,,73.66077423095703,73.85408865446367,True,True,0.015456398553330475,-0.004801996079766391,0.020258394633096866
2026-02-26,PG,2026-02-27,completed,continuation,,164.72073364257812,164.76999524257963,True,True,0.021068647473532875,-0.004801996079766391,0.025870643553299266
2026-02-26,MCD,2026-02-27,completed,continuation,,334.5029602050781,334.7873932006084,True,True,0.01951999282680128,-0.004801996079766391,0.02432198890656767
2026-02-26,ZBH,2026-02-27,completed,stall,,97.91322326660156,100.76786026085092,False,False,-0.02525002227306483,-0.004801996079766391,-0.02044802619329844
2026-02-26,LH,2026-02-27,completed,continuation,,287.7109069824219,289.23344898542337,True,True,0.007737950171667007,-0.004801996079766391,0.012539946251433398
2026-02-26,HSY,2026-02-27,completed,continuation,,232.64808654785156,233.1404009370292,True,True,0.020647889573560896,-0.004801996079766391,0.025449885653327287
2026-02-26,APD,2026-02-27,completed,stall,,272.2610778808594,274.6116214817048,False,False,-0.002027277809882211,-0.004801996079766391,0.00277471826988418
2026-02-26,GNRC,2026-02-27,completed,stall,,225.3699951171875,233.22000122070312,False,False,-0.03831879988243536,-0.004801996079766391,-0.03351680380266897
2026-02-26,LNT,2026-02-27,completed,continuation,,71.26058197021484,71.3196917965038,True,True,0.01245621577231626,-0.004801996079766391,0.01725821185208265
2026-02-26,EQT,2026-02-27,completed,continuation,,61.05590057373047,61.403828049857886,True,True,0.02812178178746083,-0.004801996079766391,0.03292377786722722
2026-02-26,XOM,2026-02-27,completed,continuation,,150.49740600585938,151.63229845401327,True,True,0.026659638371742345,-0.004801996079766391,0.031461634451508735
2026-02-26,BRO,2026-02-27,completed,neutral,,71.4446792602539,71.85254030535837,False,True,0.008424575699440995,-0.004801996079766391,0.013226571779207386
2026-02-26,FE,2026-02-27,completed,continuation,,50.14065170288086,50.31706555423249,True,True,0.010268574422203969,-0.004801996079766391,0.01507057050197036
2026-02-26,CTVA,2026-02-27,completed,continuation,,79.5865478515625,79.69084449668904,True,True,0.01649326676871654,-0.004801996079766391,0.021295262848482932
2026-02-26,CMS,2026-02-27,completed,continuation,,76.84813690185547,77.08437859217453,True,True,0.013238052883607132,-0.004801996079766391,0.018040048963373523
2026-02-26,EOG,2026-02-27,completed,neutral,,122.21700286865234,122.45339728493168,False,False,0.02435400876178262,-0.004801996079766391,0.02915600484154901
2026-02-26,JNJ,2026-02-27,completed,continuation,,245.79718017578125,246.3017849576054,True,True,0.020372078180264097,-0.004801996079766391,0.025174074260030488
2026-02-26,MSI,2026-02-27,completed,continuation,,478.31500244140625,478.4439438518087,True,True,0.021845568666410076,-0.004801996079766391,0.026647564746176466
2026-03-05,DELL,2026-03-06,completed,stall,,145.78726196289062,147.95696019547074,False,False,-0.0002731004243624602,-0.013107084633170007,0.012833984208807547
2026-03-05,AXON,2026-03-06,completed,neutral,,574.010009765625,581.0,False,False,0.006170168787367869,-0.013107084633170007,0.019277253420537876
2026-03-05,Q,2026-03-06,completed,stall,,110.01133728027344,115.78458404541333,False,False,-0.04986196403203802,-0.013107084633170007,-0.03675487939886801
2026-03-05,APA,2026-03-06,completed,neutral,,32.23582458496094,32.96576464331346,False,True,0.00926494120164989,-0.013107084633170007,0.022372025834819897
2026-03-05,TPL,2026-03-06,completed,neutral,,523.38818359375,533.4266396877325,False,False,0.0032868462153063938,-0.013107084633170007,0.0163939308484764
2026-03-05,LITE,2026-03-06,completed,stall,,558.4400024414062,642.0,False,False,-0.14194401500135745,-0.013107084633170007,-0.12883693036818744
2026-03-05,LDOS,2026-03-06,completed,neutral,,176.25299072265625,177.4815852329298,False,False,0.012694943660050528,-0.013107084633170007,0.025802028293220536
2026-03-05,SJM,2026-03-06,completed,stall,,108.9679183959961,109.0757013078833,False,False,-0.0011676064187302604,-0.013107084633170007,0.011939478214439747
2026-03-05,ECHO,2026-03-06,completed,stall,,106.23999786376953,111.1500015258789,False,False,-0.04158773724681475,-0.013107084633170007,-0.02848065261364474
2026-03-05,CPRT,2026-03-06,completed,stall,,37.7400016784668,37.83000183105469,False,False,-0.007364512780790866,-0.013107084633170007,0.005742571852379141
2026-03-05,ILMN,2026-03-06,completed,stall,,124.62000274658203,127.75,False,False,-0.028228342104796633,-0.013107084633170007,-0.015121257471626626
2026-03-05,HPE,2026-03-06,completed,stall,,20.880563735961914,21.256078967275624,False,False,-0.015836172945698057,-0.013107084633170007,-0.0027290883125280496
2026-03-05,VRSK,2026-03-06,completed,neutral,,213.1432647705078,214.00640410713402,False,False,0.01713840453115334,-0.013107084633170007,0.030245489164323347
2026-03-05,ADP,2026-03-06,completed,continuation,,221.28028869628906,221.53458350770714,True,True,0.015895929866327707,-0.013107084633170007,0.029003014499497715
2026-03-05,CVS,2026-03-06,completed,stall,,76.76676940917969,77.69285966019639,False,False,-0.009785357480514234,-0.013107084633170007,0.0033217271526557735
2026-03-05,ICE,2026-03-06,completed,neutral,,164.4949188232422,165.59359779075652,False,True,0.013353663689399387,-0.013107084633170007,0.026460748322569394
2026-03-05,FANG,2026-03-06,completed,continuation,,178.5690460205078,181.08132540246055,True,True,0.008378032083147025,-0.013107084633170007,0.021485116716317032
2026-03-05,CINF,2026-03-06,completed,stall,,162.5963897705078,162.78318287247438,False,False,-0.005711140414163318,-0.013107084633170007,0.007395944219006689
2026-03-05,PPL,2026-03-06,completed,neutral,,37.64506530761719,38.104033582537916,False,True,0.015542748965694742,-0.013107084633170007,0.02864983359886475
2026-03-05,PFG,2026-03-06,completed,stall,,90.02928161621094,90.79042109307686,False,False,-0.013261986850481522,-0.013107084633170007,-0.00015490221731151443
2026-03-05,ACN,2026-03-06,completed,neutral,,210.6590576171875,214.18637805059552,False,True,0.004672911818683456,-0.013107084633170007,0.017779996451853464
2026-03-05,VRT,2026-03-06,completed,stall,,241.61294555664062,251.29625287792297,False,False,-0.03191191018852846,-0.013107084633170007,-0.01880482555535845
2026-03-05,CDNS,2026-03-06,completed,stall,,296.94000244140625,302.0199890136719,False,False,-0.009671804735537526,-0.013107084633170007,0.0034352798976324816
2026-03-05,AIZ,2026-03-06,completed,stall,,221.46340942382812,223.72861194883745,False,False,-0.018795623102671133,-0.013107084633170007,-0.005688538469501125
2026-03-05,NDAQ,2026-03-06,completed,neutral,,87.53986358642578,89.50983012414463,False,True,0.0018126710429446913,-0.013107084633170007,0.014919755676114699
2026-03-05,OXY,2026-03-06,completed,neutral,,53.44072341918945,54.40717268685507,False,False,0.017843622437284212,-0.013107084633170007,0.03095070707045422
2026-03-05,CEG,2026-03-06,completed,stall,,317.650390625,330.0354331409079,False,False,-0.039178554585502345,-0.013107084633170007,-0.026071469952332338
2026-03-05,CRL,2026-03-06,completed,stall,,174.4600067138672,179.86000061035156,False,False,-0.03783366607792582,-0.013107084633170007,-0.024726581444755813
2026-03-05,MA,2026-03-06,completed,stall,,520.5712890625,520.7805390342954,False,False,-0.004421775337953959,-0.013107084633170007,0.008685309295216048
2026-03-05,FFIV,2026-03-06,completed,neutral,,286.2200012207031,286.7900085449219,False,False,0.00909598941977019,-0.013107084633170007,0.022203074052940197
2026-03-05,STT,2026-03-06,completed,stall,,119.64112854003906,121.13367941834385,False,False,-0.03276327708266802,-0.013107084633170007,-0.01965619244949801
2026-03-05,OMC,2026-03-06,completed,neutral,,82.35464477539062,82.48070008668869,False,False,0.0018874048605477256,-0.013107084633170007,0.014994489493717733
2026-03-05,HPQ,2026-03-06,completed,neutral,,18.736867904663086,18.76575376947151,False,False,0.006204585913669458,-0.013107084633170007,0.019311670546839466
2026-03-05,AON,2026-03-06,completed,neutral,,338.9312438964844,339.7870157688115,False,False,0.005401836684220562,-0.013107084633170007,0.01850892131739057
2026-03-05,BNY,2026-03-06,completed,stall,,114.31938934326172,114.37891276650834,False,False,-0.012681032054439378,-0.013107084633170007,0.00042605257873062907
2026-03-05,COF,2026-03-06,completed,stall,,186.24998474121094,186.9445370626955,False,False,-0.03376741746447365,-0.013107084633170007,-0.02066033283130364
2026-03-05,WM,2026-03-06,completed,stall,,242.94436645507812,244.99811455832318,False,True,-0.00016252004026573452,-0.013107084633170007,0.012944564592904273
2026-03-05,NTRS,2026-03-06,completed,stall,,137.30172729492188,138.54010786822252,False,False,-0.028801663886506845,-0.013107084633170007,-0.015694579253336838
2026-03-05,HSIC,2026-03-06,completed,stall,,77.5999984741211,79.38999938964844,False,False,-0.03205687605740437,-0.013107084633170007,-0.018949791424234363
2026-03-05,EQT,2026-03-06,completed,neutral,,61.59270477294922,62.62654063964027,False,False,0.004702504314403999,-0.013107084633170007,0.017809588947574007
2026-03-05,FIS,2026-03-06,completed,continuation,,49.89815139770508,50.21794728903112,True,True,0.017991295262591578,-0.013107084633170007,0.031098379895761585
2026-03-05,LYV,2026-03-06,completed,stall,,156.1300048828125,160.4499969482422,False,False,-0.02284387235179597,-0.013107084633170007,-0.009736787718625961
2026-03-05,MRVL,2026-03-06,completed,continuation,,89.50310516357422,93.3302465929537,True,True,0.18353601449538548,-0.013107084633170007,0.1966430991285555
2026-03-05,AJG,2026-03-06,completed,stall,,226.76727294921875,228.27818232617776,False,False,-0.003581600847317179,-0.013107084633170007,0.009525483785852829
2026-03-05,V,2026-03-06,completed,stall,,316.1161804199219,316.4449040988039,False,False,-0.007629715461622166,-0.013107084633170007,0.005477369171547841
2026-03-05,UBER,2026-03-06,completed,stall,,75.12999725341797,75.56999969482422,False,False,-0.004109294511609574,-0.013107084633170007,0.008997790121560434
2026-03-05,GPC,2026-03-06,completed,stall,,113.39228820800781,113.65731939888364,False,False,-0.004541284578794769,-0.013107084633170007,0.008565800054375239
2026-03-05,L,2026-03-06,completed,stall,,109.5352783203125,109.75502169481503,False,False,-0.003090854084092931,-0.013107084633170007,0.010016230549077076
2026-03-05,PWR,2026-03-06,completed,stall,,540.0014038085938,553.0168776098752,False,False,-0.016441404034427842,-0.013107084633170007,-0.0033343194012578348
2026-03-05,TRGP,2026-03-06,completed,stall,,234.9152374267578,241.2932084301974,False,False,-0.007572867504568093,-0.013107084633170007,0.005534217128601915
2026-03-05,KIM,2026-03-06,completed,neutral,,22.75834846496582,22.80722733208111,False,False,0.0012903900389977796,-0.013107084633170007,0.014397474672167787
2026-03-05,C,2026-03-06,completed,stall,,105.49209594726562,105.5515089603164,False,False,-0.02221203289913054,-0.013107084633170007,-0.009104948265960533
2026-03-05,REG,2026-03-06,completed,stall,,76.39762115478516,76.52387948755171,False,False,-0.008195647232386749,-0.013107084633170007,0.004911437400783258
2026-03-05,XYL,2026-03-06,completed,stall,,122.20397186279297,123.7916792610013,False,False,-0.02409060035401389,-0.013107084633170007,-0.010983515720843884
2026-03-05,HIG,2026-03-06,completed,stall,,137.9875030517578,138.0965063519846,False,False,-0.0030784667835362933,-0.013107084633170007,0.010028617849633714
2026-03-05,NSC,2026-03-06,completed,stall,,300.3467712402344,306.9717687846168,False,False,-0.025987423831065226,-0.013107084633170007,-0.012880339197895219
2026-03-05,SCHW,2026-03-06,completed,stall,,94.61361694335938,94.65335136865697,False,False,-0.001886654716753533,-0.013107084633170007,0.011220429916416474
2026-03-05,EQIX,2026-03-06,completed,stall,,928.1526489257812,947.3950720326336,False,False,-0.016579210760811036,-0.013107084633170007,-0.0034721261276410287
2026-03-05,AIG,2026-03-06,completed,stall,,77.23017883300781,78.21125324402671,False,False,-0.0168601162105535,-0.013107084633170007,-0.003753031577383492
2026-03-05,CCI,2026-03-06,completed,neutral,,87.01823425292969,87.52823710347687,False,False,0.0035512502845285177,-0.013107084633170007,0.016658334917698525
2026-03-05,TER,2026-03-06,completed,stall,,272.8420715332031,294.83532158774057,False,False,-0.10645336256490223,-0.013107084633170007,-0.09334627793173222
2026-03-05,CBOE,2026-03-06,completed,neutral,,299.8070373535156,300.5036503370671,False,False,0.012706355084598497,-0.013107084633170007,0.025813439717768505
2026-03-05,LIN,2026-03-06,completed,stall,,480.0135498046875,483.5388357307989,False,False,-0.010855813620044619,-0.013107084633170007,0.002251271013125389
2026-03-05,PLD,2026-03-06,completed,stall,,131.46084594726562,132.80926737107274,False,False,-0.024011770651288455,-0.013107084633170007,-0.010904686018118448
2026-03-05,FRT,2026-03-06,completed,stall,,105.43167877197266,106.05907261808161,False,False,-0.010306344982388915,-0.013107084633170007,0.002800739650781092
2026-03-05,CMS,2026-03-06,completed,stall,,75.95238494873047,76.22800151250694,False,False,-0.000518051951976628,-0.013107084633170007,0.01258903268119338
2026-03-05,NWS,2026-03-06,completed,continuation,,27.515457153320312,27.555189679147137,True,True,0.028210819217375116,-0.013107084633170007,0.041317903850545123
2026-03-05,PSA,2026-03-06,completed,neutral,,299.14837646484375,300.1774763372519,False,False,0.00387694903558633,-0.013107084633170007,0.016984033668756338
2026-03-05,AWK,2026-03-06,completed,continuation,,135.6114501953125,135.92707014083697,True,True,0.02124340423967208,-0.013107084633170007,0.03435048887284209
2026-03-05,TDG,2026-03-06,completed,stall,,1294.530029296875,1318.800048828125,False,False,-0.00033200380984266253,-0.013107084633170007,0.012775080823327345
2026-03-05,MAA,2026-03-06,completed,stall,,129.68048095703125,130.54963943836637,False,False,-0.012052652148429877,-0.013107084633170007,0.001054432484740131
2026-03-12,AVGO,2026-03-13,completed,stall,,320.3941955566406,336.4656237744782,False,False,-0.041104885017184234,-0.005660153274538393,-0.03544473174264584
2026-03-12,CRWD,2026-03-13,completed,neutral,,110.44499969482422,112.66000366210938,False,False,0.0005435299853480124,-0.005660153274538393,0.0062036832598864056
2026-03-12,MRNA,2026-03-13,completed,stall,,52.560001373291016,55.09000015258789,False,False,-0.015545945417604679,-0.005660153274538393,-0.009885792143066285
2026-03-12,FANG,2026-03-13,completed,neutral,,180.3790740966797,181.39782844829818,False,True,0.030280853458166446,-0.005660153274538393,0.03594100673270484
2026-03-12,BRK-B,2026-03-13,completed,stall,,490.0299987792969,494.45001220703125,False,False,-0.003781365373863088,-0.005660153274538393,0.001878787900675305
2026-03-12,LYV,2026-03-13,completed,stall,,153.97000122070312,162.11000061035156,False,False,-0.03960831969445877,-0.005660153274538393,-0.03394816641992038
2026-03-12,VRT,2026-03-13,completed,stall,,258.7011413574219,269.0339936588375,False,False,-0.0244931969798724,-0.005660153274538393,-0.018833043705334007
2026-03-12,COIN,2026-03-13,completed,neutral,,195.52999877929688,207.1300048828125,False,True,0.011902929682826802,-0.005660153274538393,0.017563082957365195
2026-03-12,AES,2026-03-13,completed,stall,,13.85103702545166,13.91936553868849,False,False,-0.0021097837847791068,-0.005660153274538393,0.0035503694897592863
2026-03-12,PNW,2026-03-13,completed,continuation,,101.08638763427734,101.58734478688457,True,True,0.014091480582845595,-0.005660153274538393,0.019751633857383988
2026-03-12,FAST,2026-03-13,completed,neutral,,44.972259521484375,45.308611818173034,False,False,0.004640917725715177,-0.005660153274538393,0.01030107100025357
2026-03-12,APTV,2026-03-13,completed,neutral,,70.5,71.19000244140625,False,False,0.0061367248044605915,-0.005660153274538393,0.011796878078998985
2026-03-12,SBUX,2026-03-13,completed,stall,,98.00923919677734,100.05542267741329,False,False,-0.01028142601260107,-0.005660153274538393,-0.004621272738062676
2026-03-12,AXP,2026-03-13,completed,stall,,298.1983947753906,303.9146263356095,False,False,-0.006393175189900346,-0.005660153274538393,-0.0007330219153619533
2026-03-12,IBM,2026-03-13,completed,stall,,242.7393341064453,246.12988106961873,False,False,-0.005652433501039722,-0.005660153274538393,7.719773498671145e-06
2026-03-12,NFLX,2026-03-13,completed,neutral,,95.30999755859375,95.68000030517578,False,False,0.010603329719934607,-0.005660153274538393,0.016263482994473
2026-03-12,EXC,2026-03-13,completed,neutral,,48.890323638916016,49.43987499471981,False,True,0.006871403835699175,-0.005660153274538393,0.012531557110237568
2026-03-12,COST,2026-03-13,completed,neutral,,1005.3704223632812,1009.7570971306956,False,True,0.005093077038495375,-0.005660153274538393,0.010753230313033768
2026-03-12,DTE,2026-03-13,completed,continuation,,145.89869689941406,146.37665994807386,True,True,0.013072356627620074,-0.005660153274538393,0.018732509902158467
2026-03-12,PLTR,2026-03-13,completed,stall,,150.9499969482422,154.55999755859375,False,False,-0.016612397731321282,-0.005660153274538393,-0.01095224445678289
2026-03-12,AEP,2026-03-13,completed,neutral,,131.6444091796875,132.50160544245355,False,True,0.010512793092934958,-0.005660153274538393,0.01617294636747335
2026-03-12,EXPE,2026-03-13,completed,neutral,,227.55812072753906,233.43715485792185,False,False,0.0031627384237471468,-0.005660153274538393,0.00882289169828554
2026-03-12,DLR,2026-03-13,completed,neutral,,177.20530700683594,179.4449195152782,False,False,0.0023998051361335815,-0.005660153274538393,0.008059958410671975
2026-03-12,INTU,2026-03-13,completed,neutral,,436.6702575683594,438.63546332383856,False,False,0.011100130902769845,-0.005660153274538393,0.016760284177308238
2026-03-12,INVH,2026-03-13,completed,stall,,24.16666030883789,24.679199191387855,False,False,-0.004778993729701364,-0.005660153274538393,0.0008811595448370291
2026-03-12,APP,2026-03-13,completed,neutral,,458.6700134277344,465.0,False,False,0.02078656473991325,-0.005660153274538393,0.026446718014451642
2026-03-12,FIS,2026-03-13,completed,neutral,,48.57755661010742,48.90010182287892,False,False,0.008932244277576773,-0.005660153274538393,0.014592397552115166
2026-03-12,AMD,2026-03-13,completed,stall,,193.38999938964844,199.67999267578125,False,False,-0.021998614254443383,-0.005660153274538393,-0.01633846097990499
2026-03-12,SNPS,2026-03-13,completed,stall,,412.6300048828125,425.489990234375,False,False,-0.014544316775258692,-0.005660153274538393,-0.008884163500720299
2026-03-12,PEG,2026-03-13,completed,neutral,,82.25924682617188,82.94694800178938,False,True,0.015278399922106445,-0.005660153274538393,0.020938553196644838
2026-03-12,GD,2026-03-13,completed,stall,,348.361572265625,356.5870146838743,False,False,-0.010444025836563231,-0.005660153274538393,-0.004783872562024838
2026-03-12,NEE,2026-03-13,completed,continuation,,91.41792297363281,92.52148329012789,True,True,0.011446538056168354,-0.005660153274538393,0.017106691330706747
2026-03-12,FFIV,2026-03-13,completed,neutral,,289.30999755859375,291.0,False,True,0.0234178607662634,-0.005660153274538393,0.029078014040801792
2026-03-12,EVRG,2026-03-13,completed,neutral,,81.26492309570312,81.77633673016535,False,True,0.01088819036543165,-0.005660153274538393,0.016548343639970042
2026-03-12,PWR,2026-03-13,completed,stall,,558.8248291015625,574.1794512782188,False,False,-0.013917486357042153,-0.005660153274538393,-0.00825733308250376
2026-03-12,TSLA,2026-03-13,completed,stall,,391.20001220703125,400.20001220703125,False,False,-0.009645319015724074,-0.005660153274538393,-0.003985165741185681
2026-03-12,MGM,2026-03-13,completed,neutral,,36.68000030517578,37.43000030517578,False,True,0.010468349203910599,-0.005660153274538393,0.01612850247844899
2026-03-12,OKE,2026-03-13,completed,neutral,,83.35533142089844,83.91194474250287,False,False,0.005062962529919224,-0.005660153274538393,0.010723115804457617
2026-03-12,WELL,2026-03-13,completed,neutral,,206.33401489257812,208.61755689432002,False,False,0.007856511670061295,-0.005660153274538393,0.013516664944599688
2026-03-19,PSX,2026-03-20,completed,stall,,173.28553771972656,176.6432043664318,False,False,-0.016092790733679863,-0.014335866992629342,-0.00175692374105052
2026-03-19,ELV,2026-03-20,completed,neutral,,289.0407409667969,291.49996755267864,False,False,0.0011334419385566896,-0.014335866992629342,0.015469308931186032
2026-03-19,ORCL,2026-03-20,completed,stall,,148.6419219970703,152.1871703681397,False,False,-0.03755154634591762,-0.014335866992629342,-0.023215679353288277
2026-03-19,MPC,2026-03-20,completed,stall,,231.01336669921875,236.57684784273005,False,False,-0.013784113080745786,-0.014335866992629342,0.0005517539118835568
2026-03-19,CVX,2026-03-20,completed,neutral,,198.16961669921875,201.46049777557772,False,True,0.0014396339952256199,-0.014335866992629342,0.015775500987854962
2026-03-19,DOW,2026-03-20,completed,stall,,35.864871978759766,37.49909484479962,False,False,-0.02240600088694844,-0.014335866992629342,-0.008070133894319098
2026-03-19,COP,2026-03-20,completed,continuation,,125.14900207519531,126.34212478973548,True,True,0.007141676549675902,-0.014335866992629342,0.021477543542305244
2026-03-19,VRTX,2026-03-20,completed,stall,,454.0,461.04998779296875,False,False,-0.008841803080233412,-0.014335866992629342,0.00549406391239593
2026-03-19,DAL,2026-03-20,completed,stall,,63.116294860839844,64.5787991683697,False,False,-0.024150128009255534,-0.014335866992629342,-0.009814261016626191
2026-03-19,HPE,2026-03-20,completed,stall,,21.433956146240234,22.303567163122537,False,True,-0.019439374790364172,-0.014335866992629342,-0.00510350779773483
2026-03-19,KR,2026-03-20,completed,stall,,72.32019805908203,73.40698306712922,False,False,-0.0075920755218721325,-0.014335866992629342,0.00674379147075721
2026-03-19,PWR,2026-03-20,completed,stall,,555.1961059570312,582.2766135953744,False,False,-0.039034518589870726,-0.014335866992629342,-0.024698651597241383
2026-03-19,FLEX,2026-03-20,completed,stall,,61.63999938964844,65.81999969482422,False,False,-0.06307951767940234,-0.014335866992629342,-0.048743650686773
2026-03-19,MSI,2026-03-20,completed,stall,,449.8350830078125,458.41710779047474,False,False,-0.012228435956899708,-0.014335866992629342,0.0021074310357296344
2026-03-19,XOM,2026-03-20,completed,neutral,,157.5732421875,160.3068712918422,False,True,0.00954730933243142,-0.014335866992629342,0.023883176325060762
2026-03-19,VRT,2026-03-20,completed,stall,,255.76406860351562,272.7163756820552,False,False,-0.0493740647154256,-0.014335866992629342,-0.03503819772279626
2026-03-19,MGM,2026-03-20,completed,stall,,35.369998931884766,37.09000015258789,False,False,-0.04765752522486588,-0.014335866992629342,-0.03332165823223654
2026-03-19,AES,2026-03-20,completed,stall,,13.763187408447266,13.831514989463928,False,False,-0.0035335406027124927,-0.014335866992629342,0.01080232638991685
2026-03-19,CRM,2026-03-20,completed,neutral,,194.04946899414062,194.3374874288811,False,False,0.0020000248978833124,-0.014335866992629342,0.016335891890512655
2026-03-19,INTC,2026-03-20,completed,stall,,43.869998931884766,47.54999923706055,False,True,-0.050021683803066486,-0.014335866992629342,-0.03568581681043714
2026-03-19,SPG,2026-03-20,completed,stall,,180.57945251464844,187.84099151303994,False,False,-0.03549202359587744,-0.014335866992629342,-0.0211561566032481
2026-03-19,WYNN,2026-03-20,completed,stall,,99.47453308105469,102.4792614856227,False,False,-0.030825922610136502,-0.014335866992629342,-0.01649005561750716
2026-03-19,JPM,2026-03-20,completed,stall,,283.8223571777344,287.9327042603992,False,False,-0.00489618556543292,-0.014335866992629342,0.009439681427196422
2026-03-26,LITE,2026-03-27,completed,neutral,,702.72998046875,732.8300170898438,False,False,0.02022356696087546,-0.01705191879256185,0.03727548575343731
2026-03-26,DVN,2026-03-27,completed,continuation,,51.36956787109375,51.754321092404446,True,True,0.014021440782577166,-0.01705191879256185,0.031073359575139015
2026-03-26,COHR,2026-03-27,completed,neutral,,243.47999572753906,253.60000610351562,False,False,0.0007809710495687572,-0.01705191879256185,0.017832889842130606
2026-03-26,CVX,2026-03-27,completed,continuation,,207.42337036132812,208.71026253112518,True,True,0.016170203095777325,-0.01705191879256185,0.03322212188833917
2026-03-26,AKAM,2026-03-27,completed,stall,,114.5,116.05999755859375,False,False,-0.023454157782516027,-0.01705191879256185,-0.006402238989954179
2026-03-26,VLO,2026-03-27,completed,continuation,,252.14297485351562,253.77884445703972,True,True,0.024905327181915737,-0.01705191879256185,0.041957245974477586
2026-03-26,T,2026-03-27,completed,neutral,,28.41807746887207,28.681750796183945,False,False,0.0062240424304642605,-0.01705191879256185,0.02327596122302611
2026-03-26,COP,2026-03-27,completed,continuation,,131.93301391601562,132.98807576084798,True,True,0.004127714216266787,-0.01705191879256185,0.021179633008828636
2026-03-26,BX,2026-03-27,completed,stall,,105.99656677246094,108.6251485444602,False,False,-0.014229729925331336,-0.01705191879256185,0.002822188867230513
2026-03-26,BKR,2026-03-27,completed,neutral,,62.77834701538086,63.28478249447396,False,False,0.013790898077495672,-0.01705191879256185,0.03084281687005752
2026-03-26,ARES,2026-03-27,completed,stall,,104.11973571777344,106.55912151464274,False,False,-0.015196455476136794,-0.01705191879256185,0.0018554633164250545
2026-03-26,FDX,2026-03-27,completed,stall,,275.05523681640625,279.0854751972115,False,False,-0.015963364573977956,-0.01705191879256185,0.0010885542185838926
2026-03-26,WSM,2026-03-27,completed,stall,,174.01332092285156,177.78564778622226,False,False,-0.02918695128524773,-0.01705191879256185,-0.012135032492685882
2026-03-26,ALGN,2026-03-27,completed,stall,,166.3800048828125,176.8300018310547,False,False,-0.06174926315443474,-0.01705191879256185,-0.04469734436187289
2026-03-26,UPS,2026-03-27,completed,stall,,91.76536560058594,93.83686159272112,False,False,-0.027692235560026757,-0.01705191879256185,-0.010640316767464908
2026-03-26,MPC,2026-03-27,completed,continuation,,250.2669677734375,251.18096542637662,True,True,0.014498019280508201,-0.01705191879256185,0.03154993807307005
2026-03-26,XOM,2026-03-27,completed,continuation,,168.7445831298828,168.98142183830936,True,True,0.033609365142416525,-0.01705191879256185,0.050661283934978374
2026-03-26,ACN,2026-03-27,completed,stall,,188.71131896972656,191.59194639134557,False,False,-0.019448052146265216,-0.01705191879256185,-0.002396133353703367
2026-03-26,MS,2026-03-27,completed,stall,,156.68087768554688,159.49022878447443,False,False,-0.029651363932878927,-0.01705191879256185,-0.012599445140317078
2026-03-26,CCL,2026-03-27,completed,stall,,23.91747283935547,25.173163420792484,False,False,-0.0431171884306073,-0.01705191879256185,-0.026065269638045452
2026-03-26,J,2026-03-27,completed,stall,,125.18721771240234,128.16053148195334,False,False,-0.028026660386089586,-0.01705191879256185,-0.010974741593527737
2026-03-26,NWS,2026-03-27,completed,continuation,,27.706645965576172,27.756495232008238,True,True,0.008711454425132992,-0.01705191879256185,0.02576337321769484
2026-03-26,BLK,2026-03-27,completed,stall,,923.8759155273438,951.2108159122978,False,False,-0.0357371620198198,-0.01705191879256185,-0.018685243227257953
2026-03-26,FITB,2026-03-27,completed,stall,,43.830291748046875,44.67658893889553,False,False,-0.019158754883676576,-0.01705191879256185,-0.0021068360911147277
2026-03-26,OXY,2026-03-27,completed,continuation,,64.72268676757812,65.39646887044664,True,True,0.014916037917109604,-0.01705191879256185,0.03196795670967145
2026-03-26,JBHT,2026-03-27,completed,stall,,204.86245727539062,205.52012532558246,False,False,-0.002861621122848712,-0.01705191879256185,0.014190297669713137
2026-03-26,KMI,2026-03-27,completed,stall,,33.40601348876953,34.09317880665755,False,True,-0.0011741116033341381,-0.01705191879256185,0.01587780718922771
2026-03-26,JPM,2026-03-27,completed,stall,,280.13787841796875,287.3384134369941,False,False,-0.03024072633607411,-0.01705191879256185,-0.01318880754351226
2026-03-26,ADP,2026-03-27,completed,stall,,198.4644775390625,201.75824463561824,False,False,-0.015940597063279105,-0.01705191879256185,0.0011113217292827438
2026-03-26,ERIE,2026-03-27,completed,stall,,238.12181091308594,241.64119100476603,False,False,-0.009824943484922577,-0.01705191879256185,0.007226975307639272
2026-03-26,FTV,2026-03-27,completed,stall,,53.801490783691406,54.479996558806455,False,False,-0.016237886802897172,-0.01705191879256185,0.0008140319896646764
2026-03-26,QCOM,2026-03-27,completed,stall,,125.95672607421875,128.86013479965928,False,False,-0.026275475086904088,-0.01705191879256185,-0.009223556294342239
2026-03-26,TFC,2026-03-27,completed,stall,,43.63205337524414,44.317938654573766,False,False,-0.009784346655615339,-0.01705191879256185,0.00726757213694651
2026-03-26,PNC,2026-03-27,completed,stall,,199.25851440429688,203.5805894043221,False,False,-0.014942117145540612,-0.01705191879256185,0.0021098016470212366
2026-03-26,WDC,2026-03-27,completed,neutral,,275.17987060546875,282.33571032174467,False,False,0.007279999249323321,-0.01705191879256185,0.02433191804188517
2026-03-26,CDW,2026-03-27,completed,stall,,116.9149398803711,119.25977133443276,False,False,-0.02483904946803961,-0.01705191879256185,-0.00778713067547776
2026-03-26,STZ,2026-03-27,completed,neutral,,149.22067260742188,150.88634837480168,False,False,0.006582038642033439,-0.01705191879256185,0.023633957434595287
2026-03-26,SYF,2026-03-27,completed,stall,,64.81600952148438,65.8671847235801,False,False,-0.02155691229620338,-0.01705191879256185,-0.00450499350364153
2026-03-26,DVA,2026-03-27,completed,stall,,154.42999267578125,157.00999450683594,False,False,-0.014863497784526114,-0.01705191879256185,0.0021884210080357347
2026-03-26,STT,2026-03-27,completed,stall,,121.10401153564453,123.64430929287768,False,False,-0.024988211108774916,-0.01705191879256185,-0.007936292316213067
2026-03-26,C,2026-03-27,completed,stall,,106.33381652832031,110.77017215494772,False,False,-0.04474698730440374,-0.01705191879256185,-0.02769506851184189
2026-03-26,MTB,2026-03-27,completed,stall,,198.25595092773438,203.57423350670547,False,False,-0.023331598674583454,-0.01705191879256185,-0.006279679882021605
2026-03-26,GDDY,2026-03-27,completed,stall,,79.97000122070312,81.06999969482422,False,False,-0.021534345576178837,-0.01705191879256185,-0.004482426783616988
2026-03-26,PGR,2026-03-27,completed,stall,,198.64894104003906,203.54424202429118,False,False,-0.02000989425403088,-0.01705191879256185,-0.0029579754614690312
2026-03-26,UAL,2026-03-27,completed,stall,,88.44000244140625,92.20999908447266,False,False,-0.04585176273661906,-0.01705191879256185,-0.028799843944057213
2026-03-26,ACGL,2026-03-27,completed,stall,,93.41999816894531,94.6500015258789,False,True,-0.00743736248628768,-0.01705191879256185,0.009614556306274169
2026-03-26,TRMB,2026-03-27,completed,stall,,62.970001220703125,65.37999725341797,False,False,-0.03789145673299632,-0.01705191879256185,-0.02083953794043447
2026-03-26,PRU,2026-03-27,completed,stall,,90.98523712158203,93.2089076922264,False,False,-0.020783121128649773,-0.01705191879256185,-0.0037312023360879243
2026-03-26,VZ,2026-03-27,completed,stall,,48.73374557495117,49.8380277990463,False,False,-0.008474557196819221,-0.01705191879256185,0.008577361595742627
2026-03-26,WFC,2026-03-27,completed,stall,,76.31307983398438,77.7367154807508,False,False,-0.023158522225823708,-0.01705191879256185,-0.006106603433261859
2026-03-26,RL,2026-03-27,completed,stall,,327.0206604003906,333.86391856000097,False,False,-0.014747870904342264,-0.01705191879256185,0.0023040478882195847
2026-03-26,WBD,2026-03-27,completed,stall,,27.06999969482422,27.139999389648438,False,False,0.0,-0.01705191879256185,0.01705191879256185
2026-03-26,CF,2026-03-27,completed,continuation,,135.19859313964844,135.32740572778064,True,True,0.029345323420901792,-0.01705191879256185,0.04639724221346364
2026-03-26,APTV,2026-03-27,completed,stall,,67.04000091552734,70.29000091552734,False,False,-0.05510917830718409,-0.01705191879256185,-0.038057259514622244
2026-03-26,APO,2026-03-27,completed,stall,,107.51058959960938,109.3847359946995,False,False,-0.014184380790079443,-0.01705191879256185,0.002867538002482406
2026-03-26,GM,2026-03-27,completed,stall,,72.67186737060547,74.94223954479999,False,False,-0.03465591671156287,-0.01705191879256185,-0.017603997919001024
2026-03-26,MGM,2026-03-27,completed,stall,,36.31999969482422,37.720001220703125,False,False,-0.03327122731311083,-0.01705191879256185,-0.01621930852054898
2026-03-26,FOX,2026-03-27,completed,continuation,,53.117759704589844,53.167513309056915,True,True,0.01579450993219944,-0.01705191879256185,0.03284642872476129
2026-03-26,USB,2026-03-27,completed,stall,,49.90322494506836,50.54112412567661,False,False,-0.014343810994480566,-0.01705191879256185,0.002708107798081283
2026-03-26,ODFL,2026-03-27,completed,neutral,,187.8098602294922,188.39819585607017,False,False,0.002181653025974839,-0.01705191879256185,0.019233571818536688
2026-03-26,NWSA,2026-03-27,completed,stall,,24.15871238708496,24.387940639663956,False,True,-0.0008243552890833117,-0.01705191879256185,0.016227563503478537
2026-03-26,BNY,2026-03-27,completed,stall,,113.75389862060547,115.54959260462596,False,False,-0.01705957713117978,-0.01705191879256185,-7.65833861793297e-06
2026-03-26,EQT,2026-03-27,completed,neutral,,67.14956665039062,67.83547117332756,False,True,0.010320123092124822,-0.01705191879256185,0.02737204188468667
2026-03-26,WAT,2026-03-27,completed,stall,,289.1600036621094,300.30999755859375,False,False,-0.037929178829800736,-0.01705191879256185,-0.020877260037238887
2026-03-26,AVGO,2026-03-27,completed,stall,,299.6591796875,306.4560329867543,False,False,-0.028246588156308983,-0.01705191879256185,-0.011194669363747134
2026-03-26,GPN,2026-03-27,completed,stall,,65.46289825439453,68.77081276131113,False,False,-0.05816781880860278,-0.01705191879256185,-0.04111590001604093
2026-03-26,PYPL,2026-03-27,completed,stall,,43.3397331237793,44.532844218802765,False,False,-0.03561941345802799,-0.01705191879256185,-0.018567494665466144
2026-03-26,GEHC,2026-03-27,completed,stall,,69.15727233886719,71.17514683250101,False,False,-0.032289499381821685,-0.01705191879256185,-0.015237580589259836
2026-03-26,KEY,2026-03-27,completed,stall,,19.07652473449707,19.478651825679513,False,False,-0.021629595921080047,-0.01705191879256185,-0.004577677128518198
2026-03-26,RF,2026-03-27,completed,stall,,24.671659469604492,25.005060424896023,False,False,-0.013720097775111406,-0.01705191879256185,0.0033318210174504426
2026-03-26,ALL,2026-03-27,completed,stall,,200.8119659423828,207.43931256453058,False,False,-0.021480942117729884,-0.01705191879256185,-0.0044290233251680355
2026-03-26,AXP,2026-03-27,completed,stall,,290.5535888671875,296.20025525688044,False,False,-0.02378168808581904,-0.01705191879256185,-0.006729769293257193
2026-03-26,HAS,2026-03-27,completed,stall,,87.2159194946289,89.81497863399164,False,False,-0.02819225319377494,-0.01705191879256185,-0.011140334401213092
2026-03-26,Q,2026-03-27,completed,stall,,111.62944793701172,112.92792474933465,False,False,-0.009044138881649566,-0.01705191879256185,0.008007779910912283
2026-03-26,IVZ,2026-03-27,completed,stall,,22.867177963256836,23.53742123336407,False,False,-0.037344397340726254,-0.01705191879256185,-0.020292478548164405
2026-03-26,RJF,2026-03-27,completed,stall,,140.29286193847656,143.04271805314977,False,False,-0.01997217107010696,-0.01705191879256185,-0.00292025227754511
2026-03-26,CSGP,2026-03-27,completed,stall,,39.77000045776367,41.43000030517578,False,False,-0.03704597596999304,-0.01705191879256185,-0.01999405717743119
2026-03-26,GS,2026-03-27,completed,stall,,795.4711303710938,809.549788074206,False,False,-0.024008070337324217,-0.01705191879256185,-0.006956151544762368
2026-03-26,HST,2026-03-27,completed,stall,,17.953065872192383,18.39140949203314,False,False,-0.029865969543245607,-0.01705191879256185,-0.012814050750683759
2026-03-26,AES,2026-03-27,completed,stall,,13.665575981140137,13.77294802872744,False,False,-0.0007138258997041458,-0.01705191879256185,0.016338092892857703
2026-03-26,HLT,2026-03-27,completed,stall,,293.76959228515625,300.403469901183,False,False,-0.02538955342276994,-0.01705191879256185,-0.00833763463020809
2026-03-26,ARE,2026-03-27,completed,stall,,44.736854553222656,46.55392380966996,False,False,-0.0410330792332908,-0.01705191879256185,-0.023981160440728955
2026-03-26,COF,2026-03-27,completed,stall,,174.73028564453125,178.84800054415214,False,False,-0.03305504095771017,-0.01705191879256185,-0.01600312216514832
2026-03-26,XYL,2026-03-27,completed,stall,,116.6469955444336,118.55224447717647,False,False,-0.01623558374105938,-0.01705191879256185,0.0008163350515024703
2026-03-26,EG,2026-03-27,completed,stall,,314.3298645019531,320.8353717768843,False,False,-0.018401328041321108,-0.01705191879256185,-0.001349409248759259
2026-03-26,F,2026-03-27,completed,stall,,11.108160018920898,11.284015094863923,False,False,-0.019827626323814407,-0.01705191879256185,-0.002775707531252558
2026-03-26,KMB,2026-03-27,completed,stall,,96.16924285888672,97.20247982278701,False,False,-0.0019219489051233163,-0.01705191879256185,0.015129969887438532
2026-03-26,HUM,2026-03-27,completed,stall,,168.69200134277344,174.18904194193527,False,True,-0.029640494559161068,-0.01705191879256185,-0.01258857576659922
2026-03-26,ROST,2026-03-27,completed,stall,,210.86822509765625,213.15929957283183,False,False,-0.01217926201617947,-0.01705191879256185,0.004872656776382378
2026-03-26,AJG,2026-03-27,completed,stall,,205.8629150390625,211.8966486171714,False,False,-0.015075843520996557,-0.01705191879256185,0.001976075271565292
2026-03-26,DGX,2026-03-27,completed,stall,,193.87265014648438,196.9665312628994,False,False,-0.013323233832437498,-0.01705191879256185,0.003728684960124351
2026-03-26,NVR,2026-03-27,completed,stall,,6450.759765625,6574.72021484375,False,False,-0.012168111733526166,-0.01705191879256185,0.004883807059035683
2026-03-26,MPWR,2026-03-27,completed,stall,,1049.307861328125,1069.5862909367024,False,False,-0.004979771847273051,-0.01705191879256185,0.012072146945288798
2026-03-26,AAPL,2026-03-27,completed,stall,,248.35679626464844,255.03488128462607,False,False,-0.016173054004998577,-0.01705191879256185,0.0008788647875632716
2026-03-26,DDOG,2026-03-27,completed,stall,,114.4800033569336,120.63999938964844,False,False,-0.07900240912090106,-0.01705191879256185,-0.061950490328339214
2026-03-26,DXCM,2026-03-27,completed,stall,,62.25,65.91000366210938,False,False,-0.05810253518941544,-0.01705191879256185,-0.04105061639685359
2026-03-26,MAR,2026-03-27,completed,stall,,316.271728515625,323.2039212117152,False,False,-0.02517350553563158,-0.01705191879256185,-0.00812158674306973
2026-03-26,ADBE,2026-03-27,completed,stall,,234.83999633789062,239.7899932861328,False,False,-0.02507476097013661,-0.01705191879256185,-0.008022842177574763
2026-03-26,CTSH,2026-03-27,completed,stall,,58.966026306152344,59.90387613718644,False,False,-0.016951892579971317,-0.01705191879256185,0.00010002621259053157
2026-03-26,HBAN,2026-03-27,completed,stall,,14.79861831665039,15.151900646905366,False,False,-0.022683046694188413,-0.01705191879256185,-0.005631127901626565
2026-03-26,GL,2026-03-27,completed,stall,,134.5460662841797,139.146778048384,False,False,-0.02658485556213508,-0.01705191879256185,-0.00953293676957323
2026-03-26,CHTR,2026-03-27,completed,neutral,,219.13999938964844,220.38999938964844,False,False,0.0028831856603830364,-0.01705191879256185,0.019935104452944885
2026-03-26,ROP,2026-03-27,completed,stall,,342.684814453125,349.8186747614909,False,False,-0.018942058316926413,-0.01705191879256185,-0.0018901395243645647
2026-03-26,MET,2026-03-27,completed,stall,,66.77149963378906,68.44818885313853,False,False,-0.029251431381163706,-0.01705191879256185,-0.012199512588601857
2026-03-26,BAC,2026-03-27,completed,stall,,46.49002456665039,47.756943305169926,False,False,-0.02632671391165109,-0.01705191879256185,-0.00927479511908924
2026-03-26,EBAY,2026-03-27,completed,stall,,87.4708251953125,89.01185012677368,False,False,-0.016213757934018802,-0.01705191879256185,0.0008381608585430467
2026-03-26,HIG,2026-03-27,completed,stall,,131.12033081054688,133.95438616614658,False,False,-0.019052619045906716,-0.01705191879256185,-0.002000700253344867
2026-03-26,STE,2026-03-27,completed,stall,,218.08364868164062,222.04971513750186,False,False,-0.018037004282282165,-0.01705191879256185,-0.0009850854897203165
2026-03-26,CBRE,2026-03-27,completed,stall,,131.77000427246094,133.97999572753906,False,False,-0.022550206521675165,-0.01705191879256185,-0.005498287729113316
2026-03-26,VTRS,2026-03-27,completed,stall,,12.85842227935791,13.19343112787311,False,False,-0.023934150356049955,-0.01705191879256185,-0.006882231563488106
2026-03-26,NUE,2026-03-27,completed,stall,,162.4158172607422,165.26906507057825,False,False,-0.01590260877154559,-0.01705191879256185,0.0011493100210162588
2026-03-26,RCL,2026-03-27,completed,stall,,258.9110107421875,270.2050037029598,False,False,-0.0445256440360815,-0.01705191879256185,-0.027473725243519653
2026-03-26,AON,2026-03-27,completed,stall,,312.1232604980469,326.39299957939335,False,False,-0.03122583429348902,-0.01705191879256185,-0.01417391550092717
2026-03-26,LUV,2026-03-27,completed,stall,,37.02415466308594,38.877343328578725,False,False,-0.05489494126140593,-0.01705191879256185,-0.03784302246884408
2026-03-26,CB,2026-03-27,completed,stall,,317.13946533203125,324.5141217557204,False,False,-0.01609567631370823,-0.01705191879256185,0.0009562424788536195
2026-03-26,WMB,2026-03-27,completed,stall,,72.51404571533203,74.27811482363495,False,True,-0.006481219380333414,-0.01705191879256185,0.010570699412228435
2026-03-26,MLM,2026-03-27,completed,stall,,569.2019653320312,579.5703303277788,False,False,-0.015807355088955366,-0.01705191879256185,0.0012445637036064827
2026-03-26,INVH,2026-03-27,completed,stall,,23.952489852905273,24.344031853665864,False,False,-0.014498668890779998,-0.01705191879256185,0.002553249901781851
2026-03-26,NDSN,2026-03-27,completed,stall,,258.6978759765625,261.86934088203026,False,False,-0.017927177034102515,-0.01705191879256185,-0.0008752582415406662
2026-03-26,TPL,2026-03-27,completed,stall,,510.14971923828125,524.7838064722233,False,False,-0.02016159615918689,-0.01705191879256185,-0.003109677366625041
2026-03-26,TEL,2026-03-27,completed,stall,,200.5784454345703,202.9400645152205,False,False,-0.005216572280954734,-0.01705191879256185,0.011835346511607114
2026-03-26,IBM,2026-03-27,completed,stall,,232.94224548339844,235.99768423246556,False,False,-0.022054865003996005,-0.01705191879256185,-0.005002946211434156
2026-03-26,PNR,2026-03-27,completed,stall,,84.29334259033203,85.82197927852077,False,False,-0.011753769241110601,-0.01705191879256185,0.005298149551451248
2026-03-26,ROK,2026-03-27,completed,stall,,349.3429260253906,353.228934901895,False,False,-0.00935684478353005,-0.01705191879256185,0.007695074009031799
2026-03-26,NRG,2026-03-27,completed,neutral,,146.76795959472656,149.56939770307687,False,False,0.010948437513302212,-0.01705191879256185,0.02800035630586406
2026-03-26,UNP,2026-03-27,completed,stall,,236.45846557617188,238.80533534734988,False,False,-0.0016723464859174086,-0.01705191879256185,0.01537957230664444
2026-03-26,VMC,2026-03-27,completed,stall,,260.4573059082031,265.75691127943634,False,False,-0.019059045883403347,-0.01705191879256185,-0.0020071270908414984
2026-03-26,IDXX,2026-03-27,completed,stall,,558.3200073242188,576.8699951171875,False,False,-0.026112388628588556,-0.01705191879256185,-0.009060469836026708
2026-03-26,MA,2026-03-27,completed,stall,,482.60028076171875,498.3567432895792,False,False,-0.03297049907561378,-0.01705191879256185,-0.01591858028305193
2026-04-02,BF-B,2026-04-03,holiday,,,,,,,,,
2026-04-02,CTVA,2026-04-03,holiday,,,,,,,,,
2026-04-02,GPC,2026-04-03,holiday,,,,,,,,,
2026-04-02,HPQ,2026-04-03,holiday,,,,,,,,,
2026-04-02,BBY,2026-04-03,holiday,,,,,,,,,
2026-04-02,WRB,2026-04-03,holiday,,,,,,,,,
2026-04-02,ADM,2026-04-03,holiday,,,,,,,,,
2026-04-02,BG,2026-04-03,holiday,,,,,,,,,
2026-04-02,PEP,2026-04-03,holiday,,,,,,,,,
2026-04-02,SPG,2026-04-03,holiday,,,,,,,,,
2026-04-02,MRSH,2026-04-03,holiday,,,,,,,,,
2026-04-02,ES,2026-04-03,holiday,,,,,,,,,
2026-04-02,PEG,2026-04-03,holiday,,,,,,,,,
2026-04-02,PAYX,2026-04-03,holiday,,,,,,,,,
2026-04-02,AFL,2026-04-03,holiday,,,,,,,,,
2026-04-02,MOS,2026-04-03,holiday,,,,,,,,,
2026-04-02,MCD,2026-04-03,holiday,,,,,,,,,
2026-04-02,GIS,2026-04-03,holiday,,,,,,,,,
2026-04-02,CL,2026-04-03,holiday,,,,,,,,,
2026-04-02,EFX,2026-04-03,holiday,,,,,,,,,
2026-04-02,MDLZ,2026-04-03,holiday,,,,,,,,,
2026-04-02,HON,2026-04-03,holiday,,,,,,,,,
2026-04-02,ODFL,2026-04-03,holiday,,,,,,,,,
2026-04-02,PG,2026-04-03,holiday,,,,,,,,,
2026-04-02,MDT,2026-04-03,holiday,,,,,,,,,
2026-04-02,DGX,2026-04-03,holiday,,,,,,,,,
2026-04-02,BRO,2026-04-03,holiday,,,,,,,,,
2026-04-02,RF,2026-04-03,holiday,,,,,,,,,
2026-04-02,SW,2026-04-03,holiday,,,,,,,,,
2026-04-02,ULTA,2026-04-03,holiday,,,,,,,,,
2026-04-02,IP,2026-04-03,holiday,,,,,,,,,
2026-04-02,IEX,2026-04-03,holiday,,,,,,,,,
2026-04-02,VRTX,2026-04-03,holiday,,,,,,,,,
2026-04-02,PLD,2026-04-03,holiday,,,,,,,,,
2026-04-02,VLTO,2026-04-03,holiday,,,,,,,,,
2026-04-02,L,2026-04-03,holiday,,,,,,,,,
2026-04-02,SYK,2026-04-03,holiday,,,,,,,,,
2026-04-02,AIG,2026-04-03,holiday,,,,,,,,,
2026-04-02,RMD,2026-04-03,holiday,,,,,,,,,
2026-04-02,FICO,2026-04-03,holiday,,,,,,,,,
2026-04-02,ABT,2026-04-03,holiday,,,,,,,,,
2026-04-02,CLX,2026-04-03,holiday,,,,,,,,,
2026-04-02,HD,2026-04-03,holiday,,,,,,,,,
2026-04-02,AMT,2026-04-03,holiday,,,,,,,,,
2026-04-02,OTIS,2026-04-03,holiday,,,,,,,,,
2026-04-09,EFX,2026-04-10,completed,stall,,176.847900390625,181.48845422183982,False,False,-0.02160531163817292,-0.0006617946789001516,-0.020943516959272768
2026-04-09,CPT,2026-04-10,completed,neutral,,101.0242919921875,101.41075019126544,False,False,0.011007546830118287,-0.0006617946789001516,0.011669341509018438
2026-04-09,EL,2026-04-10,completed,stall,,72.1450424194336,73.86254852534503,False,False,-0.008459586281583054,-0.0006617946789001516,-0.007797791602682902
2026-04-09,DPZ,2026-04-10,completed,stall,,361.46612548828125,368.42973168382474,False,False,-0.019689111795043623,-0.0006617946789001516,-0.019027317116143472
2026-04-09,FRT,2026-04-10,completed,continuation,,108.05172729492188,108.06163030910677,True,True,0.015457696611908878,-0.0006617946789001516,0.01611949129080903
2026-04-09,SBUX,2026-04-10,completed,stall,,95.48857116699219,96.16074775664036,False,False,-0.0033017345474227744,-0.0006617946789001516,-0.0026399398685226227
2026-04-09,TKO,2026-04-10,completed,neutral,,195.801513671875,198.08323880804232,False,False,0.0015222581869767104,-0.0006617946789001516,0.002184052865876862
2026-04-09,VLTO,2026-04-10,completed,stall,,89.3682632446289,89.46811452909053,False,False,-0.001339030365024363,-0.0006617946789001516,-0.0006772356861242113
2026-04-09,BRO,2026-04-10,completed,stall,,64.73990631103516,66.39122752509462,False,False,-0.030537713178356518,-0.0006617946789001516,-0.029875918499456366
2026-04-09,SWKS,2026-04-10,completed,stall,,55.87449264526367,56.83613788098283,False,True,-0.0035360572115102906,-0.0006617946789001516,-0.002874262532610139
2026-04-09,FISV,2026-04-10,completed,stall,,56.09000015258789,56.66999816894531,False,False,-0.005672747663354238,-0.0006617946789001516,-0.005010952984454087
2026-04-09,CASY,2026-04-10,completed,stall,,737.10546875,761.5002309588997,False,False,-0.027136453680589145,-0.0006617946789001516,-0.026474659001688994
2026-04-16,INTC,2026-04-17,completed,stall,,68.5,70.33000183105469,False,True,0.0,0.012085709684531931,-0.012085709684531931
2026-04-16,MRVL,2026-04-17,completed,continuation,,139.65554809570312,139.87549505340976,True,True,0.047387044280518875,0.012085709684531931,0.035301334595986944
2026-04-16,UNH,2026-04-17,completed,continuation,,320.8110046386719,321.44345989199303,True,True,0.026011470427079297,0.012085709684531931,0.013925760742547366
2026-04-16,TER,2026-04-17,completed,continuation,,380.09039306640625,381.1795595083632,True,True,0.039516788525622015,0.012085709684531931,0.027431078841090084
2026-04-16,MPWR,2026-04-17,completed,continuation,,1466.1129150390625,1476.9763440168947,True,True,0.04672044824996924,0.012085709684531931,0.034634738565437306
2026-04-16,HUM,2026-04-17,completed,continuation,,204.6571502685547,205.04623169552846,True,True,0.02181709196506265,0.012085709684531931,0.00973138228053072
2026-04-16,FLEX,2026-04-17,completed,continuation,,81.83000183105469,82.8499984741211,True,True,0.023898945268639338,0.012085709684531931,0.011813235584107407
2026-04-16,STZ,2026-04-17,completed,stall,,159.94406127929688,163.20641311765283,False,False,-0.011993864651913766,0.012085709684531931,-0.024079574336445697
2026-04-16,AMZN,2026-04-17,completed,neutral,,250.55999755859375,256.17999267578125,False,True,0.003444135445984209,0.012085709684531931,-0.008641574238547722
2026-04-16,MKC,2026-04-17,completed,neutral,,53.36641311645508,53.53339622352707,False,False,0.01989867854898475,0.012085709684531931,0.007812968864452818
2026-04-16,NUE,2026-04-17,completed,continuation,,195.39012145996094,196.64704425203487,True,True,0.02095376765259327,0.012085709684531931,0.008868057968061338
2026-04-16,SMCI,2026-04-17,completed,neutral,,28.559999465942383,29.1299991607666,False,True,0.005633797519761785,0.012085709684531931,-0.006451912164770146
2026-04-16,GRMN,2026-04-17,completed,continuation,,265.2137145996094,271.0650316994213,True,True,0.01157526313051016,0.012085709684531931,-0.0005104465540217706
2026-04-16,STX,2026-04-17,completed,continuation,,546.9213256835938,552.7325280957342,True,True,0.029973127564585367,0.012085709684531931,0.017887417880053436
2026-04-16,MAS,2026-04-17,completed,continuation,,65.97340393066406,67.22191886403454,True,True,0.044719998100787084,0.012085709684531931,0.03263428841625515
2026-04-16,ZBRA,2026-04-17,completed,continuation,,234.42999267578125,240.8300018310547,True,True,0.005964638816058354,0.012085709684531931,-0.006121070868473577
2026-04-16,CDW,2026-04-17,completed,continuation,,132.5372314453125,133.724483351044,True,True,0.0048758568844724515,0.012085709684531931,-0.00720985280005948
2026-04-16,AMP,2026-04-17,completed,stall,,453.12432861328125,463.18600706635743,False,False,-0.006056916580217564,0.012085709684531931,-0.018142626264749495
2026-04-16,EME,2026-04-17,completed,neutral,,805.6338500976562,816.5282471795343,False,False,0.017418785739138576,0.012085709684531931,0.005333076054606645
2026-04-16,MCHP,2026-04-17,completed,continuation,,77.89800262451172,79.02552513642294,True,True,0.024586984026061742,0.012085709684531931,0.012501274341529811
2026-04-16,CRH,2026-04-17,completed,neutral,,116.16032409667969,119.62379502690193,False,True,0.023522227410483154,0.012085709684531931,0.011436517725951223
2026-04-16,HST,2026-04-17,completed,continuation,,20.340290069580078,20.398074467913098,True,True,0.026738090451642105,0.012085709684531931,0.014652380767110174
2026-04-16,NDSN,2026-04-17,completed,continuation,,280.2519226074219,284.32807281102345,True,True,0.018756814929128174,0.012085709684531931,0.006671105244596243
2026-04-16,FTV,2026-04-17,completed,continuation,,60.386985778808594,61.020588460929424,True,True,0.014585077976496441,0.012085709684531931,0.00249936829196451
2026-04-16,CAT,2026-04-17,completed,neutral,,791.67138671875,798.7646935012053,False,True,0.028460149653380507,0.012085709684531931,0.016374439968848575
2026-04-16,CCL,2026-04-17,completed,continuation,,28.890804290771484,29.82021469805604,True,True,0.06993780388250537,0.012085709684531931,0.057852094197973436
2026-04-16,FERG,2026-04-17,completed,continuation,,258.52618408203125,263.121283853649,True,True,0.013382656777813695,0.012085709684531931,0.001296947093281764
2026-04-16,HUBB,2026-04-17,completed,neutral,,532.3157958984375,538.4283910886437,False,False,0.02656654926299118,0.012085709684531931,0.014480839578459248
2026-04-16,MET,2026-04-17,completed,neutral,,77.00914001464844,77.53186989740098,False,True,0.012842273227759105,0.012085709684531931,0.0007565635432271733
2026-04-16,NXPI,2026-04-17,completed,continuation,,214.33518981933594,217.2422111144195,True,True,0.010761294426471002,0.012085709684531931,-0.0013244152580609292
2026-04-16,CEG,2026-04-17,completed,stall,,295.2965393066406,304.81710727791796,False,True,-0.009794829958927553,0.012085709684531931,-0.021880539643459485
2026-04-16,HLT,2026-04-17,completed,continuation,,340.7164001464844,344.4329805910064,True,True,0.03223567521109594,0.012085709684531931,0.020149965526564007
2026-04-16,TFC,2026-04-17,completed,continuation,,49.55025863647461,50.304732080465925,True,True,0.023062918595186055,0.012085709684531931,0.010977208910654124
2026-04-16,PNR,2026-04-17,completed,neutral,,90.68380737304688,91.90845266711177,False,True,0.02950154250600545,0.012085709684531931,0.01741583282147352
2026-04-16,UAL,2026-04-17,completed,continuation,,101.80000305175781,105.9800033569336,True,True,0.07124070671813842,0.012085709684531931,0.05915499703360649
2026-04-16,PNC,2026-04-17,completed,neutral,,223.0318603515625,224.56960363672954,False,True,0.021538557017389603,0.012085709684531931,0.009452847332857672
2026-04-16,IP,2026-04-17,completed,continuation,,36.17232131958008,37.07833448678717,True,True,0.025974062508486773,0.012085709684531931,0.013888352823954841
2026-04-16,EXR,2026-04-17,completed,continuation,,142.12527465820312,142.9368062880197,True,True,0.026263685338202558,0.012085709684531931,0.014177975653670627
2026-04-23,CHRW,2026-04-24,completed,stall,,181.62193298339844,182.36616316777278,False,False,-0.003864272916387912,0.0077492429694283604,-0.011613515885816272
2026-04-23,JBHT,2026-04-24,completed,stall,,247.71029663085938,252.8121885318607,False,False,-0.020180585817494823,0.0077492429694283604,-0.027929828786923183
2026-04-23,BE,2026-04-24,completed,stall,,231.1699981689453,242.2030029296875,False,True,-0.026939466085629027,0.0077492429694283604,-0.03468870905505739
2026-04-23,CVNA,2026-04-24,completed,neutral,,81.81600189208984,82.03600311279297,False,False,0.015036544975653987,0.0077492429694283604,0.007287302006225627
2026-04-23,CHTR,2026-04-24,completed,stall,,180.1300048828125,234.7100067138672,False,False,-0.25498384567682997,0.0077492429694283604,-0.26273308864625833
2026-04-23,APO,2026-04-24,completed,stall,,123.21773529052734,124.74481900125015,False,False,-0.004087458098698371,0.0077492429694283604,-0.011836701068126732
2026-04-23,TSLA,2026-04-24,completed,neutral,,376.29998779296875,382.760009765625,False,False,0.0069035282132037246,0.0077492429694283604,-0.0008457147562246359
2026-04-23,ALB,2026-04-24,completed,stall,,187.21974182128906,191.10669487721847,False,False,-0.024904152443113392,0.0077492429694283604,-0.03265339541254175
2026-04-23,AXON,2026-04-24,completed,neutral,,397.1199951171875,398.57000732421875,False,False,0.011409892781206521,0.0077492429694283604,0.0036606498117781605
2026-04-23,COIN,2026-04-24,completed,neutral,,199.77000427246094,202.5399932861328,False,False,0.009296274767683688,0.0077492429694283604,0.0015470317982553272
2026-04-23,TGT,2026-04-24,completed,stall,,127.07481384277344,127.82197540543605,False,False,-0.006990791505119387,0.0077492429694283604,-0.014740034474547747
2026-04-23,MRNA,2026-04-24,completed,stall,,50.72999954223633,53.4900016784668,False,False,-0.04011350980308659,0.0077492429694283604,-0.04786275277251495
2026-04-23,STT,2026-04-24,completed,stall,,149.993408203125,150.9386999296526,False,False,-0.0033719190861083437,0.0077492429694283604,-0.011121162055536704
2026-04-23,GS,2026-04-24,completed,stall,,918.3451538085938,924.2996299740405,False,False,-0.004713830950608844,0.0077492429694283604,-0.012463073920037204
2026-04-23,BNY,2026-04-24,completed,stall,,132.9906768798828,134.4986693636789,False,False,-0.010116583648986821,0.0077492429694283604,-0.01786582661841518
2026-04-23,VTRS,2026-04-24,completed,stall,,14.375814437866211,14.602437515686889,False,False,-0.01084744370250279,0.0077492429694283604,-0.01859668667193115
2026-04-23,EG,2026-04-24,completed,stall,,339.4916687011719,346.8078672001303,False,False,-0.02117952988304972,0.0077492429694283604,-0.02892877285247808
2026-04-23,PLD,2026-04-24,completed,stall,,139.96487426757812,142.11211133769964,False,False,-0.0016860701136127698,0.0077492429694283604,-0.00943531308304113
2026-04-23,SWK,2026-04-24,completed,neutral,,75.17522430419922,75.51853346400767,False,False,0.008288471301073574,0.0077492429694283604,0.000539228331645214
2026-04-23,SJM,2026-04-24,completed,stall,,94.13316345214844,95.12280326144183,False,True,-0.0012474872776291335,0.0077492429694283604,-0.008996730247057494
2026-04-23,MS,2026-04-24,completed,stall,,186.0406036376953,187.01002454274916,False,False,-0.0030744180049038228,0.0077492429694283604,-0.010823660974332183
2026-04-23,PPG,2026-04-24,completed,stall,,108.41448211669922,109.62895703564837,False,False,-0.004442843032810839,0.0077492429694283604,-0.0121920860022392
2026-04-23,IRM,2026-04-24,completed,stall,,114.35358428955078,116.18671140160936,False,False,-0.0007750574176481617,0.0077492429694283604,-0.008524300387076522
2026-04-23,MGM,2026-04-24,completed,neutral,,39.540000915527344,39.560001373291016,False,False,0.015408379814549233,0.0077492429694283604,0.007659136845120873
2026-04-23,EW,2026-04-24,completed,continuation,,84.1500015258789,84.73999786376953,True,True,0.05556949620348628,0.0077492429694283604,0.04782025323405792
2026-04-23,SYY,2026-04-24,completed,neutral,,76.05589294433594,76.3241193902039,False,False,0.009893182561165004,0.0077492429694283604,0.0021439395917366433
2026-04-23,FDX,2026-04-24,completed,stall,,310.247802734375,313.86220393205514,False,False,-0.0119940359278784,0.0077492429694283604,-0.01974327889730676
2026-04-23,DLR,2026-04-24,completed,stall,,197.3223114013672,205.35332887322292,False,True,0.0,0.0077492429694283604,-0.0077492429694283604
2026-04-23,ANET,2026-04-24,completed,neutral,,176.91000366210938,179.8000030517578,False,True,0.025268041340131164,0.0077492429694283604,0.017518798370702804
2026-04-23,ULTA,2026-04-24,completed,stall,,558.5499877929688,565.0,False,False,-0.010435147443414783,0.0077492429694283604,-0.018184390412843143
2026-04-23,HRL,2026-04-24,completed,stall,,21.294675827026367,21.768990241285657,False,True,-0.009650734356520307,0.0077492429694283604,-0.017399977325948668
2026-04-23,FLEX,2026-04-24,completed,continuation,,91.41000366210938,91.91000366210938,True,True,0.05189875784855302,0.0077492429694283604,0.04414951487912466
2026-04-23,P,2026-04-24,completed,continuation,,71.43000030517578,72.08999633789062,True,True,0.020720161170133977,0.0077492429694283604,0.012970918200705617
2026-04-23,META,2026-04-24,completed,neutral,,673.8731689453125,679.5034568571632,False,True,0.024091629296931982,0.0077492429694283604,0.016342386327503622
2026-04-23,HUM,2026-04-24,completed,neutral,,214.72340393066406,214.8930019710047,False,False,0.001302636453071937,0.0077492429694283604,-0.0064466065163564235
2026-04-23,EXPD,2026-04-24,completed,stall,,146.803466796875,148.59424134699026,False,False,-0.014624474878941918,0.0077492429694283604,-0.022373717848370278
2026-04-23,AMZN,2026-04-24,completed,continuation,,263.989990234375,264.5,True,True,0.03493017225717909,0.0077492429694283604,0.027180929287750732
2026-04-23,UPS,2026-04-24,completed,stall,,103.59417724609375,104.29113049235191,False,False,-0.006498374564922638,0.0077492429694283604,-0.014247617534350998
2026-04-23,UNH,2026-04-24,completed,neutral,,350.74468994140625,354.0651480045056,False,False,0.0010154558494446242,0.0077492429694283604,-0.006733787119983736
2026-04-30,ON,2026-05-01,completed,continuation,,103.02999877929688,103.31999969482422,True,True,0.02202163748107222,0.00276905737155686,0.01925258010951536
2026-04-30,URI,2026-05-01,completed,stall,,945.6416625976562,970.5571285047382,False,False,-0.011053982393466999,0.00276905737155686,-0.013823039765023859
2026-04-30,WST,2026-05-01,completed,neutral,,300.48370361328125,300.8934396179594,False,False,0.010383411579791835,0.00276905737155686,0.007614354208234975
2026-04-30,UNH,2026-05-01,completed,stall,,364.4416198730469,368.513146797899,False,True,-0.004588619240709746,0.00276905737155686,-0.007357676612266606
2026-04-30,NTRS,2026-05-01,completed,stall,,162.9510498046875,165.63586528664993,False,False,-0.01118193053951122,0.00276905737155686,-0.01395098791106808
2026-04-30,GEV,2026-05-01,completed,stall,,1062.4071044921875,1093.121513221667,False,False,-0.018930082623815903,0.00276905737155686,-0.021699139995372763
2026-04-30,STLD,2026-05-01,completed,neutral,,228.75120544433594,230.41742469289537,False,True,0.0026677498095180052,0.00276905737155686,-0.00010130756203885483
2026-04-30,BKR,2026-05-01,completed,stall,,68.63713073730469,69.51098033411051,False,True,-0.007894360736092398,0.00276905737155686,-0.010663418107649258
2026-04-30,MSCI,2026-05-01,completed,stall,,584.6400756835938,597.7457162638859,False,False,-0.004328620494021718,0.00276905737155686,-0.007097677865578578
2026-04-30,MRVL,2026-05-01,completed,stall,,164.90931701660156,166.3489643249253,False,True,-0.0012110233063764575,0.00276905737155686,-0.0039800806779333175
2026-04-30,PFG,2026-05-01,completed,neutral,,99.5331802368164,100.3307111032665,False,True,0.0017836430533100245,0.00276905737155686,-0.0009854143182468356
2026-04-30,AMP,2026-05-01,completed,stall,,464.0402526855469,473.85364753217516,False,False,-0.01600708831906028,0.00276905737155686,-0.01877614569061714
2026-04-30,BA,2026-05-01,completed,stall,,227.3800048828125,231.50999450683594,False,True,-0.007204269769369276,0.00276905737155686,-0.009973327140926136
2026-04-30,SNPS,2026-05-01,completed,neutral,,489.0199890136719,497.94000244140625,False,False,0.0133029068150885,0.00276905737155686,0.01053384944353164
2026-04-30,NDAQ,2026-05-01,completed,stall,,90.68704986572266,92.4050623626828,False,True,-0.0064194495663456586,0.00276905737155686,-0.009188506937902519
2026-04-30,FLEX,2026-05-01,completed,neutral,,91.69999694824219,93.52999877929688,False,True,0.001638382211736067,0.00276905737155686,-0.0011306751598207931
2026-04-30,HAL,2026-05-01,completed,stall,,41.2918815612793,42.08481180292139,False,True,-0.0151300521194766,0.00276905737155686,-0.01789910949103346
2026-04-30,CSX,2026-05-01,completed,stall,,44.82947540283203,45.27687611396935,False,False,-0.0074840427580438185,0.00276905737155686,-0.010253100129600679
2026-04-30,ROL,2026-05-01,completed,stall,,54.329044342041016,55.737356727112854,False,False,-0.017046494517917732,0.00276905737155686,-0.019815551889474592
2026-04-30,P,2026-05-01,completed,neutral,,71.62000274658203,72.69000244140625,False,False,0.002379367468174909,0.00276905737155686,-0.0003896899033819512
2026-04-30,Q,2026-05-01,completed,neutral,,143.16256713867188,143.55211094032757,False,False,0.01898186331485796,0.00276905737155686,0.0162128059433011
2026-04-30,PM,2026-05-01,completed,neutral,,165.011962890625,166.24175743645122,False,True,0.007936003447826634,0.00276905737155686,0.005166946076269774
2026-04-30,MPWR,2026-05-01,completed,stall,,1581.0675048828125,1587.287993803853,False,False,-0.019158737027169304,0.00276905737155686,-0.021927794398726164
2026-04-30,RJF,2026-05-01,completed,stall,,155.6451873779297,158.12634857592903,False,False,-0.01339061783343265,0.00276905737155686,-0.01615967520498951
2026-04-30,DOV,2026-05-01,completed,stall,,224.64231872558594,225.9556165459702,False,False,-0.0027384092962038364,0.00276905737155686,-0.0055074666677606965
2026-04-30,CEG,2026-05-01,completed,stall,,306.86077880859375,316.2616914482124,False,True,-0.016581520380535286,0.00276905737155686,-0.019350577752092146
2026-04-30,DOW,2026-05-01,completed,stall,,39.42689514160156,40.57182922138945,False,True,-0.004939524378467786,0.00276905737155686,-0.007708581750024646
2026-04-30,SLB,2026-05-01,completed,neutral,,56.33083724975586,56.60794162535647,False,True,0.0007032196304603833,0.00276905737155686,-0.0020658377410964768
2026-04-30,ADI,2026-05-01,completed,stall,,395.39898681640625,396.7511375538948,False,False,-0.011360805279016062,0.00276905737155686,-0.014129862650572922
2026-04-30,EQT,2026-05-01,completed,stall,,58.31226348876953,59.67414106979925,False,False,-0.02363522705853749,0.00276905737155686,-0.02640428443009435
2026-04-30,STT,2026-05-01,completed,stall,,151.24716186523438,153.51586807855577,False,False,-0.005495985115550384,0.00276905737155686,-0.008265042487107244
2026-04-30,ANET,2026-05-01,completed,stall,,172.6999969482422,177.17999267578125,False,True,-5.795706812505852e-05,0.00276905737155686,-0.0028270144396819186
2026-04-30,NRG,2026-05-01,completed,stall,,152.8275146484375,156.43472079289447,False,False,-0.011185992861886707,0.00276905737155686,-0.013955050233443567
2026-04-30,DDOG,2026-05-01,completed,continuation,,140.52999877929688,142.75,True,True,0.06309097650245787,0.00276905737155686,0.060321919130901014
2026-04-30,WAB,2026-05-01,completed,stall,,264.3552551269531,269.3939067589262,False,False,-0.018303802942552405,0.00276905737155686,-0.021072860314109265
2026-04-30,COP,2026-05-01,completed,stall,,121.47105407714844,124.00519293356037,False,False,-0.0205914755072113,0.00276905737155686,-0.02336053287876816
2026-04-30,NTAP,2026-05-01,completed,continuation,,111.74061584472656,111.96991512931803,True,True,0.011826349384150392,0.00276905737155686,0.009057292012593532
2026-04-30,NWSA,2026-05-01,completed,stall,,26.15200424194336,26.61046262587405,False,True,-0.003039558321338953,0.00276905737155686,-0.005808615692895813
2026-04-30,ALLE,2026-05-01,completed,stall,,134.45616149902344,137.0164768639938,False,False,-0.014474776147113233,0.00276905737155686,-0.017243833518670093
2026-04-30,NEM,2026-05-01,completed,stall,,108.14185333251953,111.7359625818606,False,False,-0.022234177440907055,0.00276905737155686,-0.025003234812463915
2026-05-07,STX,2026-05-08,completed,neutral,,781.4559326171875,800.9164357990302,False,True,0.02113666425938643,0.008256054754597786,0.012880609504788643
2026-05-07,GNRC,2026-05-08,completed,neutral,,269.4100036621094,272.3999938964844,False,True,0.009971897514936767,0.008256054754597786,0.0017158427603389814
2026-05-07,NXPI,2026-05-08,completed,neutral,,292.4376220703125,294.6699703303912,False,False,0.015608901912293138,0.008256054754597786,0.0073528471576953525
2026-05-07,EBAY,2026-05-08,completed,neutral,,107.0667495727539,107.68315648559023,False,False,0.011933843165773173,0.008256054754597786,0.0036777884111753867
2026-05-07,FFIV,2026-05-08,completed,continuation,,354.0299987792969,354.5199890136719,True,True,0.02611445728516326,0.008256054754597786,0.017858402530565476
2026-05-07,WDC,2026-05-08,completed,neutral,,479.72088623046875,483.378761647956,False,False,0.034683414860059214,0.008256054754597786,0.026427360105461428
2026-05-07,LLY,2026-05-08,completed,stall,,945.4652709960938,976.9159720079372,False,False,-0.027190920676432695,0.008256054754597786,-0.03544697543103048
2026-05-07,VEEV,2026-05-08,completed,stall,,166.33999633789062,167.24000549316406,False,False,-0.011352176297826921,0.008256054754597786,-0.019608231052424707
2026-05-07,GOOGL,2026-05-08,completed,continuation,,400.3034362792969,401.5019617899809,True,True,0.007060478784974844,0.008256054754597786,-0.0011955759696229418
2026-05-07,GD,2026-05-08,completed,stall,,345.0115661621094,347.32140762823326,False,False,-0.0035369191942473677,0.008256054754597786,-0.011792973948845153
2026-05-07,V,2026-05-08,completed,stall,,317.54058837890625,319.8116512556435,False,False,-0.007750103204700265,0.008256054754597786,-0.01600615795929805
2026-05-07,BE,2026-05-08,completed,neutral,,261.0299987792969,272.5559997558594,False,False,0.009240581485846278,0.008256054754597786,0.0009845267312484918
2026-05-07,FSLR,2026-05-08,completed,neutral,,219.9499969482422,221.2100067138672,False,False,0.025073353406257715,0.008256054754597786,0.01681729865165993
2026-05-07,ILMN,2026-05-08,completed,neutral,,141.8800048828125,142.1999969482422,False,False,0.022853420917817502,0.008256054754597786,0.014597366163219716
2026-05-07,HUM,2026-05-08,completed,continuation,,274.31280517578125,274.3227913809496,True,True,0.11265776851431042,0.008256054754597786,0.10440171375971263
2026-05-07,UDR,2026-05-08,completed,stall,,36.48732376098633,36.783887546841896,False,False,-0.0005414772967723414,0.008256054754597786,-0.008797532051370127
2026-05-07,ESS,2026-05-08,completed,stall,,261.2433776855469,265.04979632561873,False,False,-0.014287405311208423,0.008256054754597786,-0.02254346006580621
2026-05-07,CAT,2026-05-08,completed,neutral,,895.7882080078125,913.0761439514413,False,False,0.0019649351043009577,0.008256054754597786,-0.006291119650296828
2026-05-07,AMZN,2026-05-08,completed,neutral,,272.67999267578125,274.0,False,False,0.0055683857848436435,0.008256054754597786,-0.0026876689697541423
2026-05-07,MDLZ,2026-05-08,completed,neutral,,61.03836441040039,61.544127150078445,False,False,0.003914496077096485,0.008256054754597786,-0.0043415586775013
2026-05-07,IEX,2026-05-08,completed,neutral,,215.44485473632812,216.89493281598124,False,False,0.009540640009026102,0.008256054754597786,0.0012845852544283165
2026-05-07,NUE,2026-05-08,completed,neutral,,226.94264221191406,229.31681626282713,False,False,0.003528936591822296,0.008256054754597786,-0.00472711816277549
2026-05-07,INVH,2026-05-08,completed,stall,,28.122398376464844,28.46499671675149,False,False,-0.008284365467190247,0.008256054754597786,-0.016540420221788033
2026-05-07,KO,2026-05-08,completed,stall,,77.45476531982422,78.22516348114569,False,False,-0.0001274444289598442,0.008256054754597786,-0.00838349918355763
2026-05-07,FICO,2026-05-08,completed,stall,,1126.0,1132.9300537109375,False,False,-0.0021180749717837344,0.008256054754597786,-0.01037412972638152
2026-05-07,ON,2026-05-08,completed,neutral,,103.19999694824219,103.30999755859375,False,False,0.025742931340606123,0.008256054754597786,0.017486876586008337
2026-05-07,ORLY,2026-05-08,completed,stall,,92.95999908447266,95.11000061035156,False,False,-0.01712838565467356,0.008256054754597786,-0.025384440409271347
2026-05-07,CDNS,2026-05-08,completed,neutral,,362.70001220703125,365.010009765625,False,True,0.016251102296821918,0.008256054754597786,0.007995047542224132
2026-05-07,INCY,2026-05-08,completed,neutral,,98.55999755859375,99.87000274658203,False,False,0.008080197838314707,0.008256054754597786,-0.0001758569162830792
2026-05-07,ARES,2026-05-08,completed,continuation,,123.68382263183594,125.22680594424838,True,True,0.02517247530784439,0.008256054754597786,0.016916420553246603
2026-05-07,PSKY,2026-05-08,completed,continuation,,10.986271858215332,11.006084300589725,True,True,0.030669185973844604,0.008256054754597786,0.022413131219246818
2026-05-07,ABBV,2026-05-08,completed,stall,,200.1255340576172,200.96951753154104,False,False,-0.005722500460923374,0.008256054754597786,-0.01397855521552116
2026-05-07,TMUS,2026-05-08,completed,stall,,191.4799346923828,193.72471771737617,False,False,-0.002935140241717482,0.008256054754597786,-0.011191194996315268
2026-05-07,SNDK,2026-05-08,completed,continuation,,1562.3399658203125,1564.0,True,True,0.16596018639782706,0.008256054754597786,0.15770413164322927
2026-05-07,CPT,2026-05-08,completed,stall,,102.82776641845703,103.561052671334,False,False,-0.0028827076455784084,0.008256054754597786,-0.011138762400176194
2026-05-07,EME,2026-05-08,completed,stall,,921.1641845703125,945.6215217637305,False,False,-0.0026188241566769133,0.008256054754597786,-0.010874878911274699
2026-05-07,FIX,2026-05-08,completed,neutral,,1950.5950927734375,1978.1999791794517,False,False,0.005329494704636506,0.008256054754597786,-0.00292656004996128
2026-05-07,CCI,2026-05-08,completed,stall,,88.24226379394531,89.74268520819697,False,True,-0.005490396642528705,0.008256054754597786,-0.013746451397126491
2026-05-07,KEYS,2026-05-08,completed,neutral,,360.29998779296875,364.29998779296875,False,False,0.014758041656073306,0.008256054754597786,0.0065019869014755205
2026-05-07,MRK,2026-05-08,completed,stall,,109.93582916259766,111.54469918190065,False,False,-0.008192430715475485,0.008256054754597786,-0.01644848547007327
2026-05-07,XEL,2026-05-08,completed,stall,,78.16565704345703,79.92805279539387,False,False,-0.012930532002279116,0.008256054754597786,-0.021186586756876902
2026-05-07,EIX,2026-05-08,completed,neutral,,68.14109802246094,68.76371189301094,False,False,0.005541778261993979,0.008256054754597786,-0.0027142764926038065
2026-05-07,LMT,2026-05-08,completed,stall,,500.1223449707031,505.54310021135944,False,False,-0.011514093214869514,0.008256054754597786,-0.0197701479694673
2026-05-07,KR,2026-05-08,completed,stall,,64.85105895996094,65.75999948482539,False,False,-0.011594708804352982,0.008256054754597786,-0.019850763558950768
2026-05-07,IVZ,2026-05-08,completed,neutral,,27.19420051574707,27.223770819615716,False,False,0.028326523546954974,0.008256054754597786,0.020070468792357188
2026-05-07,EG,2026-05-08,completed,stall,,347.53948974609375,349.9716552213489,False,False,-0.000597105145793142,0.008256054754597786,-0.008853159900390928
2026-05-07,BIIB,2026-05-08,completed,continuation,,193.4499969482422,195.1999969482422,True,True,0.01081613550327365,0.008256054754597786,0.0025600807486758637
2026-05-07,ACN,2026-05-08,completed,neutral,,178.2763671875,178.98781383033457,False,True,0.001276414206779819,0.008256054754597786,-0.006979640547817967
2026-05-07,ZBRA,2026-05-08,completed,stall,,226.02999877929688,229.44000244140625,False,False,-0.011328826844576811,0.008256054754597786,-0.019584881599174597
2026-05-07,EFX,2026-05-08,completed,neutral,,174.72140502929688,175.63560266922497,False,False,0.001195869672327099,0.008256054754597786,-0.007060185082270687
2026-05-07,BXP,2026-05-08,completed,stall,,58.80973815917969,59.45295571502204,False,False,-0.0005045252321613791,0.008256054754597786,-0.008760579986759165
2026-05-07,ADI,2026-05-08,completed,continuation,,414.1204833984375,416.3376476450536,True,True,0.01958289811023395,0.008256054754597786,0.011326843355636163
2026-05-07,IBM,2026-05-08,completed,neutral,,228.12355041503906,229.06679624889614,False,True,0.0006096566834408179,0.008256054754597786,-0.007646398071156968
2026-05-14,DDOG,2026-05-15,completed,continuation,,207.97999572753906,211.27999877929688,True,True,0.025340167040262873,-0.012029288059682064,0.03736945509994494
2026-05-14,SMCI,2026-05-15,completed,stall,,31.040000915527344,31.959999084472656,False,False,-0.060248196709497215,-0.012029288059682064,-0.04821890864981515
2026-05-14,WAT,2026-05-15,completed,stall,,329.2200012207031,333.94000244140625,False,False,-0.011974401538655255,-0.012029288059682064,5.488652102680902e-05
2026-05-14,RVTY,2026-05-15,completed,stall,,93.9111099243164,95.56007738903072,False,False,-0.025005144635139587,-0.012029288059682064,-0.012975856575457523
2026-05-14,IFF,2026-05-15,completed,stall,,72.37296295166016,74.55108679727354,False,False,-0.03929552496861477,-0.012029288059682064,-0.027266236908932706
2026-05-14,HWM,2026-05-15,completed,stall,,260.2242126464844,268.2103423528407,False,False,-0.04413103131848184,-0.012029288059682064,-0.032101743258799775
2026-05-14,DOC,2026-05-15,completed,stall,,18.887252807617188,19.13114810994376,False,False,-0.010225136109086819,-0.012029288059682064,0.0018041519505952452
2026-05-14,ROK,2026-05-15,completed,stall,,445.9861755371094,447.109245838378,False,False,-0.01708503784983373,-0.012029288059682064,-0.005055749790151665
2026-05-14,MNST,2026-05-15,completed,continuation,,43.54499816894531,43.95500183105469,True,True,0.01479837622445257,-0.012029288059682064,0.026827664284134634
2026-05-14,AMD,2026-05-15,completed,stall,,424.1000061035156,439.0,False,False,-0.05692685214277915,-0.012029288059682064,-0.044897564083097086
2026-05-14,SOLV,2026-05-15,completed,stall,,74.26000213623047,75.86000061035156,False,False,-0.002149906431758164,-0.012029288059682064,0.0098793816279239
2026-05-14,STX,2026-05-15,completed,stall,,794.2664794921875,806.4081163787038,False,False,-0.011543883742339722,-0.012029288059682064,0.0004854043173423417
2026-05-14,INTC,2026-05-15,completed,stall,,108.7699966430664,110.56999969482422,False,False,-0.0617614391724427,-0.012029288059682064,-0.049732151112760636
2026-05-14,NXPI,2026-05-15,completed,stall,,289.2131042480469,292.95351668586875,False,False,-0.009076470083879351,-0.012029288059682064,0.002952817975802713
2026-05-14,CPAY,2026-05-15,completed,stall,,328.2300109863281,331.17999267578125,False,False,-0.0028556745847465592,-0.012029288059682064,0.009173613474935505
2026-05-14,CMI,2026-05-15,completed,stall,,691.7742919921875,699.2429060441865,False,False,-0.02780367759262392,-0.012029288059682064,-0.015774389532941857
2026-05-14,JBL,2026-05-15,completed,stall,,339.7466125488281,346.14522416615176,False,False,-0.04076096228430337,-0.012029288059682064,-0.028731674224621306
2026-05-14,TER,2026-05-15,completed,stall,,337.6227722167969,346.3261326363281,False,False,-0.052362856422118687,-0.012029288059682064,-0.04033356836243662
2026-05-14,DIS,2026-05-15,completed,stall,,101.93889617919922,104.61836176837545,False,False,-0.025611815989133424,-0.012029288059682064,-0.01358252792945136
2026-05-14,MCHP,2026-05-15,completed,stall,,92.82284545898438,94.54379969908676,False,False,-0.03287300281501959,-0.012029288059682064,-0.020843714755337528
2026-05-14,ADM,2026-05-15,completed,stall,,79.36963653564453,80.83066540056653,False,False,-0.012406415751772593,-0.012029288059682064,-0.00037712769209052865
2026-05-14,WDC,2026-05-15,completed,stall,,481.7397155761719,486.1271776240446,False,False,-0.014576306715956888,-0.012029288059682064,-0.0025470186562748243
2026-05-14,AMCR,2026-05-15,completed,stall,,35.57765197753906,37.090358110567585,False,False,-0.049235624207778605,-0.012029288059682064,-0.03720633614809654
2026-05-14,UBER,2026-05-15,completed,neutral,,75.08999633789062,75.56500244140625,False,False,0.0053553873799665475,-0.012029288059682064,0.01738467543964861
2026-05-14,SNDK,2026-05-15,completed,neutral,,1407.6099853515625,1426.3780517578125,False,False,0.018000763116034824,-0.012029288059682064,0.030030051175716888
2026-05-14,IQV,2026-05-15,completed,stall,,169.1199951171875,173.35000610351562,False,False,-0.009139897032671374,-0.012029288059682064,0.0028893910270106904
2026-05-14,HPQ,2026-05-15,completed,neutral,,20.361799240112305,20.645554193161704,False,False,0.0019257755660104792,-0.012029288059682064,0.013955063625692543
2026-05-14,HST,2026-05-15,completed,stall,,20.590688705444336,20.638843899076647,False,False,-0.007428117857998906,-0.012029288059682064,0.004601170201683158
2026-05-14,TDG,2026-05-15,completed,stall,,1148.969970703125,1178.0699462890625,False,False,-0.025321912544749137,-0.012029288059682064,-0.013292624485067073
2026-05-14,UPS,2026-05-15,completed,neutral,,95.76315307617188,96.1309862413931,False,False,0.00518188241506623,-0.012029288059682064,0.017211170474748294
2026-05-14,KHC,2026-05-15,completed,stall,,22.15774917602539,22.844135806766474,False,False,-0.0167310016983907,-0.012029288059682064,-0.004701713638708638
2026-05-14,ARE,2026-05-15,completed,stall,,44.387550354003906,45.532525898588446,False,False,-0.025990865219294057,-0.012029288059682064,-0.013961577159611993
2026-05-14,MPWR,2026-05-15,completed,stall,,1547.6585693359375,1585.3210737927807,False,False,-0.03962277314114104,-0.012029288059682064,-0.02759348508145898
2026-05-14,CAT,2026-05-15,completed,stall,,886.6651611328125,898.0639982673679,False,False,-0.03467640235216163,-0.012029288059682064,-0.022647114292479564
2026-05-14,AAPL,2026-05-15,completed,neutral,,299.9713134765625,302.93875555297063,False,True,0.006773819369938039,-0.012029288059682064,0.018803107429620103
2026-05-14,FDX,2026-05-15,completed,stall,,300.4920654296875,301.8274628324964,False,False,-0.01105319740440891,-0.012029288059682064,0.0009760906552731541
2026-05-14,RTX,2026-05-15,completed,stall,,169.90548706054688,174.66975211076033,False,False,-0.025614818383808413,-0.012029288059682064,-0.01358553032412635
2026-05-14,FIX,2026-05-15,completed,stall,,1991.70849609375,1997.945256346594,False,False,-0.023913061425350657,-0.012029288059682064,-0.011883773365668593
2026-05-14,VRT,2026-05-15,completed,stall,,370.7719421386719,373.7405977528053,False,False,-0.01406053323134282,-0.012029288059682064,-0.002031245171660756
2026-05-14,SW,2026-05-15,completed,stall,,37.14131546020508,38.835862317429275,False,False,-0.052769958002814366,-0.012029288059682064,-0.0407406699431323
2026-05-14,BAX,2026-05-15,completed,stall,,17.284343719482422,17.81386478558272,False,False,-0.026996782917012352,-0.012029288059682064,-0.014967494857330288
2026-05-14,ARES,2026-05-15,completed,stall,,120.90155029296875,126.17218530474152,False,False,-0.039835058302537196,-0.012029288059682064,-0.027805770242855132
2026-05-14,LEN,2026-05-15,completed,stall,,81.8121566772461,85.08264800423805,False,False,-0.03460406982465147,-0.012029288059682064,-0.02257478176496941
2026-05-14,HON,2026-05-15,completed,stall,,222.97018432617188,225.47969842960862,False,False,-0.015194270774679164,-0.012029288059682064,-0.0031649827149971
2026-05-14,FICO,2026-05-15,completed,neutral,,1098.5899658203125,1112.8399658203125,False,False,0.0201126452314504,-0.012029288059682064,0.03214193329113246
2026-05-14,ERIE,2026-05-15,completed,stall,,211.83779907226562,219.2354696646331,False,False,-0.0012188538313535613,-0.012029288059682064,0.010810434228328503
2026-05-14,SNPS,2026-05-15,completed,stall,,502.4200134277344,509.0,False,False,-0.014901328868766717,-0.012029288059682064,-0.0028720408090846528
2026-05-21,CSCO,2026-05-22,completed,continuation,,119.96123504638672,120.33981604836205,True,True,0.01869722049310374,0.003931565762728351,0.014765654730375388
2026-05-21,CAH,2026-05-22,completed,neutral,,200.2440948486328,202.32956672263484,False,False,0.000348893404946482,0.003931565762728351,-0.0035826723577818687
2026-05-21,HUM,2026-05-22,completed,neutral,,307.2251892089844,308.48220283956135,False,False,0.014060951911264441,0.003931565762728351,0.01012938614853609
2026-05-21,TTWO,2026-05-22,completed,stall,,227.5500030517578,247.0,False,True,-0.04422882517771953,0.003931565762728351,-0.048160390940447884
2026-05-21,SYK,2026-05-22,completed,neutral,,315.63739013671875,318.05092989727626,False,False,0.009505616023242291,0.003931565762728351,0.005574050260513941
2026-05-21,HPE,2026-05-22,completed,continuation,,37.37583923339844,37.53993994691958,True,True,0.10627028065794164,0.003931565762728351,0.10233871489521329
2026-05-21,HSIC,2026-05-22,completed,continuation,,74.20999908447266,74.80999755859375,True,True,0.009659851489423943,0.003931565762728351,0.005728285726695592
2026-05-21,CHD,2026-05-22,completed,neutral,,95.95741271972656,96.32629070685596,False,False,0.006378094899516462,0.003931565762728351,0.0024465291367881115
2026-05-21,MMM,2026-05-22,completed,continuation,,151.7755889892578,152.79114754832975,True,True,0.010741220966034248,0.003931565762728351,0.006809655203305898
2026-05-21,TRGP,2026-05-22,completed,neutral,,275.4608154296875,275.5503925376226,False,False,0.02408970119494347,0.003931565762728351,0.02015813543221512
2026-05-21,CDW,2026-05-22,completed,continuation,,110.29312133789062,110.81064572885755,True,True,0.0430118263908108,0.003931565762728351,0.03908026062808245
2026-05-21,CVS,2026-05-22,completed,stall,,92.68618774414062,93.57071110497678,False,False,-0.000642872355328783,0.003931565762728351,-0.004574438118057134
2026-05-21,CSX,2026-05-22,completed,stall,,45.25699234008789,45.92311935447502,False,False,-0.008278853734984382,0.003931565762728351,-0.012210419497712732
2026-05-21,ELV,2026-05-22,completed,neutral,,391.3869934082031,393.2710869855401,False,False,0.012492889835375776,0.003931565762728351,0.008561324072647425
2026-05-21,CSGP,2026-05-22,completed,neutral,,33.95000076293945,34.63999938964844,False,False,0.0005894623514230979,0.003931565762728351,-0.003342103411305253
2026-05-21,NTAP,2026-05-22,completed,continuation,,138.93801879882812,141.32078127496072,True,True,0.12432442711165947,0.003931565762728351,0.12039286134893112
2026-05-21,COR,2026-05-22,completed,continuation,,274.3779296875,276.853140741905,True,True,0.03567656832587196,0.003931565762728351,0.03174500256314361
2026-05-21,ACGL,2026-05-22,completed,neutral,,96.30000305175781,96.75,False,False,0.0017684989409878504,0.003931565762728351,-0.0021630668217405002
2026-05-21,FICO,2026-05-22,completed,neutral,,1239.9100341796875,1277.22998046875,False,True,0.009616528644677658,0.003931565762728351,0.005684962881949307
2026-05-21,JNJ,2026-05-22,completed,continuation,,231.85650634765625,233.0042165151488,True,True,0.011263160858078436,0.003931565762728351,0.007331595095350085
2026-05-21,ED,2026-05-22,completed,neutral,,107.65704345703125,107.87525499911766,False,False,0.010614485048577649,0.003931565762728351,0.006682919285849298
2026-05-21,KVUE,2026-05-22,completed,neutral,,17.132335662841797,17.230065688929002,False,True,0.004009205927293813,0.003931565762728351,7.76401645654623e-05
2026-05-21,ESS,2026-05-22,completed,continuation,,274.2783203125,275.49753593267684,True,True,0.01059172712753198,0.003931565762728351,0.0066601613648036295
2026-05-21,ZBH,2026-05-22,completed,neutral,,85.27340698242188,86.45028003812523,False,False,0.002227200250212613,0.003931565762728351,-0.0017043655125157375
2026-05-21,TKO,2026-05-22,completed,stall,,189.97816467285156,193.02377489210633,False,False,-0.000678392671689676,0.003931565762728351,-0.004609958434418027
2026-05-21,SO,2026-05-22,completed,neutral,,93.77566528320312,94.02361785394992,False,False,0.00328951020090984,0.003931565762728351,-0.0006420555618185109
2026-05-21,AIZ,2026-05-22,completed,stall,,253.16632080078125,255.04403964164422,False,False,-0.0034415681220623107,0.003931565762728351,-0.007373133884790661
2026-05-21,EBAY,2026-05-22,completed,stall,,115.0801010131836,117.99314404634374,False,False,-0.011781811539758769,0.003931565762728351,-0.01571337730248712
2026-05-21,MNST,2026-05-22,completed,neutral,,43.39500045776367,43.55500030517578,False,False,0.005444870509323074,0.003931565762728351,0.0015133047465947236
2026-05-21,MPC,2026-05-22,completed,neutral,,253.9546356201172,255.13142137403506,False,False,0.025037245983623446,0.003931565762728351,0.021105680220895096
2026-05-21,L,2026-05-22,completed,stall,,108.74617767333984,109.96478368503985,False,True,-0.0028392706282088787,0.003931565762728351,-0.006770836390937229
2026-05-21,COO,2026-05-22,completed,stall,,62.54999923706055,63.31999969482422,False,True,-0.004773257666570552,0.003931565762728351,-0.008704823429298902
2026-05-21,SBUX,2026-05-22,completed,stall,,102.52107238769531,103.70427795179941,False,False,-0.009795387386426158,0.003931565762728351,-0.013726953149154508
2026-05-21,CINF,2026-05-22,completed,stall,,166.236083984375,167.62055450491903,False,True,-0.0016035636539990517,0.003931565762728351,-0.005535129416727402
2026-05-21,UNH,2026-05-22,completed,neutral,,383.8999938964844,385.94564940819987,False,False,0.01566101063786407,0.003931565762728351,0.01172944487513572
2026-05-21,ODFL,2026-05-22,completed,continuation,,209.87757873535156,210.3662049807824,True,True,0.01338531451735303,0.003931565762728351,0.00945374875462468
2026-05-21,TRV,2026-05-22,completed,stall,,304.1442565917969,307.20099983463507,False,True,-0.0025063953516885062,0.003931565762728351,-0.006437961114416857
2026-05-21,CNC,2026-05-22,completed,neutral,,59.13999938964844,59.20000076293945,False,False,0.023714712152138384,0.003931565762728351,0.019783146389410033
2026-05-21,ON,2026-05-22,completed,continuation,,116.19999694824219,117.88999938964844,True,True,0.06012221787423533,0.003931565762728351,0.05619065211150698
2026-05-21,GWW,2026-05-22,completed,neutral,,1245.3580322265625,1258.532256016042,False,True,0.006883182983096203,0.003931565762728351,0.0029516172203678526
2026-05-21,DVA,2026-05-22,completed,stall,,198.52000427246094,202.55999755859375,False,True,-0.0007047185496208419,0.003931565762728351,-0.004636284312349193
2026-05-21,SCHW,2026-05-22,completed,stall,,89.88788604736328,91.12427855752307,False,False,-0.0028758188741905277,0.003931565762728351,-0.006807384636918878
2026-05-21,FFIV,2026-05-22,completed,continuation,,393.6300048828125,395.7699890136719,True,True,0.02587957352063719,0.003931565762728351,0.02194800775790884
2026-05-21,ABT,2026-05-22,completed,stall,,86.79098510742188,88.21085088739841,False,False,-0.0041015628590705955,0.003931565762728351,-0.008033128621798946
2026-05-21,ISRG,2026-05-22,completed,stall,,438.1000061035156,443.8599853515625,False,False,-0.003865351834100972,0.003931565762728351,-0.0077969175968293225
2026-05-21,VLTO,2026-05-22,completed,neutral,,86.6722412109375,87.08662366407147,False,False,0.009772038507195102,0.003931565762728351,0.0058404727444667515
2026-05-21,IDXX,2026-05-22,completed,neutral,,559.3699951171875,562.2999877929688,False,True,0.01139094094696702,0.003931565762728351,0.00745937518423867
2026-05-21,MSFT,2026-05-22,completed,stall,,417.7835388183594,423.60257118762803,False,False,-0.0012406856469829863,0.003931565762728351,-0.005172251409711337
2026-05-21,UDR,2026-05-22,completed,continuation,,37.57472610473633,37.802095573865024,True,True,0.013329776558991702,0.003931565762728351,0.009398210796263351
2026-05-21,CL,2026-05-22,completed,neutral,,90.093505859375,90.99831473646529,False,True,0.001879679951293678,0.003931565762728351,-0.0020518858114346727
2026-05-21,BAC,2026-05-22,completed,continuation,,51.270660400390625,51.617086052005824,True,True,0.006020495868857445,0.003931565762728351,0.0020889301061290944
2026-05-21,PNW,2026-05-22,completed,continuation,,102.0124282836914,102.1313421460983,True,True,0.010801254572371022,0.003931565762728351,0.006869688809642671
2026-05-21,NVDA,2026-05-22,completed,stall,,214.83892822265625,220.50596731800164,False,False,-0.019042430153974776,0.003931565762728351,-0.022973995916703127
2026-05-21,MCD,2026-05-22,completed,stall,,278.38970947265625,279.82966096807286,False,False,-0.006721144738551343,0.003931565762728351,-0.010652710501279694
2026-05-21,URI,2026-05-22,completed,neutral,,937.0031127929688,946.1772843842074,False,True,0.00690858973981423,0.003931565762728351,0.0029770239770858797
2026-05-21,WFC,2026-05-22,completed,continuation,,75.96388244628906,76.41131064779086,True,True,0.006322503467189211,0.003931565762728351,0.0023909377044608604
2026-05-21,VTR,2026-05-22,completed,neutral,,87.66651916503906,88.75016834302508,False,False,0.002045404223936398,0.003931565762728351,-0.0018861615387919528
2026-05-21,AXON,2026-05-22,completed,stall,,386.0,400.0,False,False,-0.009850185650428611,0.003931565762728351,-0.013781751413156962
2026-05-21,KMB,2026-05-22,completed,continuation,,96.63711547851562,97.27070709546423,True,True,0.004152754586021823,0.003931565762728351,0.00022118882329347223
2026-05-21,YUM,2026-05-22,completed,continuation,,153.6199493408203,154.09522659704734,True,True,0.005378389117634885,0.003931565762728351,0.0014468233549065346
2026-05-21,ADM,2026-05-22,completed,neutral,,77.03108978271484,78.11421926031356,False,False,0.005186608183047392,0.003931565762728351,0.0012550424203190413
2026-05-21,CF,2026-05-22,completed,neutral,,121.07616424560547,122.52868698283322,False,False,8.211291982207491e-05,0.003931565762728351,-0.0038494528429062758
2026-05-21,MRK,2026-05-22,completed,continuation,,120.82283020019531,121.06958868925987,True,True,0.05635150042496884,0.003931565762728351,0.052419934662240486
2026-05-21,MDLZ,2026-05-22,completed,neutral,,61.24661636352539,61.673042277434746,False,False,0.004227587173579295,0.003931565762728351,0.000296021410850944
2026-05-28,DXCM,2026-05-29,completed,continuation,,73.73999786376953,73.83000183105469,True,True,0.019353077090848547,0.002491413132097442,0.016861663958751105
2026-05-28,D,2026-05-29,completed,neutral,,66.27050018310547,66.43879811073222,False,False,0.003417614861778606,0.002491413132097442,0.0009262017296811642
2026-05-28,NTAP,2026-05-29,completed,continuation,,173.76223754882812,192.24610634817552,True,True,0.22394668911993,0.002491413132097442,0.22145527598783254
2026-05-28,ZTS,2026-05-29,completed,stall,,77.15218353271484,78.33394045450862,False,False,-0.00741010121235941,0.002491413132097442,-0.009901514344456852
2026-05-28,VST,2026-05-29,completed,stall,,159.7443084716797,161.79806179019363,False,False,-0.0003120622069463508,0.002491413132097442,-0.0028034753390437928
2026-05-28,CRWD,2026-05-29,completed,continuation,,182.75,182.87249755859375,True,True,0.08941877794336817,0.002491413132097442,0.08692736481127072
2026-05-28,CTSH,2026-05-29,completed,continuation,,55.43495559692383,55.81274151822679,True,True,0.03546894563865721,0.002491413132097442,0.03297753250655977
2026-05-28,TECH,2026-05-29,completed,continuation,,51.622833251953125,52.07233623591787,True,True,0.0165224705689877,0.002491413132097442,0.01403105743689026
2026-05-28,NVR,2026-05-29,completed,stall,,6104.7998046875,6216.14990234375,False,False,-0.00904794612510662,0.002491413132097442,-0.011539359257204063
2026-05-28,HPE,2026-05-29,completed,continuation,,42.806175231933594,44.332835804694156,True,True,0.12640671825884198,0.002491413132097442,0.12391530512674453
2026-05-28,FICO,2026-05-29,completed,stall,,1250.5899658203125,1299.989990234375,False,False,-0.0353065661146873,0.002491413132097442,-0.03779797924678474
2026-05-28,PANW,2026-05-29,completed,continuation,,281.69000244140625,283.7099914550781,True,True,0.09279595937161522,0.002491413132097442,0.09030454623951778
2026-05-28,GPN,2026-05-29,completed,neutral,,75.0091552734375,75.15816186100989,False,True,0.021095431128662634,0.002491413132097442,0.018604017996565192
2026-05-28,HON,2026-05-29,completed,continuation,,248.71360778808594,250.88852411030675,True,True,0.02085834248208629,0.002491413132097442,0.018366929349988848
2026-05-28,GEN,2026-05-29,completed,continuation,,25.676807403564453,25.746499866476604,True,True,0.05050926754324325,0.002491413132097442,0.04801785441114581
2026-05-28,MRK,2026-05-29,completed,stall,,117.18067169189453,119.10538488127004,False,False,-0.00975889189689283,0.002491413132097442,-0.012250305028990272
2026-05-28,CPAY,2026-05-29,completed,continuation,,361.79998779296875,364.239990234375,True,True,0.026761622176840305,0.002491413132097442,0.024270209044742863
2026-05-28,CCL,2026-05-29,completed,neutral,,27.913803100585938,28.25203180672069,False,True,0.004294933841878512,0.002491413132097442,0.0018035207097810702
2026-05-28,BE,2026-05-29,completed,stall,,285.0,287.0,False,False,-0.01727529946181483,0.002491413132097442,-0.019766712593912272
2026-05-28,CHRW,2026-05-29,completed,neutral,,177.275634765625,178.10918413086128,False,False,0.018470999934865784,0.002491413132097442,0.015979586802768342
2026-05-28,HD,2026-05-29,completed,stall,,312.47625732421875,317.36330876728886,False,True,-0.012670787665084005,0.002491413132097442,-0.015162200797181447
2026-05-28,ANET,2026-05-29,completed,neutral,,159.47000122070312,161.5,False,True,0.027049635040082842,0.002491413132097442,0.0245582219079854
2026-05-28,FIS,2026-05-29,completed,neutral,,42.01909637451172,42.66419049204611,False,True,0.018237783378854067,0.002491413132097442,0.015746370246756625
2026-05-28,AMT,2026-05-29,completed,neutral,,185.19223022460938,185.8261781816865,False,False,0.001500010727329526,0.002491413132097442,-0.000991402404767916
2026-05-28,WEC,2026-05-29,completed,stall,,110.09034729003906,111.43859524495795,False,False,-0.005552046942576938,0.002491413132097442,-0.00804346007467438
2026-05-28,MET,2026-05-29,completed,neutral,,82.18086242675781,83.13495059172993,False,False,0.008906838148324825,0.002491413132097442,0.006415425016227383
2026-05-28,ES,2026-05-29,completed,stall,,67.47560119628906,68.4936223634183,False,False,-0.011868533103026824,0.002491413132097442,-0.014359946235124266
2026-05-28,LUV,2026-05-29,completed,stall,,42.56390380859375,43.72338433559272,False,False,-0.008312124852073888,0.002491413132097442,-0.01080353798417133
2026-05-28,RF,2026-05-29,completed,neutral,,27.4565372467041,27.57420894356294,False,False,0.0061085144579846595,0.002491413132097442,0.0036171013258872176
2026-05-28,EVRG,2026-05-29,completed,stall,,81.36064910888672,82.20360896778851,False,False,-0.009776689343279577,0.002491413132097442,-0.012268102475377018
2026-05-28,FTNT,2026-05-29,completed,continuation,,137.97000122070312,138.11000061035156,True,True,0.06376256335427022,0.002491413132097442,0.06127115022217278
2026-05-28,PNW,2026-05-29,completed,stall,,98.84126281738281,100.39711559242785,False,False,-0.011006449787667516,0.002491413132097442,-0.013497862919764958
2026-05-28,CIEN,2026-05-29,completed,neutral,,580.22998046875,582.469970703125,False,False,0.017625991655381368,0.002491413132097442,0.015134578523283926
2026-05-28,NRG,2026-05-29,completed,stall,,133.60574340820312,137.7310990810084,False,False,-0.02487269089016253,0.002491413132097442,-0.027364104022259972
2026-05-28,FRT,2026-05-29,completed,stall,,118.53487396240234,120.72464215557603,False,True,-0.011485688381303816,0.002491413132097442,-0.013977101513401258
2026-05-28,DDOG,2026-05-29,completed,continuation,,247.35000610351562,249.8070068359375,True,True,0.09816196089119078,0.002491413132097442,0.09567054775909334
2026-05-28,AEE,2026-05-29,completed,stall,,106.45901489257812,107.56333623658323,False,False,-0.008812984697110338,0.002491413132097442,-0.01130439782920778
2026-05-28,CCI,2026-05-29,completed,neutral,,89.14836120605469,89.61602801090753,False,False,0.004501011648746722,0.002491413132097442,0.0020095985166492802
2026-05-28,WDAY,2026-05-29,completed,continuation,,146.19000244140625,146.52000427246094,True,True,0.12445203152223483,0.002491413132097442,0.12196061839013739
2026-05-28,ESS,2026-05-29,completed,stall,,270.25384521484375,275.6858644116283,False,False,-0.013746244476204539,0.002491413132097442,-0.01623765760830198
2026-05-28,BKNG,2026-05-29,completed,stall,,166.60777282714844,169.66270387430907,False,False,-0.014073827933473448,0.002491413132097442,-0.01656524106557089
2026-05-28,ETR,2026-05-29,completed,stall,,108.40287780761719,109.4267643613949,False,False,-0.0051998025604134135,0.002491413132097442,-0.0076912156925108555
2026-05-28,IFF,2026-05-29,completed,stall,,75.29362487792969,80.36269754408045,False,True,-0.025374912550361284,0.002491413132097442,-0.027866325682458726
2026-05-28,T,2026-05-29,completed,stall,,24.472318649291992,24.541395325382165,False,False,-0.0032154458242943385,0.002491413132097442,-0.00570685895639178
2026-05-28,EIX,2026-05-29,completed,stall,,69.11949157714844,69.71245108573666,False,False,-0.0048377187620246564,0.002491413132097442,-0.007329131894122098
2026-05-28,MS,2026-05-29,completed,continuation,,206.8612823486328,206.94084620133575,True,True,0.020658591658897052,0.002491413132097442,0.01816717852679961
2026-05-28,DUK,2026-05-29,completed,stall,,121.66033935546875,123.33560487094641,False,False,-0.008322589199116548,0.002491413132097442,-0.01081400233121399
2026-05-28,SPGI,2026-05-29,completed,continuation,,400.23663330078125,404.44666294509136,True,True,0.01749421213280966,0.002491413132097442,0.01500279900071222
2026-05-28,TRMB,2026-05-29,completed,neutral,,56.40999984741211,56.86000061035156,False,True,0.027130402915951368,0.002491413132097442,0.024638989783853926
2026-05-28,FISV,2026-05-29,completed,neutral,,56.560001373291016,57.33000183105469,False,False,0.013075398858938936,0.002491413132097442,0.010583985726841494
2026-05-28,PPL,2026-05-29,completed,neutral,,34.81827163696289,34.916658382270775,False,False,0.0016983237133401108,0.002491413132097442,-0.0007930894187573312
2026-05-28,NOC,2026-05-29,completed,continuation,,558.669189453125,558.9169670914624,True,True,0.007849195382048979,0.002491413132097442,0.005357782249951537
2026-05-28,YUM,2026-05-29,completed,stall,,147.20782470703125,149.42663394615437,False,False,-0.013863886727268793,0.002491413132097442,-0.016355299859366235
2026-05-28,JKHY,2026-05-29,completed,neutral,,135.2183380126953,136.79548480483496,False,False,0.0007341475621920335,0.002491413132097442,-0.0017572655699054085
2026-05-28,FITB,2026-05-29,completed,neutral,,49.5782585144043,49.78677821867304,False,False,0.0010024162737871656,0.002491413132097442,-0.0014889968583102764
2026-05-28,CSCO,2026-05-29,completed,neutral,,119.97119140625,120.97742925252889,False,True,0.01500339682134988,0.002491413132097442,0.012511983689252437
2026-05-28,SHW,2026-05-29,completed,stall,,303.1393127441406,308.43706494920286,False,False,-0.004260423004941005,0.002491413132097442,-0.006751836137038447
2026-05-28,EMR,2026-05-29,completed,continuation,,143.33392333984375,145.07800867617155,True,True,0.014317008537899412,0.002491413132097442,0.01182559540580197
2026-05-28,BR,2026-05-29,completed,continuation,,151.75070190429688,152.2146819626575,True,True,0.02671646458330179,0.002491413132097442,0.02422505145120435
2026-05-28,DRI,2026-05-29,completed,stall,,202.2740478515625,206.68834278306375,False,False,-0.002738734233094564,0.002491413132097442,-0.005230147365192006
2026-05-28,PEP,2026-05-29,completed,stall,,141.1805419921875,143.70669533625968,False,False,-0.014355032368146281,0.002491413132097442,-0.016846445500243723
2026-05-28,VMRK,2026-05-29,completed,stall,,64.7771224975586,65.18291101831146,False,False,-0.012224589857256274,0.002491413132097442,-0.014716002989353716
2026-05-28,EXR,2026-05-29,completed,stall,,141.0986328125,142.33060328071306,False,False,-0.010287422120809908,0.002491413132097442,-0.01277883525290735
2026-05-28,DTE,2026-05-29,completed,stall,,140.45716857910156,141.34197813999842,False,False,-0.003557100501945243,0.002491413132097442,-0.006048513634042685
2026-05-28,SYK,2026-05-29,completed,stall,,304.2777099609375,308.2570770521401,False,False,-0.008256659990107051,0.002491413132097442,-0.010748073122204493
2026-05-28,MTB,2026-05-29,completed,neutral,,213.23394775390625,213.45102113629818,False,False,0.008399056003688843,0.002491413132097442,0.005907642871591401
2026-05-28,XEL,2026-05-29,completed,neutral,,78.27396392822266,79.35699840475667,False,False,0.0030279942822801775,0.002491413132097442,0.0005365811501827356
2026-05-28,AMGN,2026-05-29,completed,neutral,,334.8332214355469,335.54903936971635,False,False,0.0009212973589172169,0.002491413132097442,-0.001570115773180225
2026-05-28,VICI,2026-05-29,completed,stall,,27.233186721801758,27.348991305116172,False,False,-0.0038828803945725188,0.002491413132097442,-0.006374293526669961
2026-05-28,JNJ,2026-05-29,completed,stall,,224.22413635253906,230.36385365376995,False,False,-0.023700200565047624,0.002491413132097442,-0.026191613697145066
2026-05-28,OTIS,2026-05-29,completed,stall,,70.41319274902344,70.96982396416624,False,False,-0.005195958394822342,0.002491413132097442,-0.007687371526919784
2026-05-28,ADSK,2026-05-29,completed,stall,,231.30999755859375,233.83999633789062,False,False,-0.040008298450898816,0.002491413132097442,-0.04249971158299626
2026-05-28,SJM,2026-05-29,completed,stall,,102.2418212890625,103.8368736102501,False,True,-0.010356772666462066,0.002491413132097442,-0.012848185798559508
2026-05-28,AES,2026-05-29,completed,stall,,14.496133804321289,14.525777985710697,False,False,-0.0013614067913977346,0.002491413132097442,-0.0038528199234951765
2026-05-28,FAST,2026-05-29,completed,stall,,43.95877456665039,44.684790058890634,False,False,-0.01251113155562078,0.002491413132097442,-0.015002544687718222
2026-05-28,AON,2026-05-29,completed,stall,,315.3411865234375,317.1071500747131,False,False,-0.007037349275676674,0.002491413132097442,-0.009528762407774116
2026-05-28,UDR,2026-05-29,completed,stall,,36.477439880371094,37.34735981476278,False,False,-0.02587115044658883,0.002491413132097442,-0.028362563578686273
2026-05-28,KVUE,2026-05-29,completed,stall,,16.88800811767578,17.28381959919385,False,False,-0.02040815423378861,0.002491413132097442,-0.022899567365886053
2026-05-28,SPG,2026-05-29,completed,stall,,200.5340118408203,202.56959382492613,False,False,-0.008995444704931299,0.002491413132097442,-0.011486857837028741
2026-05-28,CL,2026-05-29,completed,stall,,89.61624145507812,90.9486071795033,False,False,-0.016692201917730576,0.002491413132097442,-0.019183615049828018
2026-05-28,CTAS,2026-05-29,completed,stall,,170.81626892089844,172.55176615187779,False,False,-0.01040100337032146,0.002491413132097442,-0.012892416502418902
2026-05-28,MCD,2026-05-29,completed,neutral,,275.3619384765625,277.5514220468564,False,False,0.004424872346607156,0.002491413132097442,0.001933459214509714
2026-05-28,ZBH,2026-05-29,completed,stall,,82.11180877685547,82.97949821096832,False,False,-0.005916438879228547,0.002491413132097442,-0.00840785201132599
2026-05-28,PCG,2026-05-29,completed,neutral,,16.29261016845703,16.332493169760276,False,False,0.003069323882129993,0.002491413132097442,0.0005779107500325509
2026-05-28,GIS,2026-05-29,completed,stall,,33.23471450805664,33.775355350437565,False,True,-0.002360500154874212,0.002491413132097442,-0.004851913286971654
2026-05-28,GLW,2026-05-29,completed,stall,,180.81951904296875,183.734029165743,False,False,-0.008374873538422145,0.002491413132097442,-0.010866286670519587
2026-05-28,ROK,2026-05-29,completed,stall,,449.6748046875,456.5735669439493,False,False,-0.00822339726676502,0.002491413132097442,-0.010714810398862462
2026-06-04,SMCI,2026-06-05,completed,stall,,41.63999938964844,45.2599983215332,False,False,-0.11215356002340549,-0.025809369612244448,-0.08634419041116104
2026-06-04,DLTR,2026-06-05,completed,stall,,108.80000305175781,110.7699966430664,False,False,-0.004301213560423567,-0.025809369612244448,0.02150815605182088
2026-06-04,HOOD,2026-06-05,completed,stall,,82.47000122070312,87.33000183105469,False,False,-0.06634213165261504,-0.025809369612244448,-0.040532762040370596
2026-06-04,HRL,2026-06-05,completed,continuation,,23.340150833129883,23.448846270399834,True,True,0.01416915768909588,-0.025809369612244448,0.03997852730134033
2026-06-04,FSLR,2026-06-05,completed,stall,,279.010009765625,306.54998779296875,False,False,-0.11411335465445616,-0.025809369612244448,-0.08830398504221171
2026-06-04,IT,2026-06-05,completed,stall,,164.02000427246094,171.0,False,False,-0.005155521743798186,-0.025809369612244448,0.020653847868446262
2026-06-04,VEEV,2026-06-05,completed,stall,,172.61000061035156,181.75,False,False,-0.033538663429229065,-0.025809369612244448,-0.007729293816984617
2026-06-04,WDAY,2026-06-05,completed,stall,,144.27999877929688,151.5,False,False,-0.024541983590947725,-0.025809369612244448,0.0012673860212967236
2026-06-04,VMC,2026-06-05,completed,stall,,280.858154296875,285.03039471027364,False,False,-0.005935121949322664,-0.025809369612244448,0.019874247662921785
2026-06-04,RVTY,2026-06-05,completed,stall,,98.30835723876953,101.9260838144195,False,False,-0.03935545763992654,-0.025809369612244448,-0.01354608802768209
2026-06-04,ADSK,2026-06-05,completed,stall,,229.9600067138672,236.5,False,False,-0.015750696307972545,-0.025809369612244448,0.010058673304271903
2026-06-04,RCL,2026-06-05,completed,stall,,278.345947265625,295.24552263532365,False,False,-0.045280919058583,-0.025809369612244448,-0.019471549446338554
2026-06-04,CDNS,2026-06-05,completed,stall,,376.19000244140625,407.0,False,False,-0.08620771197478416,-0.025809369612244448,-0.060398342362539714
2026-06-04,CDW,2026-06-05,completed,stall,,132.407470703125,139.65287279355547,False,False,-0.045966349460092815,-0.025809369612244448,-0.020156979847848366
2026-06-04,MU,2026-06-05,completed,stall,,863.8771362304688,961.7420884378228,False,False,-0.1325201007234943,-0.025809369612244448,-0.10671073111124985
2026-06-04,UBER,2026-06-05,completed,stall,,70.70999908447266,72.52999877929688,False,False,-0.020772746420412935,-0.025809369612244448,0.005036623191831513
2026-06-04,WAT,2026-06-05,completed,stall,,365.3599853515625,376.3500061035156,False,False,-0.029511025667693147,-0.025809369612244448,-0.003701656055448699
2026-06-04,MTD,2026-06-05,completed,stall,,1154.3299560546875,1187.489990234375,False,False,-0.02215202701165564,-0.025809369612244448,0.0036573426005888088
2026-06-04,FDS,2026-06-05,completed,neutral,,254.6603240966797,258.02763946851036,False,False,0.0023526979721499863,-0.025809369612244448,0.028162067584394435
2026-06-04,TRMB,2026-06-05,completed,stall,,54.189998626708984,55.81999969482422,False,False,-0.02710955324142772,-0.025809369612244448,-0.0013001836291832713
2026-06-04,CTSH,2026-06-05,completed,stall,,52.899818420410156,54.29165882224363,False,False,-0.0035581230516477103,-0.025809369612244448,0.022251246560596738
2026-06-04,DAL,2026-06-05,completed,stall,,79.22438049316406,79.85283362460729,False,False,-0.0011319884269381797,-0.025809369612244448,0.02467738118530627
2026-06-04,EW,2026-06-05,completed,stall,,85.95999908447266,89.4800033569336,False,True,-0.017038283770911877,-0.025809369612244448,0.008771085841332571
2026-06-04,TYL,2026-06-05,completed,neutral,,312.07000732421875,316.010009765625,False,False,0.012721121224656518,-0.025809369612244448,0.038530490836900966
2026-06-04,KDP,2026-06-05,completed,neutral,,30.314075469970703,30.721175569466073,False,False,0.015635423234732437,-0.025809369612244448,0.041444792846976886
2026-06-04,HLT,2026-06-05,completed,continuation,,342.9438781738281,346.6921717333562,True,True,0.014638584632542528,-0.025809369612244448,0.04044795424478698
2026-06-04,GM,2026-06-05,completed,stall,,81.94054412841797,82.92849886036593,False,False,-0.01119947721165182,-0.025809369612244448,0.014609892400592628
2026-06-04,FTNT,2026-06-05,completed,stall,,144.67999267578125,149.0500030517578,False,False,-0.03334005180872268,-0.025809369612244448,-0.007530682196478233
2026-06-04,TKO,2026-06-05,completed,neutral,,201.87289428710938,203.95619675090347,False,False,0.004938576943007478,-0.025809369612244448,0.030747946555251926
2026-06-04,APH,2026-06-05,completed,stall,,69.19313049316406,72.26373019583163,False,False,-0.05423450751020198,-0.025809369612244448,-0.02842513789795753
2026-06-04,MNST,2026-06-05,completed,neutral,,44.775001525878906,45.19499969482422,False,False,0.011407297558016394,-0.025809369612244448,0.03721666717026084
2026-06-04,PPG,2026-06-05,completed,neutral,,113.09659576416016,113.47424422293706,False,False,0.016434456256001928,-0.025809369612244448,0.042243825868246376
2026-06-04,UPS,2026-06-05,completed,stall,,106.83660125732422,108.96269885192582,False,False,-0.015242230115937838,-0.025809369612244448,0.01056713949630661
2026-06-04,MAR,2026-06-05,completed,continuation,,391.7139892578125,395.8455773931859,True,True,0.01871276013588985,-0.025809369612244448,0.0445221297481343
2026-06-04,SW,2026-06-05,completed,stall,,40.906978607177734,42.006948872786815,False,False,-0.02365182976983049,-0.025809369612244448,0.002157539842413958
2026-06-04,PKG,2026-06-05,completed,stall,,219.93211364746094,223.8901359911182,False,False,-0.008322580134693891,-0.025809369612244448,0.017486789477550557
2026-06-04,WYNN,2026-06-05,completed,neutral,,104.224853515625,106.00050537310455,False,False,0.008494306430943732,-0.025809369612244448,0.03430367604318818
2026-06-04,PAYX,2026-06-05,completed,neutral,,99.49405670166016,100.2858158776235,False,False,0.010554854603888497,-0.025809369612244448,0.036364224216132945
2026-06-04,DHI,2026-06-05,completed,stall,,145.16738891601562,146.62304233970232,False,False,-0.0055323637950974724,-0.025809369612244448,0.020277005817146976
2026-06-04,BG,2026-06-05,completed,stall,,125.66763305664062,129.18545323134663,False,False,-0.022871261578983226,-0.025809369612244448,0.002938108033261222
2026-06-04,GEN,2026-06-05,completed,stall,,26.164655685424805,26.692328258167354,False,False,-0.009049784542355166,-0.025809369612244448,0.016759585069889282
2026-06-04,BR,2026-06-05,completed,stall,,149.40118408203125,154.0607175054844,False,False,-0.01791053489070249,-0.025809369612244448,0.007898834721541959
2026-06-04,CPAY,2026-06-05,completed,stall,,347.45001220703125,355.7900085449219,False,False,-0.02724111279542496,-0.025809369612244448,-0.0014317431831805116
2026-06-04,WSM,2026-06-05,completed,stall,,204.29786682128906,207.07859082373437,False,False,-0.014945478238529097,-0.025809369612244448,0.01086389137371535
2026-06-04,LUV,2026-06-05,completed,neutral,,41.16657638549805,41.48369943773643,False,False,0.005567648357874155,-0.025809369612244448,0.031377017970118604
2026-06-04,LULU,2026-06-05,completed,stall,,114.2300033569336,116.76000213623047,False,False,-0.08557472757527795,-0.025809369612244448,-0.059765357963033505
2026-06-04,TDG,2026-06-05,completed,neutral,,1238.739990234375,1242.219970703125,False,False,0.008672022987296968,-0.025809369612244448,0.034481392599541416
2026-06-04,VRSK,2026-06-05,completed,neutral,,180.75111389160156,183.85431844819342,False,True,0.009611147693783018,-0.025809369612244448,0.035420517306027466
2026-06-04,MOS,2026-06-05,completed,stall,,22.053321838378906,22.658202230471385,False,False,-0.02882099561728957,-0.025809369612244448,-0.0030116260050451205
2026-06-04,CRH,2026-06-05,completed,stall,,104.64061737060547,106.63263373843844,False,False,-0.014169114810016592,-0.025809369612244448,0.011640254802227856
2026-06-04,J,2026-06-05,completed,stall,,122.25178527832031,124.41650289233954,False,False,-0.00825442401551657,-0.025809369612244448,0.017554945596727878
2026-06-04,DXCM,2026-06-05,completed,neutral,,72.86000061035156,75.44000244140625,False,True,0.003719579640204529,-0.025809369612244448,0.029528949252448977
2026-06-04,MSI,2026-06-05,completed,stall,,408.05865478515625,410.60441968581404,False,False,-0.0009252334695866171,-0.025809369612244448,0.02488413614265783
2026-06-04,ABNB,2026-06-05,completed,stall,,133.5399932861328,135.92999267578125,False,False,-0.0013461556455807155,-0.025809369612244448,0.024463213966663733
2026-06-04,HSIC,2026-06-05,completed,neutral,,77.44999694824219,77.76000213623047,False,True,0.015072003282939228,-0.025809369612244448,0.040881372895183676
2026-06-04,BKNG,2026-06-05,completed,stall,,165.44044494628906,171.50579848232334,False,True,-0.00736226806488971,-0.025809369612244448,0.01844710154735474
2026-06-04,LRCX,2026-06-05,completed,stall,,302.744873046875,322.8493514247602,False,False,-0.09848107507492931,-0.025809369612244448,-0.07267170546268487
2026-06-11,MDT,2026-06-12,completed,stall,,79.48285675048828,80.01802903287243,False,False,-0.0016184205545544117,0.005408207317551872,-0.007026627872106284
2026-06-11,MAA,2026-06-12,completed,neutral,,137.33990478515625,138.55583799362643,False,False,0.006009989787566505,0.005408207317551872,0.0006017824700146335
2026-06-11,WMT,2026-06-12,completed,neutral,,120.75092315673828,121.31956153106478,False,False,0.004481337965932086,0.005408207317551872,-0.0009268693516197857
2026-06-11,BF-B,2026-06-12,completed,continuation,,26.782121658325195,26.851530778167525,True,True,0.01236879046055539,0.005408207317551872,0.006960583143003518
2026-06-11,UNH,2026-06-12,completed,neutral,,403.714111328125,405.0680198185554,False,False,0.007323459933340493,0.005408207317551872,0.0019152526157886207
2026-06-11,CFG,2026-06-12,completed,continuation,,67.21360778808594,67.44211986901814,True,True,0.01714025643074235,0.005408207317551872,0.01173204911319048
2026-06-11,BAC,2026-06-12,completed,continuation,,55.735633850097656,55.904769080767046,True,True,0.015591046638151917,0.005408207317551872,0.010182839320600046
2026-06-11,BRK-B,2026-06-12,completed,neutral,,489.25,489.989990234375,False,False,0.0071224014372830435,0.005408207317551872,0.0017141941197311716
2026-06-11,MTB,2026-06-12,completed,continuation,,230.39320373535156,230.54223587966797,True,True,0.017821011305939827,0.005408207317551872,0.012412803988387955
2026-06-11,ABBV,2026-06-12,completed,continuation,,226.12049865722656,226.7857615690241,True,True,0.013168979582013796,0.005408207317551872,0.007760772264461924
2026-06-11,EXPD,2026-06-12,completed,neutral,,166.6199951171875,168.52000427246094,False,True,0.001081426779266037,0.005408207317551872,-0.004326780538285835
2026-06-11,PPL,2026-06-12,completed,neutral,,35.55427551269531,35.68320421532972,False,True,0.010998327683194198,0.005408207317551872,0.005590120365642326
2026-06-11,ORLY,2026-06-12,completed,neutral,,91.0199966430664,91.2699966430664,False,False,0.010210856654004896,0.005408207317551872,0.004802649336453024
2026-06-11,LLY,2026-06-12,completed,stall,,1131.3787841796875,1168.3158452372213,False,False,-0.024075031697208815,0.005408207317551872,-0.029483239014760687
2026-06-11,CI,2026-06-12,completed,continuation,,296.3545227050781,297.61749917483456,True,True,0.010717664605530697,0.005408207317551872,0.005309457287978825
2026-06-11,AZO,2026-06-12,completed,neutral,,3116.300048828125,3135.0,False,False,0.011253798431286377,0.005408207317551872,0.005845591113734505
2026-06-11,PCG,2026-06-12,completed,continuation,,16.900840759277344,16.980608659599014,True,True,0.009529391042723434,0.005408207317551872,0.004121183725171562
2026-06-11,TECH,2026-06-12,completed,stall,,53.94026565551758,54.5595787498139,False,False,-0.00037022756729876427,0.005408207317551872,-0.005778434884850636
2026-06-11,XEL,2026-06-12,completed,neutral,,77.99828338623047,78.06720355726958,False,False,0.012137563074261948,0.005408207317551872,0.006729355756710076
2026-06-11,ES,2026-06-12,completed,neutral,,67.89071655273438,68.01920114104054,False,False,0.003799596362684232,0.005408207317551872,-0.0016086109548676397
2026-06-11,BEN,2026-06-12,completed,continuation,,31.810733795166016,32.12755373815348,True,True,0.010059787256205821,0.005408207317551872,0.004651579938653949
2026-06-11,HST,2026-06-12,completed,continuation,,23.971105575561523,23.971105575561523,True,True,0.02259648881847598,0.005408207317551872,0.017188281500924107
2026-06-11,COST,2026-06-12,completed,neutral,,980.7905883789062,983.2167846105712,False,False,0.006825924453061072,0.005408207317551872,0.0014177171355092
2026-06-11,RMD,2026-06-12,completed,neutral,,194.22264099121094,196.53600967615117,False,False,0.012422695697047903,0.005408207317551872,0.007014488379496031
2026-06-11,CLX,2026-06-12,completed,stall,,95.70198822021484,98.09404189701037,False,False,-0.015055987162911344,0.005408207317551872,-0.020464194480463216
2026-06-11,CCI,2026-06-12,completed,neutral,,89.79141235351562,91.24311599148534,False,False,0.001303831989868831,0.005408207317551872,-0.004104375327683041
2026-06-11,NVR,2026-06-12,completed,stall,,6374.93017578125,6525.0,False,True,-0.01616896096628695,0.005408207317551872,-0.02157716828383882
2026-06-11,BSX,2026-06-12,completed,stall,,46.90999984741211,47.79999923706055,False,False,-0.005511942582698159,0.005408207317551872,-0.010920149900250031
2026-06-11,BMY,2026-06-12,completed,neutral,,56.4922981262207,56.95704927416794,False,True,0.004042171743212641,0.005408207317551872,-0.0013660355743392305
2026-06-11,FANG,2026-06-12,completed,neutral,,191.0777130126953,194.35962684408713,False,False,0.002818630041853787,0.005408207317551872,-0.002589577275698085
2026-06-11,JPM,2026-06-12,completed,continuation,,319.28167724609375,319.85906276888113,True,True,0.023063020107523924,0.005408207317551872,0.017654812789972052
2026-06-11,AMT,2026-06-12,completed,stall,,187.17999267578125,190.13999938964844,False,False,-0.001813201732790426,0.005408207317551872,-0.007221409050342298
2026-06-11,ECL,2026-06-12,completed,continuation,,263.9873046875,266.5634176559497,True,True,0.006751959103948657,0.005408207317551872,0.0013437517863967852
2026-06-11,ESS,2026-06-12,completed,neutral,,281.2666015625,281.58380816182375,False,False,0.011262024623259759,0.005408207317551872,0.005853817305707887
2026-06-11,L,2026-06-12,completed,neutral,,108.05943298339844,108.34927143789794,False,False,0.006985196281036554,0.005408207317551872,0.0015769889634846823
2026-06-11,EIX,2026-06-12,completed,neutral,,72.09416961669922,72.44994680861899,False,True,0.008432410996582762,0.005408207317551872,0.00302420367903089
2026-06-11,PEP,2026-06-12,completed,neutral,,142.74508666992188,142.8341317567156,False,False,0.003757111376206268,0.005408207317551872,-0.0016510959413456039
2026-06-11,AEP,2026-06-12,completed,neutral,,128.2535400390625,128.53142316092806,False,False,0.0058374112242001175,0.005408207317551872,0.0004292039066482456
2026-06-11,ABT,2026-06-12,completed,stall,,87.55552673339844,89.65058473076476,False,False,-0.01639707050137784,0.005408207317551872,-0.021805277818929714
2026-06-11,MRNA,2026-06-12,completed,neutral,,49.90999984741211,51.75,False,True,0.005439171254703501,0.005408207317551872,3.096393715162904e-05
2026-06-11,ATO,2026-06-12,completed,neutral,,168.9413604736328,168.9711794568451,False,False,0.010283562168704075,0.005408207317551872,0.004875354851152203
2026-06-11,VMRK,2026-06-12,completed,neutral,,66.64768981933594,66.65758912597792,False,False,0.010352484583577626,0.005408207317551872,0.004944277266025754
2026-06-11,BLK,2026-06-12,completed,continuation,,1026.73095703125,1036.132659948496,True,True,0.015168421681519328,0.005408207317551872,0.009760214363967457
2026-06-11,TPR,2026-06-12,completed,continuation,,146.86326599121094,149.98145039880725,True,True,0.013962375383152814,0.005408207317551872,0.008554168065600942
2026-06-11,EXE,2026-06-12,completed,neutral,,88.24979400634766,88.88597124308168,False,False,0.019522307576030684,0.005408207317551872,0.014114100258478812
2026-06-11,EL,2026-06-12,completed,continuation,,89.37641143798828,89.6255651264747,True,True,0.018859353645560795,0.005408207317551872,0.013451146328008923
2026-06-11,GIS,2026-06-12,completed,continuation,,33.92279815673828,33.93263010298531,True,True,0.02040205593734923,0.005408207317551872,0.014993848619797356
2026-06-11,VRTX,2026-06-12,completed,stall,,444.92999267578125,447.70001220703125,False,False,-0.0002472044468548873,0.005408207317551872,-0.005655411764406759
2026-06-11,UHS,2026-06-12,completed,neutral,,146.24807739257812,147.62646192630027,False,True,0.002533394893504237,0.005408207317551872,-0.0028748124240476347
2026-06-11,NSC,2026-06-12,completed,neutral,,312.67254638671875,314.7144529708083,False,True,0.010884593355819039,0.005408207317551872,0.005476386038267167
2026-06-11,BBY,2026-06-12,completed,continuation,,76.6939468383789,77.0943645074754,True,True,0.01854736944921953,0.005408207317551872,0.013139162131667659
2026-06-11,NEE,2026-06-12,completed,continuation,,85.34819030761719,85.3779651836264,True,True,0.013554948514788778,0.005408207317551872,0.008146741197236906
2026-06-11,SCHW,2026-06-12,completed,continuation,,90.83512115478516,91.94189438872557,True,True,0.027057482982428827,0.005408207317551872,0.021649275664876955
2026-06-11,FOX,2026-06-12,completed,stall,,58.63053894042969,61.655605091071735,False,True,-0.039765379947462653,0.005408207317551872,-0.045173587265014525
2026-06-11,IRM,2026-06-12,completed,continuation,,125.40161895751953,126.10135988919224,True,True,0.0165375099216154,0.005408207317551872,0.011129302604063529
2026-06-11,AMP,2026-06-12,completed,continuation,,457.7000732421875,462.465185014702,True,True,0.01942803635839896,0.005408207317551872,0.014019829040847087
2026-06-11,HII,2026-06-12,completed,stall,,296.2981872558594,302.0712823705773,False,True,-0.010865595334356937,0.005408207317551872,-0.01627380265190881
2026-06-11,CTVA,2026-06-12,completed,continuation,,75.97805786132812,76.1676561881298,True,True,0.017098654094807708,0.005408207317551872,0.011690446777255836
2026-06-11,IFF,2026-06-12,completed,continuation,,77.49153900146484,78.14497839991905,True,True,0.009805089265155775,0.005408207317551872,0.004396881947603903
2026-06-18,CASY,2026-06-19,holiday,,,,,,,,,
2026-06-18,LRCX,2026-06-19,holiday,,,,,,,,,
2026-06-18,SW,2026-06-19,holiday,,,,,,,,,
2026-06-18,IP,2026-06-19,holiday,,,,,,,,,
2026-06-18,UAL,2026-06-19,holiday,,,,,,,,,
2026-06-18,CCL,2026-06-19,holiday,,,,,,,,,
2026-06-18,BALL,2026-06-19,holiday,,,,,,,,,
2026-06-18,TER,2026-06-19,holiday,,,,,,,,,
2026-06-18,PKG,2026-06-19,holiday,,,,,,,,,
2026-06-18,FCX,2026-06-19,holiday,,,,,,,,,
2026-06-18,RL,2026-06-19,holiday,,,,,,,,,
2026-06-18,HON,2026-06-19,holiday,,,,,,,,,
2026-06-18,HBAN,2026-06-19,holiday,,,,,,,,,
2026-06-18,CMS,2026-06-19,holiday,,,,,,,,,
2026-06-18,DAL,2026-06-19,holiday,,,,,,,,,
2026-06-18,FIX,2026-06-19,holiday,,,,,,,,,
2026-06-18,LUV,2026-06-19,holiday,,,,,,,,,
2026-06-18,CARR,2026-06-19,holiday,,,,,,,,,
2026-06-18,TROW,2026-06-19,holiday,,,,,,,,,
2026-06-18,LYV,2026-06-19,holiday,,,,,,,,,
2026-06-18,SNDK,2026-06-19,holiday,,,,,,,,,
2026-06-18,APH,2026-06-19,holiday,,,,,,,,,
2026-06-18,BKNG,2026-06-19,holiday,,,,,,,,,
2026-06-18,SHW,2026-06-19,holiday,,,,,,,,,
2026-06-18,CINF,2026-06-19,holiday,,,,,,,,,
2026-06-18,MMM,2026-06-19,holiday,,,,,,,,,
2026-06-18,AMD,2026-06-19,holiday,,,,,,,,,
2026-06-18,TRV,2026-06-19,holiday,,,,,,,,,
2026-06-18,NXPI,2026-06-19,holiday,,,,,,,,,
2026-06-18,VMC,2026-06-19,holiday,,,,,,,,,
2026-06-18,KEY,2026-06-19,holiday,,,,,,,,,
2026-06-18,PFG,2026-06-19,holiday,,,,,,,,,
2026-06-18,CRH,2026-06-19,holiday,,,,,,,,,
2026-06-18,LIN,2026-06-19,holiday,,,,,,,,,
2026-06-18,CVS,2026-06-19,holiday,,,,,,,,,
2026-06-18,NDSN,2026-06-19,holiday,,,,,,,,,
2026-06-18,SBUX,2026-06-19,holiday,,,,,,,,,
2026-06-18,CFG,2026-06-19,holiday,,,,,,,,,
2026-06-18,DLR,2026-06-19,holiday,,,,,,,,,
2026-06-18,DASH,2026-06-19,holiday,,,,,,,,,
2026-06-18,ECL,2026-06-19,holiday,,,,,,,,,
2026-06-18,TEL,2026-06-19,holiday,,,,,,,,,
2026-06-18,MU,2026-06-19,holiday,,,,,,,,,
2026-06-18,TGT,2026-06-19,holiday,,,,,,,,,
2026-06-18,DVA,2026-06-19,holiday,,,,,,,,,
2026-06-18,IFF,2026-06-19,holiday,,,,,,,,,
2026-06-18,PWR,2026-06-19,holiday,,,,,,,,,
2026-06-18,WY,2026-06-19,holiday,,,,,,,,,
2026-06-18,HSIC,2026-06-19,holiday,,,,,,,,,
2026-06-18,D,2026-06-19,holiday,,,,,,,,,
2026-06-18,TECH,2026-06-19,holiday,,,,,,,,,
2026-06-18,FTNT,2026-06-19,holiday,,,,,,,,,
2026-06-18,CEG,2026-06-19,holiday,,,,,,,,,
2026-06-18,TT,2026-06-19,holiday,,,,,,,,,
2026-06-18,XYZ,2026-06-19,holiday,,,,,,,,,
2026-06-18,TJX,2026-06-19,holiday,,,,,,,,,
2026-06-18,GS,2026-06-19,holiday,,,,,,,,,
2026-06-18,WAB,2026-06-19,holiday,,,,,,,,,
2026-06-18,COHR,2026-06-19,holiday,,,,,,,,,
2026-06-18,APD,2026-06-19,holiday,,,,,,,,,
2026-06-18,TSCO,2026-06-19,holiday,,,,,,,,,
2026-06-18,OTIS,2026-06-19,holiday,,,,,,,,,
2026-06-25,TER,2026-06-26,completed,stall,,436.6922302246094,456.0647931459503,False,False,-0.07437076333666182,-0.007231332133985857,-0.06713943120267596
2026-06-25,Q,2026-06-26,completed,stall,,158.09475708007812,162.4118905926026,False,False,-0.05546604836050506,-0.007231332133985857,-0.0482347162265192
2026-06-25,MRVL,2026-06-26,completed,stall,,266.7041931152344,274.13238377468235,False,False,-0.05151825119342135,-0.007231332133985857,-0.04428691905943549
2026-06-25,DLR,2026-06-26,completed,neutral,,191.68560791015625,192.29145422010862,False,False,0.002909980298355652,-0.007231332133985857,0.01014131243234151
2026-06-25,SMCI,2026-06-26,completed,stall,,30.6299991607666,31.709999084472656,False,False,-0.03314397519868817,-0.007231332133985857,-0.025912643064702312
2026-06-25,EME,2026-06-26,completed,stall,,797.6879272460938,841.2954065410986,False,False,-0.07483829709275969,-0.007231332133985857,-0.06760696495877383
2026-06-25,PTC,2026-06-26,completed,neutral,,115.72000122070312,116.55999755859375,False,False,0.028165242851992955,-0.007231332133985857,0.03539657498597881
2026-06-25,CMI,2026-06-26,completed,stall,,683.3264770507812,709.0307867480005,False,False,-0.057340096869246016,-0.007231332133985857,-0.05010876473526016
2026-06-25,TXN,2026-06-26,completed,stall,,283.97601318359375,303.4463309515587,False,False,-0.08460285107939791,-0.007231332133985857,-0.07737151894541205
2026-06-25,C,2026-06-26,completed,stall,,141.0428924560547,144.3660083892297,False,False,-0.022210019605756526,-0.007231332133985857,-0.014978687471770669
2026-06-25,HWM,2026-06-26,completed,stall,,268.7400817871094,270.5492047861965,False,False,-0.015633036129179212,-0.007231332133985857,-0.008401703995193355
2026-06-25,BF-B,2026-06-26,completed,neutral,,27.724105834960938,27.76376927029314,False,False,0.010115529308669213,-0.007231332133985857,0.01734686144265507
2026-06-25,NEM,2026-06-26,completed,neutral,,95.93030548095703,97.67667018904201,False,False,0.008180405753706044,-0.007231332133985857,0.015411737887691901
2026-06-25,PWR,2026-06-26,completed,stall,,687.764892578125,708.251752061029,False,False,-0.042750420929051125,-0.007231332133985857,-0.03551908879506527
2026-06-25,CDNS,2026-06-26,completed,neutral,,377.2699890136719,381.8999938964844,False,False,0.024549813316762537,-0.007231332133985857,0.031781145450748394
2026-06-25,MS,2026-06-26,completed,stall,,210.8692169189453,218.54695413252455,False,False,-0.04076180568150911,-0.007231332133985857,-0.033530473547523254
2026-06-25,PYPL,2026-06-26,completed,continuation,,44.18087387084961,44.270652270209474,True,True,0.04506848720512524,-0.007231332133985857,0.0522998193391111
2026-06-25,EMR,2026-06-26,completed,stall,,143.00503540039062,144.35046352186018,False,False,-0.012728687578144715,-0.007231332133985857,-0.005497355444158858
2026-06-25,AIG,2026-06-26,completed,neutral,,75.07270050048828,76.10585754120434,False,False,0.009619257928595193,-0.007231332133985857,0.01685059006258105
2026-06-25,NXPI,2026-06-26,completed,stall,,275.77899169921875,290.03484809087996,False,False,-0.07239500562410295,-0.007231332133985857,-0.06516367349011709
2026-06-25,TPR,2026-06-26,completed,stall,,145.44863891601562,148.21813918065203,False,False,0.0,-0.007231332133985857,0.007231332133985857
2026-06-25,JCI,2026-06-26,completed,stall,,138.01361083984375,143.19910572968044,False,False,-0.04873197006293717,-0.007231332133985857,-0.04150063792895131
2026-06-25,HST,2026-06-26,completed,neutral,,24.134830474853516,24.182985669170428,False,False,0.0032025955016832253,-0.007231332133985857,0.010433927635669082
2026-06-25,GNRC,2026-06-26,completed,stall,,278.6199951171875,287.19000244140625,False,False,-0.05603743169706832,-0.007231332133985857,-0.04880609956308246
2026-06-25,NTRS,2026-06-26,completed,stall,,173.05374145507812,175.17374677307362,False,False,-0.01193389573131054,-0.007231332133985857,-0.004702563597324683
2026-06-25,VST,2026-06-26,completed,stall,,163.2227020263672,167.6554299030539,False,False,-0.025511073246073268,-0.007231332133985857,-0.01827974111208741
2026-06-25,CVNA,2026-06-26,completed,stall,,62.349998474121094,65.88999938964844,False,False,-0.058157079329341665,-0.007231332133985857,-0.05092574719535581
2026-06-25,ON,2026-06-26,completed,stall,,90.6500015258789,98.4800033569336,False,False,-0.23656726329166933,-0.007231332133985857,-0.22933593115768347
2026-06-25,SNPS,2026-06-26,completed,stall,,454.3399963378906,458.0299987792969,False,False,-0.0014944237444496355,-0.007231332133985857,0.005736908389536222
2026-06-25,COHR,2026-06-26,completed,stall,,380.55999755859375,393.3900146484375,False,False,-0.06553714534415289,-0.007231332133985857,-0.058305813210167035
2026-06-25,CEG,2026-06-26,completed,stall,,263.61474609375,269.03643477250563,False,False,-0.017380660954712357,-0.007231332133985857,-0.0101493288207265
2026-06-25,FIX,2026-06-26,completed,stall,,1853.270263671875,1956.1170288447058,False,False,-0.08095873827694966,-0.007231332133985857,-0.0737274061429638
2026-06-25,MCHP,2026-06-26,completed,stall,,87.40412902832031,90.69433092404036,False,False,-0.0657671488490561,-0.007231332133985857,-0.058535816715070244
2026-06-25,INTC,2026-06-26,completed,stall,,128.32000732421875,131.22999572753906,False,False,-0.034243907279109864,-0.007231332133985857,-0.027012575145124007
2026-06-25,VRT,2026-06-26,completed,stall,,303.8755187988281,315.92255332769605,False,False,-0.06640656094234365,-0.007231332133985857,-0.059175228808357794
2026-06-25,AVGO,2026-06-26,completed,stall,,364.35650634765625,373.010760628504,False,False,-0.03665784353238433,-0.007231332133985857,-0.02942651139839847
2026-06-25,ADI,2026-06-26,completed,stall,,385.7347717285156,404.84652617244143,False,False,-0.07422289625559908,-0.007231332133985857,-0.06699156412161322
2026-06-25,GS,2026-06-26,completed,stall,,1014.6406860351562,1051.8484720109618,False,False,-0.04270052421530102,-0.007231332133985857,-0.03546919208131516
2026-06-25,SWKS,2026-06-26,completed,stall,,68.0,69.12000274658203,False,False,-0.027738095134204888,-0.007231332133985857,-0.02050676300021903
2026-06-25,ETN,2026-06-26,completed,stall,,401.6916809082031,412.1260304784735,False,False,-0.04094121387891403,-0.007231332133985857,-0.03370988174492817
2026-06-25,FTV,2026-06-26,completed,stall,,61.405242919921875,61.654938932353275,False,False,-0.004049937159987804,-0.007231332133985857,0.003181394973998053
2026-06-25,AMD,2026-06-26,completed,stall,,521.5800170898438,525.1099853515625,False,False,-0.020635766346647655,-0.007231332133985857,-0.013404434212661798
2026-06-25,HPE,2026-06-26,completed,stall,,43.5997200012207,45.25553171627854,False,False,-0.06442647216638453,-0.007231332133985857,-0.05719514003239867
2026-06-25,RL,2026-06-26,completed,neutral,,411.1600036621094,418.6300048828125,False,True,0.00501092220661703,-0.007231332133985857,0.012242254340602887
2026-06-25,FCX,2026-06-26,completed,stall,,62.298789978027344,62.84745749666802,False,False,-0.005573233572728431,-0.007231332133985857,0.0016580985612574262
2026-06-25,P,2026-06-26,completed,stall,,69.16000366210938,70.69999694824219,False,False,-0.035290817312563116,-0.007231332133985857,-0.02805948517857726
2026-06-25,QCOM,2026-06-26,completed,stall,,188.3648223876953,207.72943157321288,False,False,-0.07569544787003057,-0.007231332133985857,-0.06846411573604472
2026-06-25,BAC,2026-06-26,completed,stall,,57.5861930847168,58.33238596682664,False,False,-0.00532730181726937,-0.007231332133985857,0.0019040303167164874
2026-06-25,BNY,2026-06-26,completed,stall,,142.99085998535156,145.6701980252006,False,False,-0.012858371567183169,-0.007231332133985857,-0.005627039433197312
2026-06-25,ETR,2026-06-26,completed,continuation,,115.22217559814453,115.69932295607309,True,True,0.00459358875842919,-0.007231332133985857,0.011824920892415047
2026-06-25,TEL,2026-06-26,completed,stall,,196.9709014892578,197.638293719799,False,False,-0.011645926471522738,-0.007231332133985857,-0.004414594337536881
2026-07-02,TECH,2026-07-03,holiday,,,,,,,,,
2026-07-02,KDP,2026-07-03,holiday,,,,,,,,,
2026-07-02,RVTY,2026-07-03,holiday,,,,,,,,,
2026-07-02,DLTR,2026-07-03,holiday,,,,,,,,,
2026-07-02,SHW,2026-07-03,holiday,,,,,,,,,
2026-07-02,CRL,2026-07-03,holiday,,,,,,,,,
2026-07-02,AZO,2026-07-03,holiday,,,,,,,,,
2026-07-02,VLO,2026-07-03,holiday,,,,,,,,,
2026-07-02,ALLE,2026-07-03,holiday,,,,,,,,,
2026-07-02,BIIB,2026-07-03,holiday,,,,,,,,,
2026-07-02,SWK,2026-07-03,holiday,,,,,,,,,
2026-07-02,DHR,2026-07-03,holiday,,,,,,,,,
2026-07-02,BKNG,2026-07-03,holiday,,,,,,,,,
2026-07-02,SPG,2026-07-03,holiday,,,,,,,,,
2026-07-02,LLY,2026-07-03,holiday,,,,,,,,,
2026-07-02,LII,2026-07-03,holiday,,,,,,,,,
2026-07-02,UBER,2026-07-03,holiday,,,,,,,,,
2026-07-02,BALL,2026-07-03,holiday,,,,,,,,,
2026-07-02,BMY,2026-07-03,holiday,,,,,,,,,
2026-07-02,AMZN,2026-07-03,holiday,,,,,,,,,
2026-07-02,AEE,2026-07-03,holiday,,,,,,,,,
2026-07-02,HD,2026-07-03,holiday,,,,,,,,,
2026-07-02,CNP,2026-07-03,holiday,,,,,,,,,
2026-07-02,AEP,2026-07-03,holiday,,,,,,,,,
2026-07-02,INVH,2026-07-03,holiday,,,,,,,,,
2026-07-02,MRK,2026-07-03,holiday,,,,,,,,,
2026-07-02,DASH,2026-07-03,holiday,,,,,,,,,
2026-07-02,GL,2026-07-03,holiday,,,,,,,,,
2026-07-02,GDDY,2026-07-03,holiday,,,,,,,,,
2026-07-02,DGX,2026-07-03,holiday,,,,,,,,,
2026-07-02,GE,2026-07-03,holiday,,,,,,,,,
2026-07-02,LUV,2026-07-03,holiday,,,,,,,,,
2026-07-02,DAL,2026-07-03,holiday,,,,,,,,,
2026-07-02,UAL,2026-07-03,holiday,,,,,,,,,
2026-07-02,MAS,2026-07-03,holiday,,,,,,,,,
2026-07-02,WELL,2026-07-03,holiday,,,,,,,,,
2026-07-02,TTWO,2026-07-03,holiday,,,,,,,,,
2026-07-02,GOOGL,2026-07-03,holiday,,,,,,,,,
2026-07-02,TSCO,2026-07-03,holiday,,,,,,,,,
2026-07-02,GEHC,2026-07-03,holiday,,,,,,,,,
2026-07-02,NI,2026-07-03,holiday,,,,,,,,,
2026-07-02,PCG,2026-07-03,holiday,,,,,,,,,
2026-07-02,IT,2026-07-03,holiday,,,,,,,,,
2026-07-02,GOOG,2026-07-03,holiday,,,,,,,,,
2026-07-02,ARE,2026-07-03,holiday,,,,,,,,,
2026-07-02,WRB,2026-07-03,holiday,,,,,,,,,
2026-07-02,CTVA,2026-07-03,holiday,,,,,,,,,
2026-07-02,WAT,2026-07-03,holiday,,,,,,,,,
2026-07-02,MO,2026-07-03,holiday,,,,,,,,,
2026-07-02,REG,2026-07-03,holiday,,,,,,,,,
2026-07-02,DOC,2026-07-03,holiday,,,,,,,,,
2026-07-02,EQT,2026-07-03,holiday,,,,,,,,,
2026-07-02,IBM,2026-07-03,holiday,,,,,,,,,
2026-07-02,INCY,2026-07-03,holiday,,,,,,,,,
2026-07-02,SW,2026-07-03,holiday,,,,,,,,,
2026-07-02,EVRG,2026-07-03,holiday,,,,,,,,,
2026-07-02,SJM,2026-07-03,holiday,,,,,,,,,
2026-07-02,ES,2026-07-03,holiday,,,,,,,,,
2026-07-02,SO,2026-07-03,holiday,,,,,,,,,
2026-07-02,NVR,2026-07-03,holiday,,,,,,,,,
2026-07-02,CAH,2026-07-03,holiday,,,,,,,,,
2026-07-02,CMS,2026-07-03,holiday,,,,,,,,,
2026-07-02,MTB,2026-07-03,holiday,,,,,,,,,
2026-07-02,PPG,2026-07-03,holiday,,,,,,,,,
2026-07-02,VRSN,2026-07-03,holiday,,,,,,,,,
2026-07-02,AVY,2026-07-03,holiday,,,,,,,,,
2026-07-02,XYL,2026-07-03,holiday,,,,,,,,,
2026-07-02,UDR,2026-07-03,holiday,,,,,,,,,
2026-07-02,WEC,2026-07-03,holiday,,,,,,,,,
2026-07-02,AOS,2026-07-03,holiday,,,,,,,,,
2026-07-02,HSY,2026-07-03,holiday,,,,,,,,,
2026-07-02,SRE,2026-07-03,holiday,,,,,,,,,
2026-07-02,FTNT,2026-07-03,holiday,,,,,,,,,
2026-07-02,IR,2026-07-03,holiday,,,,,,,,,
2026-07-02,RF,2026-07-03,holiday,,,,,,,,,
2026-07-02,EIX,2026-07-03,holiday,,,,,,,,,
2026-07-02,NEE,2026-07-03,holiday,,,,,,,,,
2026-07-02,CHD,2026-07-03,holiday,,,,,,,,,
2026-07-02,FAST,2026-07-03,holiday,,,,,,,,,
2026-07-02,MAA,2026-07-03,holiday,,,,,,,,,
2026-07-02,PEG,2026-07-03,holiday,,,,,,,,,
2026-07-02,ED,2026-07-03,holiday,,,,,,,,,
2026-07-02,TDG,2026-07-03,holiday,,,,,,,,,
2026-07-02,PNR,2026-07-03,holiday,,,,,,,,,
2026-07-02,RSG,2026-07-03,holiday,,,,,,,,,
2026-07-02,OKE,2026-07-03,holiday,,,,,,,,,
2026-07-02,SYF,2026-07-03,holiday,,,,,,,,,
2026-07-02,A,2026-07-03,holiday,,,,,,,,,
2026-07-02,SBUX,2026-07-03,holiday,,,,,,,,,
2026-07-02,O,2026-07-03,holiday,,,,,,,,,
2026-07-02,ADM,2026-07-03,holiday,,,,,,,,,
2026-07-02,ECL,2026-07-03,holiday,,,,,,,,,
2026-07-02,EXR,2026-07-03,holiday,,,,,,,,,
2026-07-02,CVS,2026-07-03,holiday,,,,,,,,,
2026-07-02,MOS,2026-07-03,holiday,,,,,,,,,
2026-07-02,IEX,2026-07-03,holiday,,,,,,,,,
2026-07-02,PCAR,2026-07-03,holiday,,,,,,,,,
2026-07-02,NTRS,2026-07-03,holiday,,,,,,,,,
2026-07-09,MRNA,2026-07-10,completed,stall,,68.2699966430664,76.72200012207031,False,False,-0.10828110214061526,0.004310118179872147,-0.1125912203204874
2026-07-09,NKE,2026-07-10,completed,continuation,,43.90426254272461,44.16153552729817,True,True,0.03716691426045604,0.004310118179872147,0.032856796080583894
2026-07-09,LDOS,2026-07-10,completed,neutral,,106.67354583740234,108.64713942251997,False,False,0.0037515640191283506,0.004310118179872147,-0.000558554160743796
2026-07-09,AAPL,2026-07-10,completed,stall,,315.0483093261719,316.6369356310425,False,True,-0.002846043762522954,0.004310118179872147,-0.007156161942395101
2026-07-09,V,2026-07-10,completed,neutral,,348.3229064941406,350.5188392207221,False,False,0.002211322296800322,0.004310118179872147,-0.0020987958830718245
2026-07-09,TSLA,2026-07-10,completed,neutral,,407.760009765625,413.1600036621094,False,False,0.002976317818197627,0.004310118179872147,-0.0013338003616745198
2026-07-09,AJG,2026-07-10,completed,stall,,252.4155731201172,254.81915470925583,False,False,-0.0026402832878303917,0.004310118179872147,-0.006950401467702538
2026-07-09,APP,2026-07-10,completed,stall,,506.9800109863281,534.030029296875,False,False,-0.025843978784351518,0.004310118179872147,-0.030154096964223664
2026-07-09,IBKR,2026-07-10,completed,stall,,94.00489044189453,97.31190167762179,False,True,-0.012489536952230762,0.004310118179872147,-0.01679965513210291
2026-07-09,RDDT,2026-07-10,completed,stall,,195.33999633789062,208.0500030517578,False,True,-0.02481154850620637,0.004310118179872147,-0.029121666686078518
2026-07-09,NWS,2026-07-10,completed,stall,,30.837228775024414,31.505219251199833,False,True,-0.006424604128371425,0.004310118179872147,-0.010734722308243572
2026-07-09,ICE,2026-07-10,completed,neutral,,134.8117218017578,136.03765633995263,False,False,0.0011102269030482947,0.004310118179872147,-0.003199891276823852
2026-07-09,APO,2026-07-10,completed,neutral,,119.83382415771484,121.54659073661739,False,False,0.0041722077135464275,0.004310118179872147,-0.00013791046632571913
2026-07-09,MSCI,2026-07-10,completed,neutral,,602.5549926757812,613.6353590215115,False,False,0.002254098402263205,0.004310118179872147,-0.0020560197776089417
2026-07-09,VTR,2026-07-10,completed,stall,,90.66000366210938,92.18000030517578,False,False,-0.011772337331682814,0.004310118179872147,-0.01608245551155496
2026-07-09,ARES,2026-07-10,completed,neutral,,120.53622436523438,123.78192403441666,False,True,0.0012328677705906177,0.004310118179872147,-0.003077250409281529
2026-07-09,NDAQ,2026-07-10,completed,continuation,,87.78324127197266,89.07885672884633,True,True,0.006398623745721865,0.004310118179872147,0.0020885055658497187
2026-07-09,JCI,2026-07-10,completed,neutral,,142.4113006591797,144.31597197375757,False,True,0.016224302492731324,0.004310118179872147,0.011914184312859177
2026-07-09,CME,2026-07-10,completed,neutral,,239.14736938476562,241.95418535072645,False,False,0.0023361764946838726,0.004310118179872147,-0.001973941685188274
2026-07-09,NWSA,2026-07-10,completed,stall,,27.278215408325195,27.81640352720409,False,True,-0.004365183679811646,0.004310118179872147,-0.008675301859683793
2026-07-09,PFG,2026-07-10,completed,neutral,,111.38306427001953,111.97853488042662,False,False,0.005014816518997156,0.004310118179872147,0.0007046983391250095
2026-07-09,WTW,2026-07-10,completed,neutral,,289.6499938964844,292.17999267578125,False,False,0.0017984609168550936,0.004310118179872147,-0.002511657263017053
2026-07-09,AMZN,2026-07-10,completed,stall,,245.33999633789062,251.02999877929688,False,True,-0.006881464517662805,0.004310118179872147,-0.011191582697534952
2026-07-09,HWM,2026-07-10,completed,stall,,270.7191162109375,273.92755641836095,False,False,-0.010665851787084457,0.004310118179872147,-0.014975969966956604
2026-07-09,KKR,2026-07-10,completed,continuation,,96.75614166259766,99.03181609342448,True,True,0.006959698176200568,0.004310118179872147,0.0026495799963284217
2026-07-09,CHRW,2026-07-10,completed,neutral,,192.66896057128906,194.60063113403586,False,True,0.0038389421920719258,0.004310118179872147,-0.00047117598780022085
2026-07-09,MSFT,2026-07-10,completed,neutral,,384.37640380859375,391.1736053926777,False,False,0.001925297686118821,0.004310118179872147,-0.0023848204937533257
2026-07-09,KHC,2026-07-10,completed,neutral,,24.458969116210938,24.650900361287807,False,False,0.006888132352393939,0.004310118179872147,0.002578014172521792
2026-07-09,COR,2026-07-10,completed,neutral,,302.85272216796875,304.20011545858154,False,False,0.003240149671036585,0.004310118179872147,-0.0010699685088355615
2026-07-09,CASY,2026-07-10,completed,stall,,819.2156982421875,829.3780605333718,False,False,-0.0026399293720249517,0.004310118179872147,-0.006950047551897098
2026-07-09,VLTO,2026-07-10,completed,neutral,,92.69999694824219,93.44999694824219,False,False,0.006514641520756204,0.004310118179872147,0.002204523340884057
2026-07-09,JPM,2026-07-10,completed,neutral,,336.4700012207031,338.5899963378906,False,False,0.002980892468361418,0.004310118179872147,-0.0013292257115107287
2026-07-16,OXY,2026-07-17,completed,neutral,,54.60941696166992,54.917998546540545,False,False,0.022553559032973736,-0.009897199757215702,0.03245075879018944
2026-07-16,META,2026-07-17,completed,stall,,645.5006103515625,651.68573177941,False,False,-0.027883848839767023,-0.009897199757215702,-0.01798664908255132
2026-07-16,LYB,2026-07-17,completed,neutral,,58.5654182434082,59.55520056647317,False,True,0.023702372977826514,-0.009897199757215702,0.033599572735042216
2026-07-16,PSX,2026-07-17,completed,continuation,,205.7678680419922,206.04638854716615,True,True,0.02751833256362679,-0.009897199757215702,0.03741553232084249
2026-07-16,IRM,2026-07-17,completed,neutral,,122.86532592773438,124.14538071148486,False,True,0.017754355736285143,-0.009897199757215702,0.027651555493500846
2026-07-16,AKAM,2026-07-17,completed,neutral,,120.19000244140625,121.41000366210938,False,False,0.01161522524341363,-0.009897199757215702,0.02151242500062933
2026-07-16,MPC,2026-07-17,completed,continuation,,311.74639892578125,312.29488488407765,True,True,0.022069639527886986,-0.009897199757215702,0.03196683928510269
2026-07-16,COP,2026-07-17,completed,continuation,,113.9499740600586,115.48970737843086,True,True,0.016572160545379022,-0.009897199757215702,0.026469360302594724
2026-07-16,SBAC,2026-07-17,completed,neutral,,184.41766357421875,189.9395642999068,False,True,0.0035127941281114516,-0.009897199757215702,0.013409993885327154
2026-07-16,APA,2026-07-17,completed,continuation,,34.97384262084961,35.19230242743591,True,True,0.027421221965845177,-0.009897199757215702,0.03731842172306088
2026-07-16,CTSH,2026-07-17,completed,neutral,,44.5090217590332,45.2248258615826,False,True,0.004712717871386607,-0.009897199757215702,0.01460991762860231
2026-07-16,T,2026-07-17,completed,stall,,21.809999465942383,22.770000457763672,False,True,-0.007734307544787544,-0.009897199757215702,0.002162892212428158
2026-07-16,VZ,2026-07-17,completed,stall,,43.59000015258789,45.02000045776367,False,True,-0.006608954158345948,-0.009897199757215702,0.0032882455988697545
2026-07-16,JKHY,2026-07-17,completed,stall,,151.12049865722656,155.20565046273254,False,True,-0.014105575902358947,-0.009897199757215702,-0.004208376145143244
2026-07-16,KR,2026-07-17,completed,neutral,,58.419166564941406,59.92880886996673,False,True,0.0035830000067498258,-0.009897199757215702,0.013480199763965528
2026-07-16,COR,2026-07-17,completed,stall,,307.3040771484375,313.29246461008364,False,True,-0.0002921763744575534,-0.009897199757215702,0.009605023382758149
2026-07-16,AES,2026-07-17,completed,stall,,14.594948768615723,14.644355422695071,False,False,-0.0020269974620796827,-0.009897199757215702,0.00787020229513602
2026-07-16,D,2026-07-17,completed,stall,,70.32949829101562,72.25999245305763,False,True,-0.009066846344554347,-0.009897199757215702,0.0008303534126613554
2026-07-16,FERG,2026-07-17,completed,stall,,231.15757751464844,235.49139928588284,False,False,-0.008885144029238679,-0.009897199757215702,0.0010120557279770237
2026-07-16,A,2026-07-17,completed,stall,,131.4600067138672,135.8000030517578,False,False,-0.03409257297254875,-0.009897199757215702,-0.02419537321533305
2026-07-16,TECH,2026-07-17,completed,continuation,,72.04022216796875,72.04022216796875,True,True,0.004876747847180507,-0.009897199757215702,0.01477394760439621
2026-07-16,EVRG,2026-07-17,completed,stall,,84.8812484741211,87.390304576536,False,True,-0.011206185621068898,-0.009897199757215702,-0.001308985863853196
2026-07-16,ESS,2026-07-17,completed,stall,,292.92999267578125,300.0,False,False,-0.015096565628540337,-0.009897199757215702,-0.005199365871324635
2026-07-16,KEYS,2026-07-17,completed,neutral,,315.8999938964844,318.43499755859375,False,False,0.010039595961172987,-0.009897199757215702,0.01993679571838869
2026-07-16,RCL,2026-07-17,completed,stall,,285.26483154296875,291.0106861122208,False,False,-0.023779528332045108,-0.009897199757215702,-0.013882328574829406
2026-07-16,DOV,2026-07-17,completed,stall,,213.61402893066406,218.10213782533154,False,True,-0.015309696767294101,-0.009897199757215702,-0.005412497010078399
2026-07-23,PYPL,2026-07-24,completed,neutral,,56.01165008544922,56.3408349994084,False,False,0.002678591000357722,0.0010159657563921787,0.0016626252439655431
2026-07-23,CTAS,2026-07-24,completed,continuation,,205.37649536132812,206.11456829724497,True,True,0.013087324096320296,0.0010159657563921787,0.012071358339928118
2026-07-23,CHRW,2026-07-24,completed,stall,,185.708984375,194.0330810371007,False,False,-0.09245290616429269,0.0010159657563921787,-0.09346887192068487
2026-07-23,ABT,2026-07-24,completed,continuation,,103.05999755859375,104.18000030517578,True,True,0.022928015469913188,0.0010159657563921787,0.02191204971352101
2026-07-23,BNY,2026-07-24,completed,stall,,158.28001403808594,159.4055238828508,False,False,-0.00749480690091342,0.0010159657563921787,-0.008510772657305599
2026-07-23,JBHT,2026-07-24,completed,stall,,287.8145446777344,292.5365912125692,False,False,-0.0036977174362013976,0.0010159657563921787,-0.004713683192593576
2026-07-23,MTB,2026-07-24,completed,neutral,,247.9995880126953,248.1088833066907,False,False,0.014757877345600079,0.0010159657563921787,0.0137419115892079
2026-07-23,STT,2026-07-24,completed,neutral,,185.39999389648438,186.33999633789062,False,True,0.006459948641474034,0.0010159657563921787,0.005443982885081855
2026-07-23,IVZ,2026-07-24,completed,neutral,,29.73114585876465,30.168223036266017,False,False,0.004362506465054761,0.0010159657563921787,0.003346540708662582
2026-07-23,VLO,2026-07-24,completed,stall,,301.33544921875,307.8203970440163,False,False,-0.009041521631528382,0.0010159657563921787,-0.01005748738792056
2026-07-23,MPC,2026-07-24,completed,stall,,308.39556884765625,315.62577174751704,False,False,-0.009703149250890886,0.0010159657563921787,-0.010719115007283064
2026-07-23,AAPL,2026-07-24,completed,continuation,,332.7330322265625,334.0818750563203,True,True,0.03531672413627751,0.0010159657563921787,0.03430075837988533
2026-07-23,EXPD,2026-07-24,completed,stall,,175.3000030517578,177.61000061035156,False,False,-0.004994832901615842,0.0010159657563921787,-0.006010798658008021
2026-07-23,BLK,2026-07-24,completed,neutral,,1050.2801513671875,1051.0859526299141,False,False,0.017846723946283838,0.0010159657563921787,0.01683075818989166
2026-07-23,PODD,2026-07-24,completed,neutral,,163.25999450683594,164.3300018310547,False,False,0.030811904745388752,0.0010159657563921787,0.029795938988996573
2026-07-23,FRT,2026-07-24,completed,neutral,,126.08000183105469,126.20999908447266,False,False,0.010013618374305144,0.0010159657563921787,0.008997652617912966
2026-07-23,BAC,2026-07-24,completed,continuation,,61.735023498535156,61.963855526241794,True,True,0.012565321659332884,0.0010159657563921787,0.011549355902940706
2026-07-23,GPN,2026-07-24,completed,neutral,,80.69153594970703,80.92088993592206,False,False,0.03930121435226841,0.0010159657563921787,0.03828524859587623
2026-07-23,JPM,2026-07-24,completed,continuation,,353.2099914550781,353.3699951171875,True,True,0.009459838857765135,0.0010159657563921787,0.008443873101372956
2026-07-23,TPR,2026-07-24,completed,neutral,,142.0614776611328,142.40019000399943,False,False,0.02494068974931718,0.0010159657563921787,0.023924723992925
2026-07-23,IRM,2026-07-24,completed,continuation,,127.32070922851562,131.84554855738654,True,True,0.030188621007892324,0.0010159657563921787,0.029172655251500146
2026-07-23,GS,2026-07-24,completed,stall,,1056.057861328125,1072.1291753288644,False,False,-0.012552051962762656,0.0010159657563921787,-0.013568017719154835
2026-07-23,CLX,2026-07-24,completed,neutral,,94.4466552734375,94.92110833009568,False,False,0.018656689091250955,0.0010159657563921787,0.017640723334858777
2026-07-23,AMCR,2026-07-24,completed,continuation,,43.909122467041016,44.007704531622196,True,True,0.044804123842347776,0.0010159657563921787,0.0437881580859556
2026-07-23,USB,2026-07-24,completed,neutral,,63.970001220703125,64.12999725341797,False,False,0.010105785112019428,0.0010159657563921787,0.009089819355627249
2026-07-23,NDAQ,2026-07-24,completed,neutral,,91.77972412109375,92.61689792328593,False,False,0.018469301364760105,0.0010159657563921787,0.017453335608367926
2026-07-23,ZTS,2026-07-24,completed,neutral,,75.3499984741211,76.05999755859375,False,False,0.010459954170430441,0.0010159657563921787,0.009443988414038262
2026-07-23,AFL,2026-07-24,completed,continuation,,124.9706039428711,125.08005332883228,True,True,0.01013349676217512,0.0010159657563921787,0.009117531005782942
2026-07-23,RF,2026-07-24,completed,neutral,,30.550161361694336,30.718454610545997,False,False,0.006523168890784081,0.0010159657563921787,0.0055072031343919026
2026-07-23,MAS,2026-07-24,completed,continuation,,78.92388916015625,79.41175519860815,True,True,0.024954802148491995,0.0010159657563921787,0.023938836392099816
2026-07-23,UPS,2026-07-24,completed,neutral,,112.98851013183594,113.6283106667843,False,False,0.0060473037462442925,0.0010159657563921787,0.005031337989852114
2026-07-23,BMY,2026-07-24,completed,continuation,,62.09000015258789,62.81999969482422,True,True,0.009429391105212348,0.0010159657563921787,0.00841342534882017
2026-07-23,FITB,2026-07-24,completed,neutral,,57.40999984741211,57.779998779296875,False,False,0.004549401830120203,0.0010159657563921787,0.0035334360737280246
2026-07-23,VST,2026-07-24,completed,stall,,163.1128692626953,169.48242724004464,False,True,-0.03313996913577455,0.0010159657563921787,-0.03415593489216673
2026-07-23,ITW,2026-07-24,completed,continuation,,283.0199890136719,283.0299987792969,True,True,0.02206487765251719,0.0010159657563921787,0.02104891189612501
2026-07-23,IEX,2026-07-24,completed,neutral,,223.27000427246094,224.6999969482422,False,True,0.004725060957564198,0.0010159657563921787,0.003709095201172019
2026-07-23,MDLZ,2026-07-24,completed,neutral,,60.52000045776367,60.68000030517578,False,False,0.007826831418393354,0.0010159657563921787,0.006810865662001175
2026-07-23,NDSN,2026-07-24,completed,continuation,,294.8843994140625,296.0010714866335,True,True,0.012564139482508008,0.0010159657563921787,0.011548173726115829
2026-07-23,KKR,2026-07-24,completed,continuation,,99.17154693603516,99.30129762685341,True,True,0.03532351179064608,0.0010159657563921787,0.0343075460342539
2026-07-23,MAA,2026-07-24,completed,continuation,,133.8800048828125,134.27999877929688,True,True,0.008512277836629112,0.0010159657563921787,0.007496312080236933
2026-07-23,APO,2026-07-24,completed,continuation,,122.09428405761719,122.42289785012802,True,True,0.030336154569525764,0.0010159657563921787,0.029320188813133585
2026-07-23,PNC,2026-07-24,completed,neutral,,250.99000549316406,252.35000610351562,False,False,0.006940588239003009,0.0010159657563921787,0.005924622482610831
2026-07-23,IDXX,2026-07-24,completed,neutral,,544.3200073242188,547.6900024414062,False,False,0.009177396317634923,0.0010159657563921787,0.008161430561242744
2026-07-23,MET,2026-07-24,completed,continuation,,94.24610900878906,94.25604197686415,True,True,0.024745991611584417,0.0010159657563921787,0.02373002585519224
2026-07-23,HIG,2026-07-24,completed,stall,,139.91624450683594,140.95171089212369,False,False,-0.01160488733037468,0.0010159657563921787,-0.012620853086766859
2026-07-23,PH,2026-07-24,completed,continuation,,985.5550537109375,998.7085550157017,True,True,0.0020903394271105658,0.0010159657563921787,0.001074373670718387
2026-07-23,WMB,2026-07-24,completed,stall,,73.46649169921875,75.86904271801531,False,True,-0.01661131739504429,0.0010159657563921787,-0.017627283151436468
2026-07-23,RCL,2026-07-24,completed,continuation,,291.80596923828125,298.5657872221118,True,True,0.03574327287750245,0.0010159657563921787,0.034727307121110274
2026-07-30,SMCI,2026-07-31,completed,neutral,,28.399999618530273,29.299999237060547,False,True,0.024161561029723444,0.007199869193782904,0.01696169183594054
2026-07-30,IP,2026-07-31,completed,stall,,40.37026596069336,43.4946849799144,False,False,-0.05376591459931368,0.007199869193782904,-0.060965783793096584
2026-07-30,BX,2026-07-31,completed,stall,,126.45999908447266,127.78646433427966,False,False,-0.002498663257283207,0.007199869193782904,-0.00969853245106611
2026-07-30,TDY,2026-07-31,completed,continuation,,655.5700073242188,668.3200073242188,True,True,0.009843209465065561,0.007199869193782904,0.002643340271282657
2026-07-30,SJM,2026-07-31,completed,stall,,118.15271759033203,120.27284788548153,False,False,-0.024138753470868912,0.007199869193782904,-0.031338622664651816
2026-07-30,WYNN,2026-07-31,completed,stall,,99.06746673583984,100.36429497320357,False,False,-0.013803440903301878,0.007199869193782904,-0.021003310097084782
2026-07-30,SYF,2026-07-31,completed,stall,,75.46414184570312,77.19168282182585,False,True,-0.017882628901939368,0.007199869193782904,-0.025082498095722272
2026-07-30,A,2026-07-31,completed,stall,,138.3699951171875,139.5,False,False,-0.00245124057546231,0.007199869193782904,-0.009651109769245214
2026-07-30,MTD,2026-07-31,completed,continuation,,1416.300048828125,1465.010009765625,True,True,0.02585093824848328,0.007199869193782904,0.018651069054700375
2026-07-30,CCL,2026-07-31,completed,neutral,,27.66510581970215,27.844168300316902,False,False,0.0014403856604643384,0.007199869193782904,-0.005759483533318566
2026-07-30,COIN,2026-07-31,completed,stall,,146.25999450683594,153.67999267578125,False,False,-0.10588095812657372,0.007199869193782904,-0.11308082732035662
2026-07-30,AMCR,2026-07-31,completed,stall,,44.24430465698242,44.609062791462456,False,False,-0.005980122308957836,0.007199869193782904,-0.01317999150274074
2026-07-30,VTRS,2026-07-31,completed,stall,,17.42928123474121,17.5583145630959,False,False,-0.011261258336903945,0.007199869193782904,-0.01846112753068685
2026-07-30,MET,2026-07-31,completed,stall,,95.53810119628906,96.87979497989829,False,False,-0.009683807282349632,0.007199869193782904,-0.016883676476132536
2026-07-30,BAC,2026-07-31,completed,neutral,,61.63553237915039,61.9240612023762,False,False,0.00356391171531234,0.007199869193782904,-0.003635957478470564
2026-07-30,IBM,2026-07-31,completed,neutral,,222.05706787109375,223.1591626066021,False,False,0.008613606547230868,0.007199869193782904,0.0014137373534479636
2026-07-30,RJF,2026-07-31,completed,neutral,,175.97999572753906,176.91000366210938,False,False,0.005772386693659204,0.007199869193782904,-0.0014274825001237001
2026-07-30,RVTY,2026-07-31,completed,stall,,112.5199966430664,114.1500015258789,False,False,-0.008983655665282364,0.007199869193782904,-0.016183524859065268
2026-07-30,NTRS,2026-07-31,completed,stall,,181.33470153808594,182.74803344817875,False,False,-0.0017532390023774491,0.007199869193782904,-0.008953108196160353
2026-07-30,PLD,2026-07-31,completed,stall,,143.47091674804688,144.84996720009295,False,False,-0.010807826966196865,0.007199869193782904,-0.01800769615997977
2026-07-30,ERIE,2026-07-31,completed,neutral,,242.0399932861328,247.1199951171875,False,False,0.03581972517984933,0.007199869193782904,0.028619855986066423
2026-07-30,COF,2026-07-31,completed,stall,,208.27450561523438,210.14789491628616,False,False,-0.005377361508439038,0.007199869193782904,-0.012577230702221942
2026-08-06,GRMN,2026-08-07,completed,continuation,,309.6907653808594,311.4937809260587,True,True,0.029880387922285534,0.0061153280785064545,0.02376505984377908
2026-08-06,BAX,2026-08-07,completed,neutral,,27.53937530517578,27.869247973099313,False,False,0.019992571115882596,0.0061153280785064545,0.013877243037376141
2026-08-06,HII,2026-08-07,completed,neutral,,322.9737854003906,323.68048109838287,False,False,0.00845348368524812,0.0061153280785064545,0.0023381556067416653
2026-08-06,MSFT,2026-08-07,completed,neutral,,499.0505065917969,504.23075699317457,False,True,0.00026008287542045316,0.0061153280785064545,-0.005855245203086001
2026-08-06,AMZN,2026-08-07,completed,neutral,,274.4800109863281,278.30999755859375,False,False,0.00815397466052481,0.0061153280785064545,0.0020386465820183552
2026-08-06,BE,2026-08-07,completed,stall,,219.33999633789062,240.1750030517578,False,False,-0.04201611676225514,0.0061153280785064545,-0.048131444840761595
2026-08-06,IQV,2026-08-07,completed,continuation,,238.6999969482422,238.77999877929688,True,True,0.026975882932660067,0.0061153280785064545,0.020860554854153612
2026-08-06,ETN,2026-08-07,completed,neutral,,448.67999267578125,455.82000732421875,False,False,0.0035563227782198226,0.0061153280785064545,-0.002559005300286632
2026-08-06,FERG,2026-08-07,completed,neutral,,255.7358856201172,259.91031382110674,False,True,0.013103380157184263,0.0061153280785064545,0.006988052078677809
2026-08-06,DXCM,2026-08-07,completed,neutral,,84.75,85.05999755859375,False,False,0.020838393482133233,0.0061153280785064545,0.014723065403626778
2026-08-06,GEHC,2026-08-07,completed,continuation,,71.7699966430664,71.91999816894531,True,True,0.020765170461795934,0.0061153280785064545,0.01464984238328948
2026-08-06,BA,2026-08-07,completed,neutral,,234.4199981689453,235.60000610351562,False,False,0.009604184952372474,0.0061153280785064545,0.0034888568738660197
2026-08-06,EME,2026-08-07,completed,neutral,,816.9000244140625,831.5399780273438,False,False,0.010477136938285447,0.0061153280785064545,0.004361808859778993
2026-08-06,WTW,2026-08-07,completed,continuation,,344.82000732421875,345.510009765625,True,True,0.014146635159092424,0.0061153280785064545,0.00803130708058597
2026-08-06,ARES,2026-08-07,completed,stall,,135.41896057128906,139.35733733755552,False,False,-0.009553347895896347,0.0061153280785064545,-0.0156686759744028
2026-08-06,TER,2026-08-07,completed,stall,,379.16436767578125,397.44735407043504,False,False,-0.014497630050939847,0.0061153280785064545,-0.0206129581294463
2026-08-06,APH,2026-08-07,completed,stall,,84.45899963378906,86.07150411730814,False,False,-0.00838174733257957,0.0061153280785064545,-0.014497075411086024
2026-08-06,REGN,2026-08-07,completed,continuation,,783.4451293945312,785.0732330843904,True,True,0.01586562299300498,0.0061153280785064545,0.009750294914498525
2026-08-06,IEX,2026-08-07,completed,neutral,,234.4600067138672,237.88999938964844,False,False,0.0032091052092528827,0.0061153280785064545,-0.002906222869253572
2026-08-06,WDAY,2026-08-07,completed,continuation,,179.63999938964844,182.72000122070312,True,True,0.0552161277794474,0.0061153280785064545,0.049100799700940945
2026-08-06,CVNA,2026-08-07,completed,continuation,,70.8499984741211,73.16999816894531,True,True,0.03672815731245249,0.0061153280785064545,0.030612829233946037
2026-08-06,ADP,2026-08-07,completed,stall,,269.5946350097656,273.5294441729463,False,True,-0.008007067186217576,0.0061153280785064545,-0.01412239526472403
2026-08-06,NOW,2026-08-07,completed,continuation,,124.87999725341797,126.1500015258789,True,True,0.06416701216197662,0.0061153280785064545,0.05805168408347017
2026-08-06,MRSH,2026-08-07,completed,stall,,191.64999389648438,193.47999572753906,False,True,-0.0084846574919204,0.0061153280785064545,-0.014599985570426854
2026-08-06,CBRE,2026-08-07,completed,neutral,,148.17999267578125,152.55999755859375,False,False,0.004950801916905556,0.0061153280785064545,-0.0011645261616008984
2026-08-06,CSGP,2026-08-07,completed,neutral,,30.239999771118164,31.68000030517578,False,True,0.02231236812421944,0.0061153280785064545,0.016197040045712985
2026-08-06,LITE,2026-08-07,completed,continuation,,890.1699829101562,928.47998046875,True,True,0.06217930160533536,0.0061153280785064545,0.0560639735268289
2026-08-06,ADBE,2026-08-07,completed,continuation,,265.2099914550781,270.1600036621094,True,True,0.019097761324949003,0.0061153280785064545,0.012982433246442548
2026-08-06,KO,2026-08-07,completed,neutral,,86.53364562988281,86.65292896801027,False,False,0.0023029180251319392,0.0061153280785064545,-0.0038124100533745153
2026-08-06,WY,2026-08-07,completed,neutral,,25.34684944152832,25.6342071258794,False,False,0.005108038694209949,0.0061153280785064545,-0.0010072893842965058
2026-08-06,PFG,2026-08-07,completed,stall,,112.54422760009766,113.87411164600258,False,False,-0.017416197202612338,0.0061153280785064545,-0.023531525281118792
2026-08-06,CIEN,2026-08-07,completed,neutral,,412.3900146484375,420.0,False,False,0.02137409519041289,0.0061153280785064545,0.015258767111906435
2026-08-06,GL,2026-08-07,completed,stall,,183.85000610351562,185.5399932861328,False,False,-0.011665402210006115,0.0061153280785064545,-0.01778073028851257
2026-08-06,MA,2026-08-07,completed,stall,,562.9500122070312,572.989990234375,False,False,-0.0225714032892963,0.0061153280785064545,-0.028686731367802754
2026-08-06,SHW,2026-08-07,completed,neutral,,368.8774108886719,371.3017999836479,False,True,0.0173628923621032,0.0061153280785064545,0.011247564283596745
2026-08-06,ALGN,2026-08-07,completed,neutral,,173.66000366210938,173.83999633789062,False,False,0.027087779639552112,0.0061153280785064545,0.020972451561045657
2026-08-06,VRSN,2026-08-07,completed,neutral,,293.6978454589844,295.28318801261224,False,False,0.00693952832760969,0.0061153280785064545,0.0008242002491032352
2026-08-06,BRO,2026-08-07,completed,neutral,,71.26502227783203,72.02326907803175,False,True,0.0035121882881863353,0.0061153280785064545,-0.0026031397903201192
2026-08-06,VEEV,2026-08-07,completed,continuation,,230.47000122070312,231.66000366210938,True,True,0.058172626223216506,0.0061153280785064545,0.05205729814471005
2026-08-06,CCL,2026-08-07,completed,neutral,,28.989999771118164,29.270000457763672,False,False,0.01222061655974116,0.0061153280785064545,0.006105288481234705
2026-08-06,ADSK,2026-08-07,completed,continuation,,249.0800018310547,252.88999938964844,True,True,0.027261106846512284,0.0061153280785064545,0.02114577876800583
2026-08-06,ROP,2026-08-07,completed,continuation,,402.25,404.260009765625,True,True,0.013020080594753125,0.0061153280785064545,0.0069047525162466705
2026-08-06,PAYX,2026-08-07,completed,stall,,120.04000091552734,121.41999816894531,False,True,-0.0007491579118309444,0.0061153280785064545,-0.006864485990337399
2026-08-06,P,2026-08-07,completed,continuation,,90.05000305175781,90.0999984741211,True,True,0.03197342249856461,0.0061153280785064545,0.025858094420058153
2026-08-06,TDY,2026-08-07,completed,neutral,,691.2999877929688,691.6199951171875,False,False,0.005497975556109536,0.0061153280785064545,-0.000617352522396919
2026-08-06,CBOE,2026-08-07,completed,stall,,285.7861022949219,289.9545459822179,False,False,-0.008956772763706544,0.0061153280785064545,-0.015072100842212999
2026-08-06,DPZ,2026-08-07,completed,stall,,348.79296875,353.02676489491404,False,False,-0.020868691394428707,0.0061153280785064545,-0.02698401947293516
2026-08-06,RCL,2026-08-07,completed,stall,,318.1096496582031,323.09006356860044,False,False,-0.001715711531381947,0.0061153280785064545,-0.007831039609888402
2026-08-06,CRM,2026-08-07,completed,neutral,,192.40151977539062,194.35806913699778,False,False,0.03196446288763344,0.0061153280785064545,0.025849134809126983
2026-08-06,ABNB,2026-08-07,completed,continuation,,178.07000732421875,178.47999572753906,True,True,0.17429443445628579,0.0061153280785064545,0.16817910637777933
2026-08-06,MDT,2026-08-07,completed,neutral,,87.16000366210938,87.19000244140625,False,False,0.014432094036196608,0.0061153280785064545,0.008316765957690153
2026-08-06,BX,2026-08-07,completed,neutral,,137.1300048828125,138.5,False,False,0.027575931200639836,0.0061153280785064545,0.02146060312213338
2026-08-06,IVZ,2026-08-07,completed,stall,,31.370182037353516,31.70792322497789,False,False,-0.0034711562120874895,0.0061153280785064545,-0.009586484290593944
2026-08-06,WST,2026-08-07,completed,neutral,,354.07000732421875,356.0,False,True,0.01569134000267014,0.0061153280785064545,0.009576011924163685
2026-08-06,ORCL,2026-08-07,completed,neutral,,147.02000427246094,147.16000366210938,False,False,0.024743869948789854,0.0061153280785064545,0.0186285418702834
2026-08-06,BLK,2026-08-07,completed,neutral,,1130.5880126953125,1137.6816143171648,False,False,0.006278144713930178,0.0061153280785064545,0.0001628166354237237
2026-08-06,COF,2026-08-07,completed,stall,,216.99371337890625,218.86710266519756,False,False,-0.010181814334667139,0.0061153280785064545,-0.016297142413173593
2026-08-06,HCA,2026-08-07,completed,neutral,,412.5992431640625,413.70721617484634,False,False,0.010932006186102461,0.0061153280785064545,0.004816678107596006
2026-08-06,EXE,2026-08-07,completed,neutral,,92.2855453491211,93.25969601484742,False,False,0.009569419122779976,0.0061153280785064545,0.0034540910442735218
2026-08-06,EW,2026-08-07,completed,neutral,,89.72000122070312,90.36000061035156,False,False,0.004478297438933909,0.0061153280785064545,-0.0016370306395725454
2026-08-06,IBM,2026-08-07,completed,neutral,,235.58999633789062,235.62971992605702,False,False,0.016493199173170714,0.0061153280785064545,0.01037787109466426
2026-08-06,LYB,2026-08-07,completed,stall,,58.98112869262695,60.1886643331572,False,False,-0.03011066671015883,0.0061153280785064545,-0.03622599478866528
2026-08-06,INTU,2026-08-07,completed,neutral,,325.25,336.29998779296875,False,True,0.01037555931749301,0.0061153280785064545,0.004260231238986556
2026-08-06,ROST,2026-08-07,completed,continuation,,254.73765563964844,255.48620888545773,True,True,0.0036175829585005648,0.0061153280785064545,-0.0024977451200058898
2026-08-06,TSLA,2026-08-07,completed,neutral,,328.5799865722656,333.7300109863281,False,True,0.02832281108985857,0.0061153280785064545,0.022207483011352114
2026-08-06,TMO,2026-08-07,completed,continuation,,593.5450439453125,593.804854564444,True,True,0.024102629286790744,0.0061153280785064545,0.01798730120828429
2026-08-06,GEN,2026-08-07,completed,continuation,,29.04197120666504,29.569645688694973,True,True,0.03807829528442208,0.0061153280785064545,0.03196296720591563
2026-08-06,COP,2026-08-07,completed,neutral,,116.83075714111328,117.73472385266628,False,False,0.007279888503047616,0.0061153280785064545,0.0011645604245411612
2026-08-06,TRMB,2026-08-07,completed,neutral,,59.5099983215332,59.869998931884766,False,False,0.016396227104730654,0.0061153280785064545,0.0102808990262242
2026-08-06,AXP,2026-08-07,completed,stall,,340.9100036621094,343.32000732421875,False,False,-0.004932873354636214,0.0061153280785064545,-0.011048201433142668
2026-08-06,SYF,2026-08-07,completed,stall,,78.58999633789062,78.95500183105469,False,False,-0.0010169293621042907,0.0061153280785064545,-0.007132257440610745
2026-08-06,PYPL,2026-08-07,completed,stall,,58.92445373535156,59.842188873351375,False,True,-0.011876904543371425,0.0061153280785064545,-0.01799223262187788
2026-08-13,PLTR,2026-08-14,completed,stall,,174.0399932861328,180.17999267578125,False,True,-0.02776381974869746,-0.0019797506799419384,-0.025784069068755522
2026-08-13,ABNB,2026-08-14,completed,stall,,184.05999755859375,186.97000122070312,False,False,-0.005779761767391922,-0.0019797506799419384,-0.0038000110874499837
2026-08-13,ZBRA,2026-08-14,completed,stall,,376.0299987792969,384.20001220703125,False,False,-0.009482933533209281,-0.0019797506799419384,-0.007503182853267343
2026-08-13,COHR,2026-08-14,completed,stall,,325.8299865722656,346.1700134277344,False,False,-0.004278410802977972,-0.0019797506799419384,-0.0022986601230360337
2026-08-13,BR,2026-08-14,completed,stall,,169.96315002441406,172.3087037971724,False,False,-0.007141302357769774,-0.0019797506799419384,-0.005161551677827836
2026-08-13,LDOS,2026-08-14,completed,continuation,,143.36439514160156,143.8827160554814,True,True,0.008554897881917878,-0.0019797506799419384,0.010534648561859816
2026-08-13,LLY,2026-08-14,completed,stall,,1180.1600341796875,1199.0,False,False,-0.022455610520410785,-0.0019797506799419384,-0.020475859840468846
2026-08-13,RL,2026-08-14,completed,neutral,,388.9200134277344,391.6099853515625,False,False,0.003949504947063254,-0.0019797506799419384,0.005929255627005192
2026-08-13,PH,2026-08-14,completed,stall,,1053.727783203125,1062.8594166406633,False,False,-0.0028520839272768717,-0.0019797506799419384,-0.0008723332473349332
2026-08-13,BKNG,2026-08-14,completed,stall,,211.54910278320312,214.4121835104649,False,True,-0.005999813877003657,-0.0019797506799419384,-0.0040200631970617184
2026-08-13,AMGN,2026-08-14,completed,stall,,412.7975769042969,413.6128198980771,False,False,-0.006294339260037529,-0.0019797506799419384,-0.004314588580095591
2026-08-13,WAT,2026-08-14,completed,stall,,412.1700134277344,415.7699890136719,False,False,-0.00324054147721875,-0.0019797506799419384,-0.0012607907972768118
2026-08-13,CRL,2026-08-14,completed,stall,,280.04998779296875,283.20001220703125,False,False,-0.004337473844903572,-0.0019797506799419384,-0.0023577231649616337
2026-08-13,CLX,2026-08-14,completed,stall,,105.69999694824219,106.52999877929688,False,False,-0.00788439985044842,-0.0019797506799419384,-0.005904649170506482
2026-08-13,BG,2026-08-14,completed,neutral,,112.97764587402344,113.51426326250085,False,True,0.008515874573644444,-0.0019797506799419384,0.010495625253586383
2026-08-13,SWK,2026-08-14,completed,stall,,101.18936157226562,101.74452759171847,False,False,-0.001369747081682804,-0.0019797506799419384,0.0006100035982591345
2026-08-13,DASH,2026-08-14,completed,neutral,,217.02000427246094,219.52999877929688,False,True,0.0035143336027458894,-0.0019797506799419384,0.005494084282687828
2026-08-13,MSI,2026-08-14,completed,neutral,,465.3067932128906,467.25174553491934,False,False,0.0031610366068368645,-0.0019797506799419384,0.005140787286778803
2026-08-13,ALB,2026-08-14,completed,continuation,,135.69285583496094,136.85894081837444,True,True,0.043455002537423404,-0.0019797506799419384,0.04543475321736534
2026-08-13,EXPE,2026-08-14,completed,continuation,,332.2110900878906,332.76028616500855,True,True,0.0133410273290131,-0.0019797506799419384,0.015320778008955038
2026-08-13,GEN,2026-08-14,completed,stall,,28.354999542236328,29.569646122664203,False,True,-0.03686170372666231,-0.0019797506799419384,-0.03488195304672037
2026-08-13,NTAP,2026-08-14,completed,neutral,,207.0800018310547,208.08999633789062,False,False,0.010195601160468915,-0.0019797506799419384,0.012175351840410853
2026-08-13,NEM,2026-08-14,completed,neutral,,117.51537322998047,118.92244020545141,False,False,0.03126368336410912,-0.0019797506799419384,0.03324343404405106
2026-08-13,J,2026-08-14,completed,neutral,,144.3079833984375,144.39776073637105,False,False,0.0052115485671431205,-0.0019797506799419384,0.007191299247085059
2026-08-13,CTSH,2026-08-14,completed,stall,,58.447296142578125,59.73971728920776,False,True,-0.008433064768994636,-0.0019797506799419384,-0.006453314089052697
2026-08-13,VRTX,2026-08-14,completed,stall,,505.75,513.6400146484375,False,False,-0.02069940823884786,-0.0019797506799419384,-0.018719657558905922
2026-08-13,APA,2026-08-14,completed,neutral,,40.470001220703125,41.0,False,False,0.01175003051757817,-0.0019797506799419384,0.013729781197520108
2026-08-13,MCHP,2026-08-14,completed,neutral,,78.69651794433594,78.87544174847729,False,False,0.019050029618406628,-0.0019797506799419384,0.021029780298348566
2026-08-13,IFF,2026-08-14,completed,neutral,,83.78343963623047,83.84315455438843,False,False,0.0014275933411684871,-0.0019797506799419384,0.0034073440211104256
2026-08-13,BDX,2026-08-14,completed,neutral,,182.3247833251953,182.74233435984019,False,False,0.007858433981377644,-0.0019797506799419384,0.009838184661319582
2026-08-13,DIS,2026-08-14,completed,continuation,,106.8499984741211,107.11000061035156,True,True,0.019561024452936726,-0.0019797506799419384,0.021540775132878665
2026-08-13,WSM,2026-08-14,completed,stall,,241.5800018310547,244.1199951171875,False,False,-0.003547271909302263,-0.0019797506799419384,-0.0015675212293603247
2026-08-13,OXY,2026-08-14,completed,neutral,,58.09342956542969,58.67077832415078,False,False,0.011438423763102223,-0.0019797506799419384,0.013418174443044162
2026-08-13,IBKR,2026-08-14,completed,neutral,,91.97673034667969,92.3364053406082,False,False,0.007000639170635203,-0.0019797506799419384,0.008980389850577142
2026-08-13,REGN,2026-08-14,completed,stall,,802.5428466796875,805.5992752294991,False,False,-0.003089401430368288,-0.0019797506799419384,-0.0011096507504263498
2026-08-13,EMR,2026-08-14,completed,stall,,163.1699981689453,164.8000030517578,False,False,-0.0029635551249224124,-0.0019797506799419384,-0.000983804444980474
2026-08-13,ADM,2026-08-14,completed,neutral,,79.94261169433594,80.54876512847486,False,True,0.003742923883280014,-0.0019797506799419384,0.005722674563221952
2026-08-13,AME,2026-08-14,completed,stall,,254.41921997070312,257.34496412418014,False,False,-0.005581194569230119,-0.0019797506799419384,-0.0036014438892881806
2026-08-13,HAL,2026-08-14,completed,continuation,,34.26099395751953,34.41030254686143,True,True,0.048112040555301494,-0.0019797506799419384,0.05009179123524343
2026-08-13,NUE,2026-08-14,completed,stall,,268.9100036621094,274.739990234375,False,False,-0.012413253431055926,-0.0019797506799419384,-0.010433502751113988
2026-08-13,PTC,2026-08-14,completed,stall,,149.75,155.10000610351562,False,True,-0.026902328975686007,-0.0019797506799419384,-0.02492257829574407
2026-08-13,CHD,2026-08-14,completed,neutral,,101.30000305175781,101.41000366210938,False,False,0.002851166308971198,-0.0019797506799419384,0.0048309169889131365
2026-08-13,MCD,2026-08-14,completed,neutral,,270.9044189453125,273.39671367305345,False,False,0.002130360544697618,-0.0019797506799419384,0.004110111224639557
2026-08-13,STE,2026-08-14,completed,stall,,232.57037353515625,237.51529217463352,False,False,-0.011818577540929298,-0.0019797506799419384,-0.00983882686098736
2026-08-13,MSFT,2026-08-14,completed,stall,,494.4691467285156,499.07050046550256,False,False,-0.002978616125570266,-0.0019797506799419384,-0.0009988654456283275
2026-08-13,CNC,2026-08-14,completed,neutral,,67.47000122070312,67.62000274658203,False,False,0.021653547627973335,-0.0019797506799419384,0.023633298307915274
2026-08-13,CL,2026-08-14,completed,stall,,91.94999694824219,93.27999877929688,False,False,-0.010545608024484343,-0.0019797506799419384,-0.008565857344542405
2026-08-13,GLW,2026-08-14,completed,neutral,,165.67803955078125,167.3748414804533,False,False,0.046991437001069114,-0.0019797506799419384,0.04897118768101105
2026-08-13,FAST,2026-08-14,completed,stall,,51.02000045776367,51.52000045776367,False,False,-0.006232950796126735,-0.0019797506799419384,-0.0042532001161847965
2026-08-13,OKE,2026-08-14,completed,continuation,,94.98999786376953,95.05000305175781,True,True,0.02536699578587953,-0.0019797506799419384,0.02734674646582147
2026-08-13,RTX,2026-08-14,completed,neutral,,222.97000122070312,223.07000732421875,False,False,0.014653090799001678,-0.0019797506799419384,0.016632841478943616
2026-08-13,TYL,2026-08-14,completed,stall,,328.6400146484375,335.0,False,True,-0.0009423850040736204,-0.0019797506799419384,0.001037365675868318
2026-08-13,COP,2026-08-14,completed,neutral,,125.93999481201172,126.55588961749996,False,True,0.018149692341558943,-0.0019797506799419384,0.02012944302150088
2026-08-13,JCI,2026-08-14,completed,neutral,,153.21107482910156,153.5002585263037,False,False,0.01446020183642327,-0.0019797506799419384,0.01643995251636521
2026-08-13,CRH,2026-08-14,completed,stall,,97.1500015258789,98.0,False,False,-0.0016441890528103853,-0.0019797506799419384,0.00033556162713155313
2026-08-13,NWS,2026-08-14,completed,continuation,,33.07050704956055,33.25993959176195,True,True,0.007288087738235305,-0.0019797506799419384,0.009267838418177243
2026-08-13,AWK,2026-08-14,completed,stall,,136.1999969482422,136.99000549316406,False,False,-0.0019053917106290896,-0.0019797506799419384,7.43589693128488e-05
2026-08-13,RSG,2026-08-14,completed,stall,,214.7100067138672,216.57000732421875,False,False,-0.002369642709521891,-0.0019797506799419384,-0.0003898920295799524
2026-08-13,IQV,2026-08-14,completed,stall,,236.66000366210938,243.0,False,False,-0.02012255930928586,-0.0019797506799419384,-0.01814280862934392
2026-08-13,NXPI,2026-08-14,completed,neutral,,233.65855407714844,233.69836820157127,False,False,0.012073665359626506,-0.0019797506799419384,0.014053416039568445
2026-08-13,TDY,2026-08-14,completed,neutral,,679.6699829101562,681.0,False,False,0.008921429215352106,-0.0019797506799419384,0.010901179895294044
2026-08-13,GRMN,2026-08-14,completed,stall,,309.0034484863281,312.2707950174341,False,False,-0.005546021201949247,-0.0019797506799419384,-0.0035662705220073088
2026-08-13,STLD,2026-08-14,completed,stall,,255.77000427246094,263.2300109863281,False,False,-0.018270427701756797,-0.0019797506799419384,-0.01629067702181486
2026-08-13,IVZ,2026-08-14,completed,continuation,,32.54999923706055,32.65999984741211,True,True,0.012599121901678556,-0.0019797506799419384,0.014578872581620494
2026-08-13,BSX,2026-08-14,completed,neutral,,51.83000183105469,52.9900016784668,False,True,0.002708516310026887,-0.0019797506799419384,0.004688266989968826
2026-08-13,EL,2026-08-14,completed,stall,,85.80852508544922,87.18385825273668,False,False,-0.013971641688720005,-0.0019797506799419384,-0.011991891008778066
2026-08-13,INCY,2026-08-14,completed,stall,,120.16000366210938,120.44000244140625,False,False,-0.0029869979338216224,-0.0019797506799419384,-0.001007247253879684
2026-08-13,LHX,2026-08-14,completed,continuation,,290.4284973144531,291.6028633314084,True,True,0.011648117901370103,-0.0019797506799419384,0.013627868581312041
2026-08-13,CF,2026-08-14,completed,neutral,,118.30000305175781,119.11000061035156,False,False,0.01588663290165626,-0.0019797506799419384,0.0178663835815982
2026-08-13,VRT,2026-08-14,completed,neutral,,293.7679748535156,295.39758021491286,False,False,0.02358310000293473,-0.0019797506799419384,0.02556285068287667
2026-08-13,TT,2026-08-14,completed,neutral,,479.06744384765625,480.12494136529756,False,False,0.005254473160524631,-0.0019797506799419384,0.007234223840466569
2026-08-13,XOM,2026-08-14,completed,neutral,,159.07000732421875,160.22253297554738,False,False,0.009394167639527273,-0.0019797506799419384,0.011373918319469212
2026-08-13,FTV,2026-08-14,completed,stall,,61.545074462890625,61.77479434602488,False,False,-0.003073948712568053,-0.0019797506799419384,-0.0010941980326261147
2026-08-13,GNRC,2026-08-14,completed,neutral,,219.3000030517578,221.08999633789062,False,False,0.012184987284342697,-0.0019797506799419384,0.014164737964284635
2026-08-13,RDDT,2026-08-14,completed,continuation,,178.08999633789062,184.28399658203125,True,True,0.12629649530347353,-0.0019797506799419384,0.12827624598341547
2026-08-13,APH,2026-08-14,completed,neutral,,83.42560577392578,83.81500120464864,False,False,0.008205134351917831,-0.0019797506799419384,0.01018488503185977
2026-08-20,SMCI,2026-08-21,completed,neutral,,37.2400016784668,37.66999816894531,False,False,0.02027401858813138,0.004091229991858514,0.016182788596272868
2026-08-20,P,2026-08-21,completed,stall,,108.55000305175781,111.2750015258789,False,False,-0.01300236644415076,0.004091229991858514,-0.017093596436009273
2026-08-20,LITE,2026-08-21,completed,stall,,866.7100219726562,922.989990234375,False,False,-0.0142957953159365,0.004091229991858514,-0.018387025307795013
2026-08-20,CIEN,2026-08-21,completed,neutral,,395.7900085449219,403.7200012207031,False,False,0.008433544297645978,0.004091229991858514,0.004342314305787465
2026-08-20,COHR,2026-08-21,completed,stall,,289.5199890136719,303.989990234375,False,False,-0.001758472460681948,0.004091229991858514,-0.005849702452540462
2026-08-20,MPC,2026-08-21,completed,neutral,,360.7200012207031,365.2099914550781,False,False,0.006950814164115471,0.004091229991858514,0.002859584172256957
2026-08-20,FOXA,2026-08-21,completed,neutral,,68.238525390625,69.27395182675754,False,False,0.008534502899710361,0.004091229991858514,0.004443272907851847
2026-08-20,KKR,2026-08-21,completed,neutral,,108.4800033569336,110.11000061035156,False,False,0.0136423730112476,0.004091229991858514,0.009551143019389086
2026-08-20,WEC,2026-08-21,completed,stall,,106.01000213623047,108.69000244140625,False,False,-0.02303935075829544,0.004091229991858514,-0.027130580750153954
2026-08-20,WDAY,2026-08-21,completed,neutral,,200.00999450683594,201.5500030517578,False,True,0.013632612420276358,0.004091229991858514,0.009541382428417844
2026-08-20,PSX,2026-08-21,completed,neutral,,242.8699951171875,244.47000122070312,False,False,0.011958312988281206,0.004091229991858514,0.007867082996422692
2026-08-20,SNDK,2026-08-21,completed,stall,,1596.0799560546875,1614.06005859375,False,False,-0.0028364253079117274,0.004091229991858514,-0.006927655299770241
2026-08-20,INTC,2026-08-21,completed,stall,,90.06999969482422,92.7699966430664,False,False,-0.02235968327370519,0.004091229991858514,-0.026450913265563702
2026-08-20,PWR,2026-08-21,completed,stall,,639.3400268554688,667.010009765625,False,False,-0.03491470537616492,0.004091229991858514,-0.03900593536802344
2026-08-20,HLT,2026-08-21,completed,stall,,326.6300048828125,331.989990234375,False,False,-0.008589773100420528,0.004091229991858514,-0.012681003092279042
2026-08-20,LNT,2026-08-21,completed,stall,,67.86000061035156,70.51000213623047,False,False,-0.023034818531674328,0.004091229991858514,-0.027126048523532842
2026-08-20,AMAT,2026-08-21,completed,stall,,492.32000732421875,503.5,False,False,-0.007839390979315963,0.004091229991858514,-0.011930620971174477
2026-08-20,ARES,2026-08-21,completed,neutral,,139.77294921875,142.00437352298636,False,False,0.007273797307502994,0.004091229991858514,0.00318256731564448
2026-08-20,SRE,2026-08-21,completed,stall,,82.19960021972656,87.09845688226838,False,False,-0.0513847153779774,0.004091229991858514,-0.05547594536983591
2026-08-20,NTAP,2026-08-21,completed,stall,,192.27000427246094,195.25,False,False,-0.0028006498260999546,0.004091229991858514,-0.006891879817958468
2026-08-20,WAB,2026-08-21,completed,neutral,,297.57000732421875,298.8999938964844,False,False,0.017994628338261487,0.004091229991858514,0.013903398346402973
2026-08-20,APO,2026-08-21,completed,neutral,,132.69000244140625,134.13999938964844,False,False,0.020849413778623482,0.004091229991858514,0.01675818378676497
2026-08-20,ATO,2026-08-21,completed,stall,,165.85000610351562,171.08840992797028,False,False,-0.021522348177984596,0.004091229991858514,-0.02561357816984311
2026-08-20,LDOS,2026-08-21,completed,neutral,,140.93228149414062,143.1351338150062,False,False,0.00014152939019673738,0.004091229991858514,-0.003949700601661776
2026-08-20,VEEV,2026-08-21,completed,stall,,247.89999389648438,250.80999755859375,False,False,-0.010497764322145664,0.004091229991858514,-0.014588994314004178
2026-08-20,SOLV,2026-08-21,completed,neutral,,89.56999969482422,89.6500015258789,False,False,0.010833981242073243,0.004091229991858514,0.006742751250214729
2026-08-20,MDT,2026-08-21,completed,neutral,,93.3499984741211,93.55000305175781,False,False,0.011375898024342357,0.004091229991858514,0.007284668032483843
2026-08-20,AXON,2026-08-21,completed,neutral,,627.75,636.3599853515625,False,False,0.021961368182705332,0.004091229991858514,0.017870138190846818
2026-08-20,O,2026-08-21,completed,stall,,62.326290130615234,63.12279529873992,False,False,-0.009023225306905691,0.004091229991858514,-0.013114455298764205
2026-08-20,SW,2026-08-21,completed,neutral,,49.38999938964844,49.630001068115234,False,True,0.024901448373861657,0.004091229991858514,0.020810218382003143
2026-08-20,TSCO,2026-08-21,completed,stall,,34.73999786376953,35.13725493456392,False,False,-0.0019971274854231336,0.004091229991858514,-0.006088357477281647
2026-08-20,GDDY,2026-08-21,completed,stall,,97.06999969482422,97.9000015258789,False,False,-0.011406484557838548,0.004091229991858514,-0.015497714549697061
2026-08-20,NWS,2026-08-21,completed,continuation,,34.44636917114258,34.516158907264945,True,True,0.022794617939318806,0.004091229991858514,0.018703387947460293
2026-08-20,WELL,2026-08-21,completed,continuation,,239.22000122070312,241.11000061035156,True,True,0.007666416895580674,0.004091229991858514,0.0035751869037221606
2026-08-20,FISV,2026-08-21,completed,neutral,,52.58000183105469,52.83000183105469,False,False,0.02335540556623572,0.004091229991858514,0.019264175574377207
2026-08-27,TGT,2026-08-28,completed,stall,,163.17999267578125,166.05999755859375,False,False,-0.016573254513265523,-0.0022694869107554583,-0.014303767602510065
2026-08-27,ARE,2026-08-28,completed,stall,,51.56999969482422,52.810001373291016,False,False,-0.013580702009385215,-0.0022694869107554583,-0.011311215098629757
2026-08-27,FCX,2026-08-28,completed,stall,,76.44999694824219,78.7300033569336,False,False,-0.025121158718456216,-0.0022694869107554583,-0.022851671807700757
2026-08-27,JKHY,2026-08-28,completed,neutral,,169.1150665283203,169.5036529560975,False,False,0.0005304566142732003,-0.0022694869107554583,0.0027999435250286586
2026-08-27,NDSN,2026-08-28,completed,stall,,323.61810302734375,333.02984004058567,False,False,-0.018891326783861406,-0.0022694869107554583,-0.016621839873105948
2026-08-27,PGR,2026-08-28,completed,neutral,,218.63999938964844,220.07000732421875,False,False,0.004548612547331077,-0.0022694869107554583,0.006818099458086535
2026-08-27,CF,2026-08-28,completed,neutral,,125.79000091552734,129.25,False,True,0.0006363999016572031,-0.0022694869107554583,0.0029058868124126613
2026-08-27,TRGP,2026-08-28,completed,stall,,287.82000732421875,290.3900146484375,False,False,-0.003910727928963964,-0.0022694869107554583,-0.0016412410182085058
2026-08-27,DASH,2026-08-28,completed,neutral,,236.74000549316406,238.8280029296875,False,True,0.020915115426629827,-0.0022694869107554583,0.023184602337385285
2026-08-27,NEM,2026-08-28,completed,stall,,127.71414184570312,132.61393801178917,False,False,-0.032579893979793884,-0.0022694869107554583,-0.030310407069038425
2026-08-27,MSI,2026-08-28,completed,stall,,484.7464904785156,487.6988474120455,False,False,-0.0011099356344238531,-0.0022694869107554583,0.0011595512763316052
2026-08-27,ABNB,2026-08-28,completed,neutral,,189.42999267578125,191.49000549316406,False,False,0.027277651549818094,-0.0022694869107554583,0.029547138460573552
2026-08-27,CHTR,2026-08-28,completed,neutral,,153.6199951171875,154.4600067138672,False,False,0.035733465016511756,-0.0022694869107554583,0.038002951927267214
2026-08-27,CMG,2026-08-28,completed,neutral,,38.029998779296875,38.2599983215332,False,True,0.02176242697550479,-0.0022694869107554583,0.024031913886260248
2026-08-27,BR,2026-08-28,completed,neutral,,182.51583862304688,183.56934735746276,False,False,0.003058730219826833,-0.0022694869107554583,0.005328217130582291
2026-08-27,HCA,2026-08-28,completed,stall,,417.0510559082031,425.5853083962437,False,False,-0.0036246930876887573,-0.0022694869107554583,-0.001355206176933299
2026-08-27,YUM,2026-08-28,completed,neutral,,153.0881805419922,153.79462559312535,False,False,0.020630230421347262,-0.0022694869107554583,0.02289971733210272
2026-08-27,EFX,2026-08-28,completed,continuation,,193.79000854492188,197.32976744962374,True,True,0.020960351577227643,-0.0022694869107554583,0.0232298384879831
2026-08-27,ULTA,2026-08-28,completed,stall,,517.5,542.5399780273438,False,False,-0.04184405963251436,-0.0022694869107554583,-0.039574572721758905
2026-08-27,CBOE,2026-08-28,completed,stall,,309.5899963378906,315.9423451459407,False,False,-0.01114834015270083,-0.0022694869107554583,-0.008878853241945373
2026-08-27,ADP,2026-08-28,completed,continuation,,285.6518859863281,286.0294440422196,True,True,0.009835719278508126,-0.0022694869107554583,0.012105206189263584
2026-08-27,ECL,2026-08-28,completed,neutral,,285.990234375,289.22164001232034,False,False,0.0029379670706246586,-0.0022694869107554583,0.005207453981380117
2026-08-27,LULU,2026-08-28,completed,continuation,,120.80999755859375,121.19999694824219,True,True,0.05052171790081528,-0.0022694869107554583,0.052791204811570736
2026-08-27,EBAY,2026-08-28,completed,neutral,,105.62000274658203,106.0199966430664,False,False,0.03589646621198095,-0.0022694869107554583,0.03816595312273641
2026-08-27,CPRT,2026-08-28,completed,neutral,,32.9900016784668,33.25,False,False,0.007020859850972894,-0.0022694869107554583,0.009290346761728352
2026-08-27,AJG,2026-08-28,completed,neutral,,266.8470153808594,268.1934240471631,False,False,0.028483585804973233,-0.0022694869107554583,0.03075307271572869
2026-08-27,TPL,2026-08-28,completed,stall,,363.79595947265625,375.39732951513247,False,False,-0.014416664275918811,-0.0022694869107554583,-0.012147177365163353
2026-08-27,TRMB,2026-08-28,completed,stall,,61.0099983215332,62.0,False,True,-0.008612326716108565,-0.0022694869107554583,-0.0063428398053531065
2026-08-27,CVNA,2026-08-28,completed,stall,,74.04000091552734,76.2300033569336,False,False,-0.0006747931547367303,-0.0022694869107554583,0.001594693756018728
2026-08-27,MO,2026-08-28,completed,neutral,,67.57081604003906,67.66924252727772,False,False,0.01448212585951536,-0.0022694869107554583,0.01675161277027082
2026-08-27,TMO,2026-08-28,completed,stall,,621.7034301757812,629.5174477184507,False,False,-0.013508822936361131,-0.0022694869107554583,-0.011239336025605673
2026-08-27,V,2026-08-28,completed,neutral,,381.6000061035156,383.67999267578125,False,False,0.005109841496848455,-0.0022694869107554583,0.007379328407603913
2026-08-27,AMCR,2026-08-28,completed,neutral,,46.008949279785156,46.52158428354296,False,False,0.003224366642860632,-0.0022694869107554583,0.00549385355361609
2026-08-27,RMD,2026-08-28,completed,continuation,,240.3300018310547,241.05999755859375,True,True,0.019384150961567093,-0.0022694869107554583,0.02165363787232255
2026-08-27,KR,2026-08-28,completed,neutral,,57.720001220703125,57.970001220703125,False,False,0.013876706680001849,-0.0022694869107554583,0.016146193590757307
2026-08-27,PG,2026-08-28,completed,neutral,,143.77999877929688,144.39999389648438,False,False,0.004471142883732071,-0.0022694869107554583,0.006740629794487529
2026-08-27,IQV,2026-08-28,completed,stall,,261.75,262.82000732421875,False,False,-0.0024011162096512217,-0.0022694869107554583,-0.00013162929889576347
2026-08-27,APA,2026-08-28,completed,continuation,,42.540000915527344,42.95000076293945,True,True,0.0037753620429350487,-0.0022694869107554583,0.006044848953690507
2026-08-27,COP,2026-08-28,completed,neutral,,130.35000610351562,130.83999633789062,False,False,0.006408290639866587,-0.0022694869107554583,0.008677777550622046
2026-08-27,BDX,2026-08-28,completed,neutral,,188.40892028808594,189.20423322503675,False,False,0.007388509069833127,-0.0022694869107554583,0.009657995980588585
2026-08-27,NSC,2026-08-28,completed,neutral,,348.67999267578125,349.54998779296875,False,False,0.002155606058080961,-0.0022694869107554583,0.004425092968836419
2026-08-27,DGX,2026-08-28,completed,stall,,242.75999450683594,245.27999877929688,False,False,-0.0075630844973610944,-0.0022694869107554583,-0.005293597586605636
2026-08-27,MA,2026-08-28,completed,neutral,,595.2999877929688,598.02001953125,False,False,0.0060331695909521255,-0.0022694869107554583,0.008302656501707584
2026-08-27,ICE,2026-08-28,completed,neutral,,161.79200744628906,162.41992436578298,False,False,0.006760061997697742,-0.0022694869107554583,0.0090295489084532
2026-08-27,LIN,2026-08-28,completed,neutral,,487.90325927734375,487.99296021441114,False,False,0.008571169384117061,-0.0022694869107554583,0.01084065629487252
2026-08-27,ABBV,2026-08-28,completed,stall,,255.47999572753906,259.0,False,False,-0.010342817091120837,-0.0022694869107554583,-0.008073330180365379
2026-08-27,LEN,2026-08-28,completed,neutral,,86.33000183105469,87.26000213623047,False,False,0.01433440502824701,-0.0022694869107554583,0.01660389193900247
2026-08-27,VLTO,2026-08-28,completed,neutral,,98.55999755859375,99.26000213623047,False,False,0.0019314303823003698,-0.0022694869107554583,0.004200917293055828
2026-08-27,UNP,2026-08-28,completed,stall,,305.989990234375,307.5626784034607,False,False,-0.0008451284438785178,-0.0022694869107554583,0.0014243584668769405
2026-08-27,KVUE,2026-08-28,completed,stall,,18.9439640045166,19.161369276119064,False,False,-0.0015625821489063663,-0.0022694869107554583,0.000706904761849092
2026-08-27,TSLA,2026-08-28,completed,stall,,348.75,358.79998779296875,False,True,-0.01707955694679375,-0.0022694869107554583,-0.014810070036038292
2026-08-27,NKE,2026-08-28,completed,neutral,,39.184329986572266,39.34265036688477,False,False,0.030176886227136546,-0.0022694869107554583,0.032446373137892004
2026-08-27,APD,2026-08-28,completed,neutral,,308.0899963378906,308.3699951171875,False,False,0.008576930980841446,-0.0022694869107554583,0.010846417891596905
2026-08-27,RSG,2026-08-28,completed,neutral,,222.11000061035156,222.49000549316406,False,False,0.012952051272647758,-0.0022694869107554583,0.015221538183403216
2026-08-27,PM,2026-08-28,completed,neutral,,191.88999938964844,192.85000610351562,False,False,0.0074023713446855766,-0.0022694869107554583,0.009671858255441035
2026-08-27,AZO,2026-08-28,completed,neutral,,2961.9599609375,2970.860107421875,False,False,0.010104552360437502,-0.0022694869107554583,0.01237403927119296
2026-08-27,DVN,2026-08-28,completed,neutral,,47.04531478881836,47.323515646276455,False,True,0.004881142290777296,-0.0022694869107554583,0.007150629201532754
2026-08-27,CB,2026-08-28,completed,neutral,,338.896240234375,340.47146819333557,False,False,0.004758986185205538,-0.0022694869107554583,0.0070284730959609965
2026-08-27,FOXA,2026-08-28,completed,neutral,,68.11904907226562,68.81099177299532,False,False,0.017851764485392385,-0.0022694869107554583,0.020121251396147843
2026-08-27,CL,2026-08-28,completed,stall,,90.75,91.66000366210938,False,False,-0.0023086970820836994,-0.0022694869107554583,-3.921017132824112e-05
2026-08-27,HONA,2026-08-28,completed,neutral,,162.3699951171875,163.5800018310547,False,False,0.010077730122472817,-0.0022694869107554583,0.012347217033228275
2026-08-27,AES,2026-08-28,completed,stall,,14.729999542236328,14.75,False,False,-0.0013559632382150744,-0.0022694869107554583,0.0009135236725403839
2026-08-27,VTR,2026-08-28,completed,stall,,91.80999755859375,93.83000183105469,False,False,-0.01162667497202119,-0.0022694869107554583,-0.009357188061265731
2026-08-27,AIZ,2026-08-28,completed,neutral,,284.7699890136719,287.33207888981605,False,False,0.000840778316821611,-0.0022694869107554583,0.0031102652275770692
2026-08-27,ALL,2026-08-28,completed,neutral,,259.4999694824219,260.1572376495924,False,False,0.011489758649763315,-0.0022694869107554583,0.013759245560518774
2026-08-27,DXCM,2026-08-28,completed,neutral,,90.81999969482422,90.83999633789062,False,False,0.01713516366456669,-0.0022694869107554583,0.019404650575322147
2026-08-27,EXE,2026-08-28,completed,neutral,,98.16000366210938,99.43000030517578,False,True,0.0016326904296875,-0.0022694869107554583,0.0039021773404429583
2026-08-27,HD,2026-08-28,completed,neutral,,327.7745361328125,329.1841313242223,False,False,0.004808159623228114,-0.0022694869107554583,0.007077646533983573
2026-08-27,DECK,2026-08-28,completed,neutral,,87.76000213623047,88.66999816894531,False,False,0.016564349297411685,-0.0022694869107554583,0.018833836208167143
2026-08-27,CPT,2026-08-28,completed,neutral,,106.3499984741211,106.55999755859375,False,False,0.005293482878792055,-0.0022694869107554583,0.007562969789547513
2026-08-27,AXP,2026-08-28,completed,stall,,333.20001220703125,336.55999755859375,False,False,-0.0028728496664993664,-0.0022694869107554583,-0.0006033627557439081
2026-08-27,PSX,2026-08-28,completed,neutral,,244.00999450683594,244.66000366210938,False,True,0.017513852595807622,-0.0022694869107554583,0.01978333950656308
2026-08-27,MDT,2026-08-28,completed,neutral,,91.2300033569336,91.55999755859375,False,False,0.014004691776535516,-0.0022694869107554583,0.016274178687290974
2026-08-27,FANG,2026-08-28,completed,stall,,197.6699981689453,202.39999389648438,False,False,-0.014213076215793041,-0.0022694869107554583,-0.011943589305037583
2026-08-27,HIG,2026-08-28,completed,neutral,,137.94488525390625,138.27344580039292,False,False,0.0054426336933024455,-0.0022694869107554583,0.007712120604057904
2026-08-27,UNH,2026-08-28,completed,stall,,390.5451965332031,394.3119802653936,False,False,-0.005315730664050111,-0.0022694869107554583,-0.003046243753294653
2026-08-27,SW,2026-08-28,completed,stall,,48.290000915527344,49.43000030517578,False,False,-0.0069915719745030636,-0.0022694869107554583,-0.004722085063747605
2026-08-27,XOM,2026-08-28,completed,neutral,,156.7100067138672,157.4199981689453,False,False,0.0017259285876198849,-0.0022694869107554583,0.003995415498375343
2026-08-27,WAT,2026-08-28,completed,stall,,414.69000244140625,422.5,False,False,-0.015596085960958184,-0.0022694869107554583,-0.013326599050202725
2026-08-27,MLM,2026-08-28,completed,neutral,,530.1900024414062,535.4015808307885,False,False,0.004653847603983907,-0.0022694869107554583,0.0069233345147393655
2026-08-27,MPC,2026-08-28,completed,continuation,,368.8299865722656,369.1199951171875,True,True,0.014551295326522773,-0.0022694869107554583,0.01682078223727823
2026-08-27,ED,2026-08-28,completed,neutral,,107.48999786376953,107.72000122070312,False,False,0.0074983166562643255,-0.0022694869107554583,0.009767803567019784
2026-08-27,SYK,2026-08-28,completed,neutral,,330.69000244140625,332.7200012207031,False,False,0.02660501506930979,-0.0022694869107554583,0.028874501980065248
2026-08-27,CVX,2026-08-28,completed,neutral,,201.86000061035156,202.24000549316406,False,False,0.01046201278065828,-0.0022694869107554583,0.012731499691413739
2026-08-27,O,2026-08-28,completed,neutral,,61.70899963378906,61.93799353137632,False,False,0.0029125837393400023,-0.0022694869107554583,0.0051820706500954605
2026-08-27,SYF,2026-08-28,completed,stall,,78.05000305175781,80.88999938964844,False,False,-0.023520546055799674,-0.0022694869107554583,-0.021251059145044215
2026-08-27,SBUX,2026-08-28,completed,neutral,,107.8499984741211,108.69999694824219,False,False,0.005500618367891397,-0.0022694869107554583,0.007770105278646855
2026-08-27,WRB,2026-08-28,completed,neutral,,68.34221649169922,68.83151425458105,False,False,0.0014633308670579659,-0.0022694869107554583,0.003732817777813424
2026-09-03,CRM,2026-09-04,completed,stall,,258.7747497558594,263.1370702625856,False,False,-0.01966489876728761,-0.0038542322600894074,-0.0158106665071982
2026-09-03,VEEV,2026-09-04,completed,stall,,275.0899963378906,279.8599853515625,False,False,-0.03266758698013983,-0.0038542322600894074,-0.02881335472005042
2026-09-03,SNPS,2026-09-04,completed,stall,,393.8399963378906,418.1199951171875,False,False,-0.05397420516556428,-0.0038542322600894074,-0.050119972905474874
2026-09-03,TYL,2026-09-04,completed,stall,,364.0299987792969,380.8699951171875,False,False,-0.04018243118578424,-0.0038542322600894074,-0.03632819892569483
2026-09-03,WMB,2026-09-04,completed,neutral,,73.61541748046875,73.89339761004119,False,False,0.0013504696548025663,-0.0038542322600894074,0.005204701914891974
2026-09-03,GEN,2026-09-04,completed,stall,,30.649999618530273,31.1299991607666,False,False,-0.021704446435738878,-0.0038542322600894074,-0.01785021417564947
2026-09-03,HPQ,2026-09-04,completed,continuation,,32.32585144042969,32.464503387615736,True,True,0.022236156520557993,-0.0038542322600894074,0.0260903887806474
2026-09-03,KEYS,2026-09-04,completed,continuation,,327.2099914550781,329.79998779296875,True,True,0.014227253137931939,-0.0038542322600894074,0.018081485398021346
2026-09-03,PODD,2026-09-04,completed,stall,,147.47999572753906,150.55999755859375,False,False,-0.02058710363806293,-0.0038542322600894074,-0.016732871377973524
2026-09-03,QCOM,2026-09-04,completed,neutral,,168.74000549316406,170.6300048828125,False,True,0.0010084722166401328,-0.0038542322600894074,0.00486270447672954
2026-09-03,NOW,2026-09-04,completed,stall,,141.25999450683594,145.25999450683594,False,False,-0.029741066968677288,-0.0038542322600894074,-0.02588683470858788
2026-09-03,CDW,2026-09-04,completed,stall,,152.3800048828125,154.1199951171875,False,False,-0.010005154005020778,-0.0038542322600894074,-0.00615092174493137
2026-09-03,BKR,2026-09-04,completed,stall,,63.5,63.7400016784668,False,False,-0.002199864723305023,-0.0038542322600894074,0.0016543675367843846
2026-09-03,LHX,2026-09-04,completed,stall,,256.45001220703125,259.7799987792969,False,False,-0.01701867527352241,-0.0038542322600894074,-0.013164443013433003
2026-09-03,APD,2026-09-04,completed,stall,,301.2699890136719,304.3999938964844,False,False,-0.009696969940155564,-0.0038542322600894074,-0.005842737680066157
2026-09-03,CVX,2026-09-04,completed,stall,,208.60000610351562,209.86000061035156,False,False,-0.012871479871425229,-0.0038542322600894074,-0.009017247611335821
2026-09-03,MCK,2026-09-04,completed,stall,,907.989990234375,921.0900268554688,False,False,-0.014532564823935501,-0.0038542322600894074,-0.010678332563846094
2026-09-03,PTC,2026-09-04,completed,stall,,141.02000427246094,147.72999572753906,False,False,-0.06036778683406874,-0.0038542322600894074,-0.05651355457397933
2026-09-10,DELL,2026-09-11,completed,continuation,,567.2899780273438,567.75,True,True,0.11975441848899493,0.008524301461116268,0.11123011702787866
2026-09-10,DE,2026-09-11,completed,stall,,675.739990234375,692.6900024414062,False,True,-0.003245142931687983,0.008524301461116268,-0.011769444392804251
2026-09-10,MRNA,2026-09-11,completed,neutral,,143.97000122070312,149.73399353027344,False,True,0.05379890474458793,0.008524301461116268,0.04527460328347166
2026-09-10,BBY,2026-09-11,completed,continuation,,89.85713958740234,90.42122042904506,True,True,0.030764108953805103,0.008524301461116268,0.022239807492688835
2026-09-10,CF,2026-09-11,completed,stall,,133.07000732421875,136.88999938964844,False,False,-0.015098758618290686,0.008524301461116268,-0.023623060079406955
2026-09-10,MDT,2026-09-11,completed,stall,,90.95999908447266,93.0,False,False,-0.007203707076225752,0.008524301461116268,-0.01572800853734202
2026-09-10,JBHT,2026-09-11,completed,neutral,,270.45001220703125,271.5,False,False,0.009782420812162185,0.008524301461116268,0.0012581193510459165
2026-09-10,VLO,2026-09-11,completed,neutral,,390.4200134277344,399.260009765625,False,True,0.012946633232434168,0.008524301461116268,0.0044223317713179
2026-09-10,TSLA,2026-09-11,completed,neutral,,365.44000244140625,368.6600036621094,False,False,0.0051710993933249405,0.008524301461116268,-0.0033532020677913277
2026-09-10,DLR,2026-09-11,completed,neutral,,187.29571533203125,188.29883147267446,False,False,0.017316728431416184,0.008524301461116268,0.008792426970299916
2026-09-10,HPQ,2026-09-11,completed,continuation,,35.47999954223633,36.22999954223633,True,True,0.08402077722155998,0.008524301461116268,0.07549647576044372
2026-09-10,BNY,2026-09-11,completed,neutral,,162.66000366210938,165.22999572753906,False,True,0.000430575839815317,0.008524301461116268,-0.008093725621300951
2026-09-10,FE,2026-09-11,completed,stall,,46.130001068115234,46.58000183105469,False,False,-0.0025945715002111402,0.008524301461116268,-0.011118872961327408
2026-09-10,GEV,2026-09-11,completed,neutral,,957.27001953125,962.2100219726562,False,False,0.03610746431622314,0.008524301461116268,0.02758316285510687
2026-09-10,MOS,2026-09-11,completed,stall,,25.190000534057617,25.979999542236328,False,False,-0.008267680615217543,0.008524301461116268,-0.01679198207633381
2026-09-10,PSX,2026-09-11,completed,neutral,,259.4700012207031,265.42999267578125,False,True,0.003713556221472736,0.008524301461116268,-0.004810745239643532
2026-09-10,NEE,2026-09-11,completed,stall,,82.30999755859375,83.27999877929688,False,False,-0.0015769635973130747,0.008524301461116268,-0.010101265058429343
2026-09-10,EXC,2026-09-11,completed,stall,,43.15999984741211,43.84000015258789,False,False,-0.005300750068486959,0.008524301461116268,-0.013825051529603227
2026-09-10,CRM,2026-09-11,completed,neutral,,247.2849578857422,250.1099896964979,False,False,0.01942388886652302,0.008524301461116268,0.010899587405406752
2026-09-10,VST,2026-09-11,completed,neutral,,148.1374053955078,148.83625785732886,False,False,0.009044608469198412,0.008524301461116268,0.0005203070080821437
2026-09-10,FANG,2026-09-11,completed,stall,,204.97000122070312,205.07000732421875,False,False,-0.002044881299933854,0.008524301461116268,-0.010569182761050122
2026-09-10,WMT,2026-09-11,completed,neutral,,107.1500015258789,107.20999908447266,False,True,0.013430418271638045,0.008524301461116268,0.004906116810521777
2026-09-10,MPC,2026-09-11,completed,neutral,,395.92999267578125,409.1099853515625,False,True,0.00894444505362424,0.008524301461116268,0.00042014359250797106
2026-09-10,UAL,2026-09-11,completed,neutral,,109.81999969482422,110.7699966430664,False,True,0.0312705596568299,0.008524301461116268,0.02274625819571363
2026-09-10,EVRG,2026-09-11,completed,neutral,,81.62000274658203,82.05000305175781,False,False,0.0031956997822022437,0.008524301461116268,-0.0053286016789140245
2026-09-10,BE,2026-09-11,completed,neutral,,275.75,277.2799987792969,False,False,0.06677244929281478,0.008524301461116268,0.058248147831698516
2026-09-10,IQV,2026-09-11,completed,neutral,,261.7699890136719,262.8900146484375,False,False,0.01737272224163422,0.008524301461116268,0.008848420780517952
2026-09-10,INCY,2026-09-11,completed,stall,,121.47000122070312,124.3499984741211,False,False,-0.014682005000941967,0.008524301461116268,-0.023206306462058235
2026-09-10,EOG,2026-09-11,completed,stall,,147.36000061035156,148.0399932861328,False,False,-0.0006781913668950645,0.008524301461116268,-0.009202492828011333
2026-09-10,DVN,2026-09-11,completed,continuation,,49.90678405761719,49.91672183300078,True,True,0.004198320119299437,0.008524301461116268,-0.004325981341816831
2026-09-10,Q,2026-09-11,completed,neutral,,126.4000015258789,127.16000366210938,False,True,0.02497568795553562,0.008524301461116268,0.01645138649441935
2026-09-10,NEM,2026-09-11,completed,neutral,,126.80999755859375,129.25999450683594,False,False,0.005311544095348175,0.008524301461116268,-0.003212757365768093
2026-09-10,ADM,2026-09-11,completed,stall,,86.72000122070312,88.04000091552734,False,False,-0.002186197599817641,0.008524301461116268,-0.010710499060933909
2026-09-10,JCI,2026-09-11,completed,neutral,,145.6023712158203,146.6394763176786,False,True,0.022407425126167002,0.008524301461116268,0.013883123665050734
2026-09-10,RSG,2026-09-11,completed,neutral,,222.74000549316406,223.97000122070312,False,False,0.007508610676500327,0.008524301461116268,-0.0010156907846159413
2026-09-10,USB,2026-09-11,completed,neutral,,62.84000015258789,63.36000061035156,False,True,0.006889926393640389,0.008524301461116268,-0.0016343750674758795
2026-09-10,AWK,2026-09-11,completed,stall,,137.69000244140625,140.9499969482422,False,False,-0.015374670715017857,0.008524301461116268,-0.023898972176134126
2026-09-10,OKE,2026-09-11,completed,neutral,,96.62000274658203,97.19000244140625,False,False,0.009402439557055109,0.008524301461116268,0.0008781380959388407
2026-09-10,COR,2026-09-11,completed,neutral,,321.57000732421875,325.1300048828125,False,False,0.0019317497853452714,0.008524301461116268,-0.006592551675770997
2026-09-10,LUV,2026-09-11,completed,neutral,,39.2400016784668,39.66999816894531,False,True,0.014215638957870924,0.008524301461116268,0.005691337496754656
2026-09-10,EME,2026-09-11,completed,continuation,,780.6599731445312,782.5999755859375,True,True,0.04320280533502374,0.008524301461116268,0.034678503873907474
2026-09-10,CAT,2026-09-11,completed,neutral,,818.5700073242188,826.0,False,False,0.016857151955551153,0.008524301461116268,0.008332850494434885
2026-09-10,NI,2026-09-11,completed,stall,,41.40999984741211,41.900001525878906,False,False,-0.00024138874879764405,0.008524301461116268,-0.008765690209913912
2026-09-10,DAL,2026-09-11,completed,neutral,,79.91000366210938,80.2300033569336,False,True,0.021344655469541784,0.008524301461116268,0.012820354008425516
2026-09-10,PFE,2026-09-11,completed,neutral,,27.719999313354492,27.850000381469727,False,False,0.0025316345674488705,0.008524301461116268,-0.005992666893667398
2026-09-10,GNRC,2026-09-11,completed,neutral,,186.99000549316406,189.4199981689453,False,False,0.029283906962289885,0.008524301461116268,0.020759605501173617
2026-09-10,CNP,2026-09-11,completed,stall,,39.11000061035156,39.5099983215332,False,False,-0.00025558082326671006,0.008524301461116268,-0.008779882284382978
2026-09-10,MET,2026-09-11,completed,continuation,,97.13999938964844,98.25,True,True,0.0037197831668971393,0.008524301461116268,-0.004804518294219129
2026-09-10,AES,2026-09-11,completed,stall,,14.789999961853027,14.829999923706055,False,False,-0.0006756911319566461,0.008524301461116268,-0.009199992593072914
2026-09-10,BIIB,2026-09-11,completed,neutral,,217.14999389648438,219.75999450683594,False,True,0.00798403787392643,0.008524301461116268,-0.0005402635871898376
2026-09-10,ALGN,2026-09-11,completed,neutral,,150.82000732421875,153.8699951171875,False,False,0.0006635224436415399,0.008524301461116268,-0.007860779017474728
2026-09-10,STT,2026-09-11,completed,neutral,,193.39999389648438,194.52000427246094,False,False,0.01097747418309436,0.008524301461116268,0.002453172721978092
2026-09-10,PGR,2026-09-11,completed,neutral,,217.6199951171875,218.36000061035156,False,False,0.006614518061115238,0.008524301461116268,-0.0019097834000010305
2026-09-10,AEE,2026-09-11,completed,stall,,104.9000015258789,105.94000244140625,False,False,-0.0004763737381330291,0.008524301461116268,-0.009000675199249297
2026-09-17,FICO,2026-09-18,completed,stall,,949.6799926757812,970.4600219726562,False,False,-0.017199622609069487,0.0012869590529585029,-0.01848658166202799
2026-09-17,WRB,2026-09-18,completed,stall,,69.88999938964844,70.25947349340709,False,False,-0.0015691520638813072,0.0012869590529585029,-0.00285611111683981
2026-09-17,ELV,2026-09-18,completed,stall,,410.95001220703125,415.3599853515625,False,False,-0.007990145031055329,0.0012869590529585029,-0.009277104084013832
2026-09-17,META,2026-09-18,completed,stall,,665.2250366210938,689.6058209010791,False,True,-0.02427048441238755,0.0012869590529585029,-0.025557443465346052
2026-09-17,KR,2026-09-18,completed,stall,,60.0,61.0,False,False,-0.012345679012345734,0.0012869590529585029,-0.013632638065304237
2026-09-17,TSN,2026-09-18,completed,neutral,,52.77000045776367,53.40999984741211,False,True,0.009758939009003598,0.0012869590529585029,0.008471979956045095
2026-09-17,XYL,2026-09-18,completed,stall,,107.55999755859375,108.26000213623047,False,False,-0.00037175572578618254,0.0012869590529585029,-0.0016587147787446854
2026-09-17,DELL,2026-09-18,completed,stall,,568.0599975585938,595.510009765625,False,True,-0.03456836507735306,0.0012869590529585029,-0.03585532413031156
2026-09-17,HPQ,2026-09-18,completed,stall,,34.400001525878906,35.150001525878906,False,True,-0.007501394191512523,0.0012869590529585029,-0.008788353244471026
2026-09-17,TXT,2026-09-18,completed,stall,,79.69000244140625,81.43000030517578,False,False,-0.01507849666894101,0.0012869590529585029,-0.016365455721899513
2026-09-17,CHRW,2026-09-18,completed,stall,,152.99000549316406,153.85000610351562,False,False,-0.005395928952891205,0.0012869590529585029,-0.0066828880058497075
2026-09-17,ADSK,2026-09-18,completed,stall,,216.9499969482422,220.86000061035156,False,False,-0.007729612358781668,0.0012869590529585029,-0.00901657141174017
2026-09-17,CRWD,2026-09-18,completed,stall,,237.64999389648438,247.5030059814453,False,False,-0.03276354559114458,0.0012869590529585029,-0.034050504644103086
2026-09-17,EXR,2026-09-18,completed,stall,,136.7100067138672,139.5399932861328,False,True,-0.01668698903689525,0.0012869590529585029,-0.017973948089853753
2026-09-17,AAPL,2026-09-18,completed,stall,,336.1300048828125,338.489990234375,False,True,-0.0025815878848294282,0.0012869590529585029,-0.003868546937787931
2026-09-17,TKO,2026-09-18,completed,stall,,189.25999450683594,190.07000732421875,False,False,-0.0002113499433538113,0.0012869590529585029,-0.0014983089963123142
2026-09-17,GOOGL,2026-09-18,completed,continuation,,349.5400085449219,359.44000244140625,True,True,0.006362888486728613,0.0012869590529585029,0.00507592943377011
2026-09-17,LULU,2026-09-18,completed,stall,,98.05999755859375,100.91999816894531,False,True,-0.013381646435478345,0.0012869590529585029,-0.014668605488436848
2026-09-17,EG,2026-09-18,completed,stall,,374.8500061035156,383.0400085449219,False,True,-0.013864014209637121,0.0012869590529585029,-0.015150973262595624
2026-09-17,NOC,2026-09-18,completed,neutral,,527.3900146484375,528.27001953125,False,False,0.0064694936038882656,0.0012869590529585029,0.005182534550929763
2026-09-17,PANW,2026-09-18,completed,stall,,363.5799865722656,376.010009765625,False,False,-0.030608465475006175,0.0012869590529585029,-0.03189542452796468
2026-09-17,RDDT,2026-09-18,completed,stall,,150.85000610351562,154.10000610351562,False,False,-0.012955543439225004,0.0012869590529585029,-0.014242502492183506
2026-09-17,ECHO,2026-09-18,completed,stall,,93.45999908447266,94.44000244140625,False,False,-0.0065901651202707745,0.0012869590529585029,-0.007877124173229277
2026-09-17,AKAM,2026-09-18,completed,stall,,104.5199966430664,107.25,False,False,-0.023907407024771343,0.0012869590529585029,-0.025194366077729846
2026-09-17,GOOG,2026-09-18,completed,neutral,,344.4100036621094,355.1300048828125,False,True,0.002124100913307503,0.0012869590529585029,0.000837141860349
2026-09-17,ADM,2026-09-18,completed,stall,,85.18000030517578,87.93000030517578,False,False,-0.03303435297639068,0.0012869590529585029,-0.03432131202934918
2026-09-17,ITW,2026-09-18,completed,neutral,,269.4200134277344,270.260009765625,False,False,0.007139933431959511,0.0012869590529585029,0.005852974379001008
2026-09-17,L,2026-09-18,completed,stall,,107.7699966430664,108.43000030517578,False,False,-0.005444850165761239,0.0012869590529585029,-0.006731809218719742
2026-09-17,PEP,2026-09-18,completed,stall,,129.75,132.3000030517578,False,False,-0.02925335594029921,0.0012869590529585029,-0.03054031499325771
2026-09-17,VRSN,2026-09-18,completed,neutral,,303.1199951171875,307.20001220703125,False,True,0.0035424842491704744,0.0012869590529585029,0.0022555251962119716
2026-09-17,PM,2026-09-18,completed,stall,,188.6199951171875,191.0,False,False,-0.009764808127211921,0.0012869590529585029,-0.011051767180170424
2026-09-17,EIX,2026-09-18,completed,stall,,55.310001373291016,55.54999923706055,False,False,-0.003423398679441192,0.0012869590529585029,-0.004710357732399695
2026-09-17,NVR,2026-09-18,completed,stall,,6150.47021484375,6250.0,False,False,-0.014699837383772452,0.0012869590529585029,-0.015986796436730955
2026-09-17,VRSK,2026-09-18,completed,stall,,175.41000366210938,178.3699951171875,False,False,-0.006062965159414513,0.0012869590529585029,-0.007349924212373016
2026-09-17,GD,2026-09-18,completed,stall,,353.04998779296875,355.7200012207031,False,False,-0.00814727999609044,0.0012869590529585029,-0.009434239049048943
2026-09-17,BBY,2026-09-18,completed,stall,,92.8499984741211,94.52999877929688,False,False,-0.018083747130101857,0.0012869590529585029,-0.01937070618306036
2026-09-17,AMT,2026-09-18,completed,stall,,173.97999572753906,175.57000732421875,False,False,-0.009112689866897061,0.0012869590529585029,-0.010399648919855564
2026-09-17,MDLZ,2026-09-18,completed,stall,,60.849998474121094,61.75,False,False,-0.019181212505566148,0.0012869590529585029,-0.02046817155852465
2026-09-17,HSY,2026-09-18,completed,neutral,,169.7899932861328,170.49000549316406,False,False,0.008673388220737044,0.0012869590529585029,0.007386429167778541
2026-09-17,TECH,2026-09-18,completed,stall,,72.37000274658203,72.44000244140625,False,False,-0.0005524225038573416,0.0012869590529585029,-0.0018393815568158445
2026-09-17,ABBV,2026-09-18,completed,stall,,263.9599914550781,266.3399963378906,False,True,-0.00022724627335179992,0.0012869590529585029,-0.0015142053263103028
2026-09-17,NWSA,2026-09-18,completed,stall,,29.780000686645508,30.219999313354492,False,False,-0.013253797696671121,0.0012869590529585029,-0.014540756749629624
2026-09-17,CTAS,2026-09-18,completed,stall,,197.63999938964844,198.89999389648438,False,False,-0.0016165251230835231,0.0012869590529585029,-0.002903484176042026
2026-09-17,EVRG,2026-09-18,completed,stall,,79.77999877929688,80.80000305175781,False,False,-0.013112291026872724,0.0012869590529585029,-0.014399250079831227
2026-09-17,TSLA,2026-09-18,completed,stall,,364.2699890136719,370.8999938964844,False,False,-0.005270407233815777,0.0012869590529585029,-0.00655736628677428
2026-09-17,TXN,2026-09-18,completed,neutral,,266.6400146484375,268.2799987792969,False,True,0.03292786672990711,0.0012869590529585029,0.031640907676948604
2026-09-17,CL,2026-09-18,completed,stall,,87.47000122070312,87.7300033569336,False,False,-0.002963662672764711,0.0012869590529585029,-0.004250621725723214
2026-09-17,DAL,2026-09-18,completed,neutral,,79.62000274658203,80.33000183105469,False,False,0.002392074035959313,0.0012869590529585029,0.00110511498300081
2026-09-17,BDX,2026-09-18,completed,stall,,180.94000244140625,182.6199951171875,False,False,-0.0024258596844262126,0.0012869590529585029,-0.0037128187373847155
2026-09-17,CINF,2026-09-18,completed,stall,,168.04202270507812,169.14573127174882,False,False,-0.005297228456977221,0.0012869590529585029,-0.006584187509935724
2026-09-17,IQV,2026-09-18,completed,stall,,266.4200134277344,269.45001220703125,False,False,-0.011208391427804498,0.0012869590529585029,-0.012495350480763001
2026-09-17,CDW,2026-09-18,completed,stall,,146.19000244140625,149.1999969482422,False,False,-0.02017422632977739,0.0012869590529585029,-0.021461185382735892
2026-09-17,FAST,2026-09-18,completed,stall,,49.0099983215332,49.290000915527344,False,False,-0.003456730024149368,0.0012869590529585029,-0.004743689077107871
2026-09-17,MDT,2026-09-18,completed,stall,,92.12999725341797,93.02999877929688,False,False,-0.006898775604259666,0.0012869590529585029,-0.008185734657218169
2026-09-17,AIZ,2026-09-18,completed,stall,,282.2300109863281,284.760009765625,False,False,-0.005567057488661709,0.0012869590529585029,-0.0068540165416202115
2026-09-17,FLEX,2026-09-18,completed,stall,,108.51000213623047,109.63999938964844,False,False,-0.004677990483761163,0.0012869590529585029,-0.005964949536719666
2026-09-17,IEX,2026-09-18,completed,neutral,,223.72000122070312,223.8699951171875,False,False,0.008247338032757012,0.0012869590529585029,0.006960378979798509
2026-09-17,DUK,2026-09-18,completed,stall,,117.52999877929688,118.0199966430664,False,False,-0.008520348645434939,0.0012869590529585029,-0.009807307698393442
2026-09-24,WBD,2026-09-25,pending,,,,,,,,,
2026-09-24,SWKS,2026-09-25,pending,,,,,,,,,
2026-09-24,CIEN,2026-09-25,pending,,,,,,,,,
2026-09-24,QCOM,2026-09-25,pending,,,,,,,,,
2026-09-24,AMD,2026-09-25,pending,,,,,,,,,
2026-09-24,DXCM,2026-09-25,pending,,,,,,,,,
2026-09-24,COIN,2026-09-25,pending,,,,,,,,,
2026-09-24,FFIV,2026-09-25,pending,,,,,,,,,
2026-09-24,CRWD,2026-09-25,pending,,,,,,,,,
2026-09-24,INTC,2026-09-25,pending,,,,,,,,,
2026-09-24,TJX,2026-09-25,pending,,,,,,,,,
2026-09-24,HON,2026-09-25,pending,,,,,,,,,
2026-09-24,DELL,2026-09-25,pending,,,,,,,,,
2026-09-24,ETN,2026-09-25,pending,,,,,,,,,
2026-09-24,GEV,2026-09-25,pending,,,,,,,,,
2026-09-24,HOOD,2026-09-25,pending,,,,,,,,,
2026-09-24,IP,2026-09-25,pending,,,,,,,,,
2026-09-24,WDC,2026-09-25,pending,,,,,,,,,
2026-09-24,STX,2026-09-25,pending,,,,,,,,,
2026-09-24,DLR,2026-09-25,pending,,,,,,,,,
2026-09-24,LITE,2026-09-25,pending,,,,,,,,,
2026-09-24,GILD,2026-09-25,pending,,,,,,,,,
2026-09-24,LRCX,2026-09-25,pending,,,,,,,,,
2026-09-24,FTNT,2026-09-25,pending,,,,,,,,,
2026-09-24,NDAQ,2026-09-25,pending,,,,,,,,,
2026-09-24,KMI,2026-09-25,pending,,,,,,,,,
2026-09-24,TXN,2026-09-25,pending,,,,,,,,,
2026-09-24,ANET,2026-09-25,pending,,,,,,,,,
2026-09-24,INCY,2026-09-25,pending,,,,,,,,,
2026-09-24,ISRG,2026-09-25,pending,,,,,,,,,
2026-09-24,FLEX,2026-09-25,pending,,,,,,,,,
2026-09-24,COHR,2026-09-25,pending,,,,,,,,,
2026-09-24,IRM,2026-09-25,pending,,,,,,,,,
2026-09-24,TER,2026-09-25,pending,,,,,,,,,
2026-09-24,AMAT,2026-09-25,pending,,,,,,,,,
2026-09-24,SNPS,2026-09-25,pending,,,,,,,,,
2026-09-24,VRT,2026-09-25,pending,,,,,,,,,
2026-09-24,Q,2026-09-25,pending,,,,,,,,,
2026-09-24,JCI,2026-09-25,pending,,,,,,,,,
2026-09-24,HPE,2026-09-25,pending,,,,,,,,,
2026-09-24,WAT,2026-09-25,pending,,,,,,,,,
2026-09-24,TEL,2026-09-25,pending,,,,,,,,,
2026-09-24,VTRS,2026-09-25,pending,,,,,,,,,
2026-09-24,MCHP,2026-09-25,pending,,,,,,,,,
2026-09-24,TDY,2026-09-25,pending,,,,,,,,,
2026-09-24,DD,2026-09-25,pending,,,,,,,,,
2026-09-24,IBKR,2026-09-25,pending,,,,,,,,,
2026-09-24,KLAC,2026-09-25,pending,,,,,,,,,
2026-09-24,SMCI,2026-09-25,pending,,,,,,,,,
2026-09-24,GLW,2026-09-25,pending,,,,,,,,,
2026-09-24,HUBB,2026-09-25,pending,,,,,,,,,
2026-09-24,PKG,2026-09-25,pending,,,,,,,,,
2026-09-24,SNDK,2026-09-25,pending,,,,,,,,,
2026-09-24,NTAP,2026-09-25,pending,,,,,,,,,
2026-09-24,ADI,2026-09-25,pending,,,,,,,,,
2026-09-24,CAT,2026-09-25,pending,,,,,,,,,
2026-09-24,EMR,2026-09-25,pending,,,,,,,,,
2026-09-24,TSLA,2026-09-25,pending,,,,,,,,,
2026-09-24,URI,2026-09-25,pending,,,,,,,,,
2026-09-24,EQIX,2026-09-25,pending,,,,,,,,,
2026-09-24,DDOG,2026-09-25,pending,,,,,,,,,
2026-09-24,FIX,2026-09-25,pending,,,,,,,,,
2026-09-24,AME,2026-09-25,pending,,,,,,,,,
2026-09-24,PH,2026-09-25,pending,,,,,,,,,
2026-09-24,PODD,2026-09-25,pending,,,,,,,,,
